video_id,video_url,title,description,channel,published_date,views,likes,comments_count
HoBrz6XCfIo,https://www.youtube.com/watch?v=HoBrz6XCfIo,COVILHÃ -  BOA PARA O IMIGRANTE RECOMEÇAR? | Castelo Branco #conhecendoportugal ep13,"Conheça Covilhã, a entrada Sul da Serra da Estrela, uma cidade em desenvolvimento no centro de Portugal com faculdade de Medicina. 

📧 𝐂𝐨𝐧𝐭𝐚𝐭𝐨:
👉Quer fazer relocation, comprar ou vender um imóvel? Me chama no Whats!
https://bit.ly/3nvw9nu
📲Também pode me ligar 
PT +351 939 799 865
 
📧 E-mail para parcerias : 
canal2emportugal@gmail.com

🔔 Álvaro Junior: 
✓ Instagram  → @_alvarojunior_
🔔 Alinne Ribeiro: 
✓ Instagram  →  @aalinne__

💡 𝗔𝗽𝗼𝗶𝗲 𝗻𝗼𝘀𝘀𝗼 𝗰𝗮𝗻𝗮𝗹:
👉Seja um padrinho ou madrinha desse canal:
https://www.youtube.com/channel/UCauWhPRx_KczX4nOs3rofLw/join

  **Links Úteis**
👉Vagas de emprego em Covilhã:
https://www.net-empregos.com/covilha/

👉 Universidades de Covilhã :
https://www.ubi.pt/



______________________

Outros vídeos que você pode gostar 😉

▶ MORADIA GIGANTE COM VISTAS PARA O PORTO EM GAIA - PORTUGAL
https://youtu.be/RflV-1VeaE4
 

▶ A NOSSA EXPERIÊNCIA COM O VISTO D7 PARA PORTUGAL - PASSO A PASSO
https://youtu.be/B_LBzCnfFME
  


▶ INCRÍVEL - MORADIA COM BOSQUE PRIVADO EM PORTUGAL
  https://youtu.be/Kl08PtQ_MNk

______________________

Sobre o canal 👇

Quer ver imóveis em Portugal? Então se inscreve no canal! Nele eu e a produção (minha esposa) apresentamos casas, apartamentos e imóveis comerciais no focados no norte de Portugal . Aqui também dou dicas sobre Portugal e suas cidades, investimento imobiliário, imigração, custo de vida, vistos e muito mais.


Um abraço pessoal,
Álvaro e produção",2 em Portugal,2023-12-17T08:00:07Z,57509,4042,556
S9CK26mIsCI,https://www.youtube.com/watch?v=S9CK26mIsCI,É fácil conseguir trabalho na Covilhã? P1 #moraremportugal #portugal #covilha #trabalhoemportugal,,Jeff e Karine Vida em Portugal ,2023-12-20T10:47:40Z,3769,152,19
QRc9diHidLE,https://www.youtube.com/watch?v=QRc9diHidLE,Covilhã: A Mountain City Steeped in History | Portugal,"Walking tour through Covilhã, a mountain city at the edge of Serra da Estrela, Portugal's highest mountain range. Once one of Europe's largest textile manufacturing centers, Covilhã is now a mix of history, street art, and beautiful landscapes. Covilhã sits at an altitude of approximately 700 meters (2300 ft).
#covilhã #portugal

🎦 Serra da Estrela with snow: https://youtu.be/cK9v1ihNE5M
🌎 Map with the locations of _ALL_ my videos: https://bit.ly/3tRK6NC

▬▬▬▬▬▬▬▬▬▬▬▬▬   🤗 *Support the channel* 🤗

▶️ To support the channel, you can 'Buy Me a Coffee' ☕ at *https://www.BuyMeACoffee.com/POVTours*

▶️ If you enjoy my videos and want to keep the channel alive, please consider helping the channel. Filming these videos all over Portugal is costly, and I don't have sponsorships or paid promotions. Every little bit helps, thank you so much! ♥️

▬▬▬▬▬▬▬▬▬▬▬▬▬   ⌚ *Video chapters* ⌚

0:00 Intro to Covilhã
1:06 Start of the walk
11:29 Main square

▬▬▬▬▬▬▬▬▬▬▬▬▬   📷 *About POV Tours* 📷

POV Tours - Portugal is a channel for those who want to see the wonders of Portugal and learn more about the country's history, through relaxing tours on foot, by car, boat, train, etc. Cities, remote villages, historical monuments, beaches and much more. My videos are shot from a first-person perspective to be as immersive as possible. All the videos include subtitles that provide detailed information and the history of each location I film. My name is Miguel. 👋",POV Tours - Portugal in 4K,2025-04-06T12:00:37Z,16553,750,105
u1qS-ZhGD7U,https://www.youtube.com/watch?v=u1qS-ZhGD7U,EPI1 - Covilhã é uma boa opção para o ano todo! | Portugal Convida Inverno,"Este é o primeiro vídeo da Temporada Inverno da série Portugal Convida! 

Nesta temporada vamos encarar o frio e continuar a nossa viagem pelo país, descobrindo oportunidades e curiosidades.

E o nosso primeiro destino tinha que ser um dos pontos mais famosos na estação do frio: estamos à porta da Serra da Estrela, na Covilhã!

Estão animados?


00:00 - INÍCIO
00:28 - INTRODUÇÃO
01:21 - BELEZAS NATURAIS
01:42 - NEVE NA SERRA DA ESTRELA
02:03 - CHERRY SCULPTURE HOTEL - PAUL
03:02 - HISTÓRIA E CULTURA
03:41 - COVILHÃ - MUNICIPIO A TECER O FUTURO
04:04 - WOOL
04:31 - INVESTIMENTOS
06:00 - ENCERRAMENTO




Imagens e edição: @Pedablios",Adriana Vega,2024-01-23T19:00:07Z,5744,302,30
DCnZNXBqi0I,https://www.youtube.com/watch?v=DCnZNXBqi0I,Desertuna - Covilhã (Videoclip Oficial),"Com imagens da cidade da Covilhã, passando por pontos que marcam a visita de quem conhece, estuda ou vive na Cidade Neve, a Desertuna - Tuna Académica da Universidade da Beira Interior apresenta o videoclip oficial da música que dedica à cidade, que assim homenageia.

Para todos vocês, um original com arranjo da Desertuna, letra e música de Rodrigo ""Saxoman"" Raposo: Covilhã.

Filmagem e Edição: Out of Frame Productions

___________________________

Junta-te a nós nas redes sociais:
Facebook: https://www.facebook.com/Desertuna
Instagram: https://www.instagram.com/desertuna.taubi/
___________________________

Para mais informações podem entrar em contacto através do mail:
desertuna.taubi@gmail.com",Desertuna TAUBI,2020-05-09T20:00:12Z,129671,2676,82
_Rcr5R_iEpI,https://www.youtube.com/watch?v=_Rcr5R_iEpI,COVILHÃ é pra você morar em Portugal?🇵🇹 Serra da Estrela - Kist na Europa  🇧🇷,"Preparação para mudança para Portugal
https://moraremportugal.skist.eu/
Por que Escolher Covilhã para morar em Portugal?🇵🇹 Kist na Europa  🇧🇷 - Serra da Estrela. 
▬▬▬▬▬▬▬▬▬▬▬▬▬▬▬▬▬▬▬▬▬▬▬▬▬
ılı.lıllılı.ıllı.      DEIXA O LIKE E COMPARTILHE        ılı.lıllılı.ıllı.
▬▬▬▬▬▬▬▬▬▬▬▬▬▬▬▬▬▬▬▬▬▬▬▬▬
INSCREVA SEU E-MAIL 
neste formulário para receber informações e notificação de vídeos. 
https://forms.gle/UuLerMVGEbD2vinW8
Por que Escolher Covilhã para morar em Portugal?

Se você está em busca da tranquilidade de um lugar seguro e, além disso, pensa em fazer um curso de graduação, ou até mesmo um mestrado ou doutorado em Portugal, morar na Covilhã torna-se uma opção bem interessante.
 Neste vídeo você vai conhecer as vantagens e desvantagens de morar na cidade, vamos conhecer mais sobre Covilhã?
Você vai saber mais sobre a localização, o clima, gastronomia, educação, estrutura, mercado de trabalho e ao final vou mostrar o custo completo para morar no concelho, que já adianto que é surpreendente e terás uma ideia se o concelho é ideal para você ou não. 
População 0:46

Possuía 46457 habitantes em 2021, 26500 pessoas (-36%) a menos que 1960. 
Sua população é formada por jovens e pessoas de terceira idade, bem como famílias que escolheram esta como a cidade de morada – para investir na educação de seus filhos. 
Localização
O município está situado na Cova da Beira, na Beira Baixa, e faz parte do Distrito de Castelo Branco, no centro de Portugal e está a 23 quilômetros do Parque natural da Serra da Estrela. 
Fica a exatamente 2h30 de distância, tanto do Porto, ao norte, quanto de Lisboa, ao sul.  

Como chegar 

O concelho de Covilhã é servido atualmente por comboio e autocarros. 
Uma boa opção é pegar o comboio (trem) da estação Oriente em Lisboa até Covilhã por €17 a €24,55 , a duração da viagem pode variar de  3  e 30 minutos até 6 horas dependendo do tipo de comboio, urbano ou intercidades. 
De autocarro a viagem tem duração de 3 horas e 30 minutos e o valor pode variar de 5€ na promoção até 17,50€ no normal.  
De carro o trajeto é mais ou menos 2 h 30 min (260 km) via A23 e A1.
Já do Porto de carro são 2 h 30 min também (246 km) via A25
Como é morar 
A cidade é caminho para a famosa Serra da Estrela, nome dado à cadeia montanhosa com as maiores altitudes de Portugal Continental, destino de muitos turistas que desejam se encantar pela neve, nos meses de clima frio.  
Hoje Covilhã caracteriza-se por ser um município que progride junto com a Universidade da Beira Interior (UBI).
Morar na Covilhã é respirar o ar puro do interior, ter contato com a cultura da região, apreciar bons queijos e vinhos, ou seja, residir em um local acolhedor.
Clima 
O clima do município é mediterrânico, sendo que as precipitações são mais escassas no verão. Os Verões apresentam temperaturas altas, enquanto os Invernos são frios, com precipitação e de céu parcialmente encoberto. 
Mercado de trabalho 
Covilhã tem entre os principais atrativos a Universidade da Beira Interior (UBI). Dos oito mil alunos, 10% são brasileiros.
Possui o Centro público Hospitalar Universitário Cova da Beira e o Agrupamento de Centros de Saúde da Cova da Beira com 3 unidades de Saúde. 
Rede Escolar
Covilhã possui 26 instituições de ensino que são divididas em quatro agrupamentos. As escolas mais próximas do centro da cidade e dos polos da Universidade da Beira Interior são as instituições públicas que fazem parte do Agrupamento Escolar Pêro da Covilhã.

Custo de vida 
Estás gostando do conteúdo, faça a inscrição no canal e acione o sino para receber a notificação de novos vídeos. 
O custo de vida na Covilhã pode variar muito dependendo dos hábitos de consumo. Mas vamos, pelo menos, fazer algumas estimativas.  
Supermercado
Mas considere pelo menos de 100 a 150 euros por pessoa. 
Contas básicas
No que diz respeito aos serviços básicos, que envolvem eletricidade, aquecimento, água e lixo, por exemplo, para um apartamento de 85m², os custos vão de € 50,00 até € 100,00.  internet e telefone ficam na média de € 45,00 mensais.  
Comer fora
Transportes
Aluguel – Arrendamento 
Então vamos fazer uma projeção de valor médio do custo de vida na Covilhã para duas pessoas:
Total 845,00 € 
Gastronomia 
Vantagens 
• custo de vida é bem mais baixo 
• Segurança e qualidade de vida;
• Bons serviços;
• Com bares, cinema e shopping, a cidade também conta com escolas e universidade
• Paisagens de tirar o fôlego;
Desvantagens
• Distância dos grandes Centros e dos aeroportos;
• Frio do inverno – pode assustar muitas pessoas
Por que Escolher Covilhã para morar em Portugal? 00:00
População 00:45
Localização  01:11 
Como chegar em Covilhã  01:35 
Como é morar em Covilhã  02:24 
Clima em Covilhã 03:00
Mercado de trabalho 03:35 
Saúde  04:07 
Rede Escolar  04:46 
Custo de vida em Covilhã  05:17 
Supermercado 05:35 
Aluguel – Arrendamento  07:07 
Total de Custos para duas pessoas 07:44 
Gastronomia 08:14",Kist na Europa,2022-03-30T12:55:10Z,63168,3995,287
p4yvLak1IPo,https://www.youtube.com/watch?v=p4yvLak1IPo,Quanto está o Aluguel de Quartos e Imóveis na Covilhã em Portugal 2025? #108,"VLOG 108 - No vídeo de hoje queremos informar para você que pensa em morar na Covilhã em Portugal os valores dos quartos e imóveis e ficar atento aos golpes que dão na região.

LINKS NO COMENTÁRIO FIXADO.

Fique a vontade em comentar, o seu comentário é muito importante. 😀

AJUDE o canal a crescer compartilhe este vídeo!

Não clique aqui hein! https://tinyurl.com/53uwv377 👀

_____________________________________
Capitulos:

00:00 Introdução
03:25 Quartos para Estudantes e Trabalhadores
07:43 Valor do Aluguel dos Imóveis
13:35 Resumo Geral
17:43 LEMBRETE IMPORTANTE
20:03 Imobiliárias
25:17 Considerações Finais

_____________________________________
Transporte Público Covilhã e Fundão:

Covilhã Mobilidade (Transdev):
https://covilhamobilidade.pt/

Horários do Autocarro do Fundão:
https://atf.pt/Horarios.html

_____________________________________
Vídeos que você deve assistir se pensa em morar na Covilhã:

Custo de Vida no Interior de Portugal:
https://youtu.be/BXhVd4Ksg1Q

Tudo Sobre a Covilhã:
https://youtu.be/BVE2-yGA48g

_____________________________________
Bolsa de Empregos e Formação Profissional:

Associação Empresarial da Beira Baixa:
https://www.aebb.pt/

Instituto do Emprego e Formação Profissional:
https://iefponline.iefp.pt/IEFP/index2.jsp

_____________________________________
Links Úteis para sua estadia ou visita em Portugal:

Planilha Financeira 2024:
http://tinyurl.com/PlanilhaFinanceira2024

Onde pesquisar Trabalho na Covilhã:
https://tinyurl.com/BuscarTrabalhosCovilha

Onde encontrar imóveis na Covilhã:
https://tinyurl.com/LinksImoveisCovilha

Veja a média de valores dos imóveis pelo Idealista:
https://www.idealista.pt/arrendar-casas/castelo-branco/covilha/covilha/mapa-google

Lista das Empresas na Zona Industrial do Tortosendo:
https://tinyurl.com/ParqueIndustrialTortosendo

Lista das Empresas na Zona Industrial do Canhoso:
https://tinyurl.com/ParqueIndustrialCanhoso

_____________________________________
Supermecados para comparar preços Online:

Site do Supermercado Pingo Doce:
https://www.pingodoce.pt/

Site do Supermercado Continente:
https://www.continente.pt/

Site do Supermercado Auchan:
https://www.auchan.pt/

_____________________________________
Instagram:
https://www.instagram.com/karine.suzy
https://www.instagram.com/jeffisuh

Canal no Telegram com informações gratuitas:
https://t.me/MaeToEmPortugal

Grupo para Interação no Telegram:
https://t.me/MaeEstamosEmPortugal

_____________________________________
WISE (app de câmbio )
Transferir 500 euros sem tarifa é só acessar o link👇🏻

https://wise.com/invite/u/jeffersond489

_____________________________________

Deus em todo tempo é bom!

#portugal #brasileirosemportugal #moraremportugal #covilhã",Jeff e Karine Vida em Portugal ,2025-04-28T15:01:31Z,2491,213,41
dX-bZTOTWX4,https://www.youtube.com/watch?v=dX-bZTOTWX4,"A melhor cidade para se morar no Interior de Portugal, Covilhã . #brasileirosemportugal #portugal",,Narramundos,2023-03-01T18:16:20Z,4966,195,17
rc4vlLjNK1M,https://www.youtube.com/watch?v=rc4vlLjNK1M,Covilhã - Mercado Municipal e Zona Historica,Covilhã - Mercado Municipal e Zona Histórica,BM Drones,2019-02-17T22:50:02Z,1935,51,3
AW2yF33SBlI,https://www.youtube.com/watch?v=AW2yF33SBlI,Covilhã Cidade Neve,Vídeo drone sobre a zona centro dacidade da Covilhã,BM Drones,2017-10-09T20:23:27Z,14404,257,6
18PQmt01pQ0,https://www.youtube.com/watch?v=18PQmt01pQ0,Covilhã  🇵🇹 - Vale a Pena Conhecer!,"#portugal #covilhã #europa 

Espero que goste da mostra!

Muita Paz e Amor",Mostras do Benzane,2024-11-09T22:41:31Z,2094,131,26
uE8KgLIVzgM,https://www.youtube.com/watch?v=uE8KgLIVzgM,Meu filho foi morar em Covilhã por trabalho… e essa foi a realidade que ele encontrou ❄️🇵🇹,"▬▬▬▬▬▬▬▬▬ஜ۩۞۩ஜ▬▬▬▬▬▬▬▬▬▬
 ılı.lıllılı.ıllı. DEIXA O LIKE E COMPARTILHE  ılı.lıllılı.ıllı.
▬▬▬▬▬▬▬▬▬ஜ۩۞۩ஜ▬▬▬▬▬▬▬▬▬▬

📢 Contato para Financiamento de Imóveis
Rafael Fonseca 📱 WhatsApp: +351 965 406 326 
Para falar por WhatsApp clicar em : https://wa.me/+351965406326
🔑 Garanta um processo suave e seguro!
Fale com profissionais experientes e tenha a tranquilidade que você merece.

Minha loja na Amazon Espanha
https://amzn.to/3NCHwHr
🎓 Cursos Kist na Europa:
Curso de Preparação para Morar em Portugal - Uma Jornada Amigável
https://go.hotmart.com/A87634446N

📘 Ebooks Disponíveis:
Preparação paraaremportugal.skist.eu/ Mudar para Portugal: Visto D7 e Nômade Digital
https://go.hotmart.com/M86804738B

Investimentos para um Futuro Tranquilo
https://go.hotmart.com/W80094904R

O Jogo do Poder e da Negociação
Estratégia (Sun Tzu) • Poder (Maquiavel) • Negócio (Trump)
https://go.hotmart.com/F102133415M

ENVIE e RECEBA dinheiro do EXTERIOR com segurança e TAXAS BAIXAS! Ganhe 15% de desconto nas suas transferências com a REMESSA ONLINE usando meu cupom KIST: http://go2.remessaonline.com.br/SH5h 

💎 Seja Membro deste Canal e Ganhe Benefícios Exclusivos:
https://www.youtube.com/channel/UCvttYFuAGUkUBvWf5AqpeQQ/join
Meu filho, Kevin, foi morar em Covilhã, em Portugal, por causa de uma oportunidade de trabalho como gerente de loja de produtos de tecnologia.
O que ele encontrou por lá foi bem diferente do que muita gente imagina quando pensa em morar na Europa.

❄️ Neve, frio intenso, umidade, mudanças bruscas de clima… Covilhã é uma cidade linda, próxima à Serra da Estrela, mas definitivamente não é para qualquer perfil.

Neste vídeo, mostramos a realidade de viver em Covilhã:

Como é o clima no inverno

Os impactos do frio úmido na saúde

Custo de vida e moradia

Ritmo da cidade e opções de lazer

Para quem Covilhã faz sentido — e para quem não faz

Se você sonha em morar em Portugal, especialmente vindo do Brasil, este vídeo é essencial para não romantizar a imigração e entender se esse estilo de vida combina com você ou com sua família.

👉 Assista até o final e diga nos comentários:
você é do time do frio rigoroso, do calor ou prefere equilíbrio?

🔔 Inscreva-se no canal Kist na Europa para mais conteúdos reais sobre morar, trabalhar e investir em Portugal.

🔎 Hashtags (SEO)

#Covilhã
#MorarEmPortugal
#VidaEmPortugal
#RealidadeDaEuropa
#ImigraçãoPortugal
#BrasileirosEmPortugal
#TrabalharEmPortugal
#SerraDaEstrela
#NeveEmPortugal
#CustoDeVidaPortugal
#KistNaEuropa
#PortugalSemRomantizar
#ViverNaEuropa",Kist na Europa,2026-01-27T20:28:59Z,2277,195,40
V-ZpohgnpZs,https://www.youtube.com/watch?v=V-ZpohgnpZs,Primeiros dias da mudança para a Nossa Casa Própria na Covilhã em Portugal #99,"VLOG 99 - Acompanhe a nossa mudança e os nossos primeiros dias de bagunça e organização da nossa casa própria aqui na Covilhã em Portugal , sim compramos uma casa no interior de Portugal!

Fique a vontade em comentar, o seu comentário é muito importante. 😀

AJUDE o canal a crescer compartilhe este vídeo!

Não clique aqui hein! https://tinyurl.com/53uwv377 👀

_____________________________________
Transporte Público Covilhã e Fundão:

Covilhã Mobilidade (Transdev):
https://covilhamobilidade.pt/

Horários do Autocarro do Fundão:
https://atf.pt/Horarios.html

_____________________________________
Vídeos que você deve assistir se pensa em morar na Covilhã:

Custo de Vida no Interior de Portugal:
https://youtu.be/BXhVd4Ksg1Q

Tudo Sobre a Covilhã:
https://youtu.be/BVE2-yGA48g

_____________________________________
Bolsa de Empregos e Formação Profissional:

Associação Empresarial da Beira Baixa:
https://www.aebb.pt/

Instituto do Emprego e Formação Profissional:
https://iefponline.iefp.pt/IEFP/index2.jsp

_____________________________________
Links Úteis para sua estadia ou visita em Portugal:

Planilha Financeira 2024:
http://tinyurl.com/PlanilhaFinanceira2024

Onde pesquisar Trabalho na Covilhã:
https://tinyurl.com/BuscarTrabalhosCovilha

Onde encontrar imóveis na Covilhã:
https://tinyurl.com/LinksImoveisCovilha

Veja a média de valores dos imóveis pelo Idealista:
https://www.idealista.pt/arrendar-casas/castelo-branco/covilha/covilha/mapa-google

Lista das Empresas na Zona Industrial do Tortosendo:
https://tinyurl.com/ParqueIndustrialTortosendo

Lista das Empresas na Zona Industrial do Canhoso:
https://tinyurl.com/ParqueIndustrialCanhoso

_____________________________________
Supermecados para comparar preços Online:

Site do Supermercado Pingo Doce:
https://www.pingodoce.pt/

Site do Supermercado Continente:
https://www.continente.pt/

Site do Supermercado Auchan:
https://www.auchan.pt/

_____________________________________
Instagram:
https://www.instagram.com/karine.suzy

https://www.instagram.com/jeffisuh

Canal no Telegram com informações gratuitas:
https://t.me/MaeToEmPortugal

Grupo para Interação no Telegram:
https://t.me/MaeEstamosEmPortugal

_____________________________________
WISE (app de câmbio )
Transferir 500 euros sem tarifa é só acessar o link👇🏻

https://wise.com/invite/u/jeffersond489

_____________________________________

Deus em todo tempo é bom!

#portugal #brasileirosemportugal #moraremportugal #covilhã",Jeff e Karine Vida em Portugal ,2025-02-24T20:00:22Z,19872,1882,246
rRjOILx2KzQ,https://www.youtube.com/watch?v=rRjOILx2KzQ,ESTUDAR NA COVILHÃ | PORTUGAL,"● Se você quer MORAR e TRABALHAR em Portugal clique no link e adquira agora a MASTERCLASS para o seu planejamento de mudança: https://bit.ly/masterclassempregoemportugal
 _________________________________________________ 

● Curso que eu estudei e indico MUITO PARA VOCÊ que quer TRABALHAR NO DIGITAL sem precisar aparecer nas redes sociais e sem investir em tráfego pago, apenas utilizando ferramentas de automação de alta tecnologia para você vender automaticamente qualquer produto físico ou digital:
https://bit.ly/ferramentasautomaticasdigital 
_________________________________________________ 

Mais sobre mim: Olá! Eu sou a Mary, uma brasileira morando 25 anos em Portugal, compartilho as minhas experiências vivendo tantos anos fora do Brasil e também a minha jornada de autoconhecimento para viver uma vida autêntica, alegre e significativa. Depois de superar alguns desafios, estou aqui para compartilhar o que aprendi e inspirar você em sua própria jornada na busca de liberdade, não importa a sua idade. 
_________________________________________________

⭐Publicidade: publimarianeolino@gmail.com",Mariane Olino,2019-01-22T17:08:24Z,8686,784,47
qX3gcpIzMYg,https://www.youtube.com/watch?v=qX3gcpIzMYg,"Bombeiro da Covilhã, uma senhora teve a coragem de dizer:? #portugal #noticias #educacaoemportugal",Vê tudo no nosso Canal Telegram gratuito sem restrições: 👉🏻 https://bit.ly/briincarenoparque,Brincar é no Parque,2025-08-20T19:52:44Z,20398,363,30
3we9zGJA8HQ,https://www.youtube.com/watch?v=3we9zGJA8HQ,COVILHÃ PORTUGAL [ CIDADE DO INTERIOR DE PORTUGAL ],"GUSTAVO BRAZUKA - Transformando Sabores Fit na Sua Cozinha! 🍏🍴

Bem-vindo ao canal Gustavo Brazuka, o destino definitivo para receitas irresistíveis e saudáveis! 🌿 Descubra um universo culinário sem glúten, sem lactose, sem ovos e repleto de opções low carb que não comprometem o sabor. Das receitas fit mais deliciosas até pratos que ajudam a emagrecer, aqui você encontrará inspiração diária para uma vida mais saudável e saborosa.

👨‍🍳 Sobre Mim:
Sou Gustavo Brazuka, apaixonado por culinária saudável! Compartilho receitas práticas, nutritivas e cheias de sabor. Seja você um entusiasta da cozinha ou alguém em busca de opções fit, low carb, sem glúten, sem lactose e sem ovos, este é o lugar certo para descobrir novos horizontes gastronômicos.

🥗 Receitas Fit, Low Carb e Sem Glúten:
Explore um cardápio diversificado, desde opções fit para o dia a dia até delícias low carb e sem glúten que agradam a todos os paladares. Cada receita é cuidadosamente elaborada para equilibrar saúde e sabor, proporcionando uma experiência gastronômica única.

✨ Destaques do Canal:

Receitas Fit para uma Vida Equilibrada
Delícias Low Carb e Sem Glúten que Encantam
Dicas Culinárias e Truques na Cozinha
🔔 Inscreva-se e Ative as Notificações:
Não perca nenhuma receita! Inscreva-se agora para embarcar nesta jornada gastronômica saudável e deliciosa. Ative as notificações para receber em primeira mão as melhores receitas e dicas do Gustavo Brazuka!

🤝 Vamos Cozinhar Juntos:
Agradeço por fazer parte desta comunidade. Vamos explorar juntos o mundo de sabores fit, low carb e sem glúten. Compartilhe suas experiências nos comentários e conecte-se nas redes sociais. Juntos, vamos transformar a cozinha em um lugar ainda mais especial!

#GustavoBrazuka #ReceitasFit #LowCarb #SemGlúten #SemLactose #SemOvos #Emagrecimento #CulináriaSaudávelGUSTAVO BRAZUKA - Transformando Sabores Fit na Sua Cozinha! 🍏🍴

Bem-vindo ao canal Gustavo Brazuka, o destino definitivo para receitas irresistíveis e saudáveis! 🌿 Descubra um universo culinário sem glúten, sem lactose, sem ovos e repleto de opções low carb que não comprometem o sabor. Das receitas fit mais deliciosas até pratos que ajudam a emagrecer, aqui você encontrará inspiração diária para uma vida mais saudável e saborosa.

👨‍🍳 Sobre Mim:
Sou Gustavo Brazuka, apaixonado por culinária saudável! Compartilho receitas práticas, nutritivas e cheias de sabor. Seja você um entusiasta da cozinha ou alguém em busca de opções fit, low carb, sem glúten, sem lactose e sem ovos, este é o lugar certo para descobrir novos horizontes gastronômicos.



🤝 Vamos Cozinhar Juntos:
Agradeço por fazer parte desta comunidade. Vamos explorar juntos o mundo de sabores fit, low carb e sem glúten. Compartilhe suas experiências nos comentários e conecte-se nas redes sociais. Juntos, vamos transformar a cozinha em um lugar ainda mais especial!

#gustavobrazuka #receitasfaceis  #receitafit 

A cidade da Covilhã, situada no coração de Portugal, é um exemplo vivo de qualidade de vida excepcional. Com uma população acolhedora, paisagens deslumbrantes e uma combinação única de tradição e modernidade, a Covilhã oferece uma experiência incomparável aos seus residentes.

A localização privilegiada no sopé da Serra da Estrela proporciona um ambiente natural espetacular. Os habitantes desfrutam de acesso direto a trilhas para caminhadas, esqui no inverno e inúmeras atividades ao ar livre durante o ano todo. A qualidade do ar é notável, tornando-a uma cidade saudável e revitalizante.

A cidade é um centro de educação e inovação, com a prestigiada Universidade da Beira Interior e parques tecnológicos que impulsionam o crescimento econômico. Isso cria oportunidades profissionais e atrai uma comunidade internacional diversificada.

A oferta cultural da Covilhã é rica e variada, com museus, galerias de arte e eventos que celebram sua história e cultura. A gastronomia é uma delícia para os sentidos, com pratos tradicionais da região e vinhos de alta qualidade.

A Covilhã é uma cidade segura e tranquila, onde as pessoas podem se deslocar facilmente a pé ou de bicicleta. O custo de vida é razoável, proporcionando uma excelente relação custo-benefício.

A saúde é uma prioridade, com instalações médicas de alto padrão e acesso a cuidados de qualidade. Além disso, o sistema educacional é bem conceituado, tornando a Covilhã um lugar ideal para famílias.

A Covilhã é verdadeiramente um refúgio para quem busca uma qualidade de vida excepcional, combinando a beleza natural com uma infraestrutura moderna, oportunidades educacionais e profissionais, e uma comunidade acolhedora. É uma cidade onde o equilíbrio entre trabalho, lazer e natureza é uma realidade diária.

#portugal #brasileirospelomundo #brasileirosemportugal",Gustavo Brazuka,2022-11-15T23:38:01Z,6698,270,69
O5xAPzWz88Q,https://www.youtube.com/watch?v=O5xAPzWz88Q,Conheça a zona industrial de Covilhã,"Seja membro deste canal e ganhe benefícios:
https://www.youtube.com/channel/UC6XVXoUKzhPCGp826zANqMg/join

#CasteloBrancoPortugal.Ola  pessoal, esta comecando mais um video aqui no canal.estarei mostrando um pouco do que faco aqui em Portugal.
lugares,rotinas,informacoes,receitas e vlogs. Venha fazer parte dessa familia.Eu mim chamo Mirian e moro em Portugal a dois anos. 
meu instagran @alvarenga_mirian",Mirian Alvarenga Vlog ́s,2023-09-12T14:54:32Z,701,34,3
s3kKkipIM1Q,https://www.youtube.com/watch?v=s3kKkipIM1Q,Covilhã ,"Dezembro 2025
Covilhã 
Portugal",Nossa cápsula do tempo ,2025-12-23T22:57:53Z,402,13,0
BFozTGcyZZo,https://www.youtube.com/watch?v=BFozTGcyZZo,🚌 DE COVILHÃ ATÉ A TORRE (PONTO MAIS ALTO DA SERRA DA ESTRELA),"Se já chegaste à Covilhã, o próximo passo é subir até ao topo de Portugal continental de forma prática e económica!

🚍 Rota e Custo
📍 Onde apanhar: Paragem nº 8, no Terminal Rodoviário da Covilhã.
🧭 Serviço: “Serra Shuttle” — rota direta até à Torre.
💶 Preço: Cerca de 12 € (ida e volta).
💳 Pagamento: Aceita dinheiro e cartão.

🕐 Horários (Covilhã Mobilidade)
Partidas da Covilhã: 07:00 • 09:00 • 12:00 • 15:00 • 17:00
Partidas da Torre: 07:30 • 09:45 • 12:45 • 15:45 • 17:30

⚠️ Os horários podem variar conforme a época do ano ou condições meteorológicas (como queda de neve).

🔗 Consulta sempre o site oficial: covilhamobilidade.pt

💡 Dica de ouro: O autocarro faz várias paragens estratégicas ao longo da Serra — ideais para tirar fotos e apreciar as vistas — antes de chegar à mítica Torre, o ponto mais alto da Serra da Estrela.

#Covilhã #SerraDaEstrela #Torre #TransportePúblico #SerraShuttle #ViagemBarata #PortugalTurismo",Visit Lisboa 🇵🇹 BLOG,2025-10-28T23:59:49Z,160,6,0
5Cj57apsqxw,https://www.youtube.com/watch?v=5Cj57apsqxw,Covilhã,"Provided to YouTube by DistroKid

Covilhã · Desertuna - Tuna Académica da Universidade da Beira Interior

Desertuna

℗ Desertuna - Tuna Académica da Universidade da Beira Interior

Released on: 2017-05-05

Auto-generated by YouTube.",Desertuna - Tuna Académica da Universidade da Beira Interior - Topic,2024-04-11T10:04:26Z,6656,40,0
H5_unsuNwIY,https://www.youtube.com/watch?v=H5_unsuNwIY,Covilhã inaugura três reservatórios de apoio ao combate a incêndios,"Covilhã inaugura três reservatórios de apoio ao combate a incêndios
O município da Covilhã inaugurou, esta quarta-feira, 25 de março, três novos reservatórios de água, resultantes de um investimento total de 120 mil euros.
Com 400 mil litros de capacidade, os reservatórios estão localizados no Tortosendo, na Erada e em Sobral de São Miguel.
Estas infraestruturas destinam-se ao abastecimento de helicópteros e de tanques dos meios terrestres em situação de incêndio.",Beira Baixa TV,2026-03-29T15:22:38Z,23,2,0
pci65S3LiRg,https://www.youtube.com/watch?v=pci65S3LiRg,Covilhã| Portugal 🇵🇹#turismo #portugal #covilhã #viagem #travel #vlog,"Um tour ao redor de Covilhã, mostrando um pouco mais de lugares incríveis em Portugal.

Se você precisa de serviços de tradução de alta qualidade, eu recomendo fortemente a eTraduções! Precisei traduzir documentos importantes e a experiência foi excelente. Por isso, gostaria de compartilhar este cupom de desconto especial com vocês: 5ADDY. Ou acesse o link: https://etrad.me?ref=86920&type=split",Addy ,2023-07-25T22:44:32Z,3149,114,15
xN29dhd7_zw,https://www.youtube.com/watch?v=xN29dhd7_zw,COVILHÃ e SERRA DA ESTRELA | Vlog Tour conhecendo a cidade,"Oi oi, minha gente! Tudo bem? 

Nesse vídeo levo vocês para conhecerem a cidade que eu escolhi para morar aqui em Portugal… a Covilhã. Levo vocês também o ponto mais alto de Portugal Continental, a Serra da Estrela. 

Se gostou desse vídeo, deixa seu like e se ainda não é inscrito, clica no botão e ativa o sininho. 

Meu Instagram: @hannajustinom

Aplicativo para conhecer os murais da Covilhã: 
https://apps.apple.com/pt/app/wool-wall-by-wall/id6449675077",Hanna Justino,2023-09-16T18:17:46Z,26047,978,50
0f1qwUE4EPo,https://www.youtube.com/watch?v=0f1qwUE4EPo,#shorts#covilhã#serrashoping,covilhã indo ao shoping da cidade muito bom.,JÔ E SEUS MUNDOS,2024-01-01T15:00:00Z,3195,206,11
J1lioG8p2WM,https://www.youtube.com/watch?v=J1lioG8p2WM,O que ninguém te conta sobre Moradia e Trabalho na COVILHÃ #93,"VLOG 93 - Queremos compartilhar a situação atual dos arrendamentos (alugueis) de imóveis, trabalhos e empregos na Covilhã, além do que é preciso para conseguir viver aqui em Portugal atualmente.

Fique a vontade em comentar, o seu comentário é muito importante. 😀

AJUDE o canal a crescer compartilhe este vídeo!

Não clique aqui hein! https://tinyurl.com/53uwv377 👀

_____________________________________

Vídeos que você deve assistir se pensa em morar na Covilhã:

Custo de Vida no Interior de Portugal:
https://youtu.be/BXhVd4Ksg1Q

Tudo Sobre a Covilhã:
https://youtu.be/BVE2-yGA48g

Geração de empregos na Covilhã:
https://youtu.be/zFCnp-sZ_KU

_____________________________________
Bolsa de Empregos e Formação Profissional:

Associação Empresarial da Beira Baixa:
https://www.aebb.pt/

Instituto do Emprego e Formação Profissional:
https://iefponline.iefp.pt/IEFP/index2.jsp

_____________________________________

Links Úteis para sua estadia ou visita em Portugal:

Planilha Financeira 2024:
http://tinyurl.com/PlanilhaFinanceira2024

Onde pesquisar Trabalho na Covilhã:
https://tinyurl.com/BuscarTrabalhosCovilha

Onde encontrar imóveis na Covilhã:
https://tinyurl.com/LinksImoveisCovilha

Veja a média de valores dos imóveis pelo Idealista:
https://www.idealista.pt/arrendar-casas/castelo-branco/covilha/covilha/mapa-google

Lista das Empresas na Zona Industrial do Tortosendo:
https://tinyurl.com/ParqueIndustrialTortosendo

Lista das Empresas na Zona Industrial do Canhoso:
https://tinyurl.com/ParqueIndustrialCanhoso

_____________________________________

Supermecados para comparar preços Online:

Site do Supermercado Pingo Doce:
https://www.pingodoce.pt/

Site do Supermercado Continente:
https://www.continente.pt/

Site do Supermercado Auchan:
https://www.auchan.pt/

_____________________________________

Canal no Telegram com informações gratuitas:
https://t.me/MaeToEmPortugal

Grupo para Interação no Telegram:
https://t.me/MaeEstamosEmPortugal

_____________________________________

WISE (app de câmbio )
Transferir 500 euros sem tarifa é só acessar o link👇🏻

https://wise.com/invite/u/jeffersond489

_____________________________________

Deus em todo tempo é bom!

#portugal #brasileirosemportugal #moraremportugal #covilhã",Jeff e Karine Vida em Portugal ,2024-09-25T17:00:18Z,4880,287,63
DRckHuo_MJI,https://www.youtube.com/watch?v=DRckHuo_MJI,A Covilhã de agora NÃO É a mesma Covilhã de 2 anos atrás. ENTENDA! Portugal #92,"VLOG 92 - Hoje queremos falar de algo que tem estado cada vez mais presente na cidade que escolhemos viver e criar laços, Covilhã.

Fique a vontade em comentar, o seu comentário é muito importante. 😀

AJUDE o canal a crescer compartilhe este vídeo!

Não clique aqui hein! https://tinyurl.com/53uwv377 👀

_____________________________________

Vídeos que você deve assistir se pensa em morar na Covilhã:

Custo de Vida no Interior de Portugal:
https://youtu.be/BXhVd4Ksg1Q

Tudo Sobre a Covilhã:
https://youtu.be/BVE2-yGA48g

Geração de empregos em 2024 na Covilhã:
https://youtu.be/zFCnp-sZ_KU

Situação do Trabalho em 2024:
https://youtu.be/p8UNmmlcef8

_____________________________________

Links Úteis para sua estadia ou visita em Portugal:

Planilha Financeira 2024:
http://tinyurl.com/PlanilhaFinanceira2024

Site do Supermercado Pingo Doce:
https://www.pingodoce.pt/

Site do Supermercado Continente:
https://www.continente.pt/

Onde pesquisar Trabalho na Covilhã:
https://tinyurl.com/BuscarTrabalhosCovilha

Onde encontrar imóveis na Covilhã:
https://tinyurl.com/LinksImoveisCovilha

Lista das Empresas na Zona Industrial do Tortosendo:
https://tinyurl.com/ParqueIndustrialTortosendo

Lista das Empresas na Zona Industrial do Canhoso:
https://tinyurl.com/ParqueIndustrialCanhoso

_____________________________________

Algumas Notícias que sobre o assunto:

https://noticiasdocentro.pt/prisao-preventiva-para-suspeito-de-crimes-de-violacao-na-covilha-e-fundao/

https://noticiasdacovilha.pt/a-covilha-nao-e-o-jardim/

https://noticiasdacovilha.pt/mais-luz-e-videovigilancia-para-reforcar-seguranca-no-jardim/

https://radio-covilha.pt/2024/09/noticias/covilha-reforco-de-policiamento-iluminacao-e-camaras-de-vigilancia-no-jardim-publico/

https://rcb-radiocovadabeira.pt/covilha-oposicao-exige-medidas-para-reforcar-seguranca-no-jardim-publico/

_____________________________________

Canal no Telegram com informações gratuitas:
https://t.me/MaeToEmPortugal

Grupo para Interação no Telegram:
https://t.me/MaeEstamosEmPortugal

_____________________________________

WISE (app de câmbio )
Transferir 500 euros sem tarifa é só acessar o link👇🏻

https://wise.com/invite/u/jeffersond489

_____________________________________

Deus em todo tempo é bom!

#portugal #brasileirosemportugal #moraremportugal #covilhã",Jeff e Karine Vida em Portugal ,2024-09-12T17:00:18Z,4540,252,108
yhEuZGKvoIE,https://www.youtube.com/watch?v=yhEuZGKvoIE,"Amália Rodrigues - Covilhã, Cidade neve",Autores: Joaquim Pedro Gonçalves & Nóbrega e Sousa,fadomeu,2011-11-01T12:15:37Z,101815,808,29
1bgs70rAP6E,https://www.youtube.com/watch?v=1bgs70rAP6E,COVILHÃ PORTUGAL ( TOUR+DICAS ALUGUEL E COMPRAS ) 🇵🇹,"A Covilhã é uma cidade portuguesa pertencente ao distrito de Castelo Branco, na província da Beira Baixa, região estatística do Centro e sub-região das Beiras e Serra da Estrela. É a porta da Serra da Estrela e tem 33 692 habitantes (2021) no seu perímetro urbano formado por cinco freguesias: Covilhã e Canhoso, Teixoso e Sarzedo, Cantar-Galo e Vila do Carvalho, Boidobra e Tortosendo.

É sede do município da Covilhã com 555,60 km² de área e 46 457 habitantes (2021), subdividido em 21 freguesias. O município é limitado a norte pelos municípios de Seia e Manteigas, a nordeste pela Guarda, a leste por Belmonte, a sul pelo Fundão e a oeste por Pampilhosa da Serra e Arganil.

É a terra da indústria da lã, de cariz operário, berço de descobridores de quinhentos, hoje uma cidade com Universidade pública.

A cidade da Covilhã está situada na vertente sudeste da Serra da Estrela e é um dos centros urbanos de maior relevo da região juntamente com Coimbra, Aveiro, Viseu, Figueira da Foz, Guarda, Castelo Branco, etc. O seu núcleo urbano estende-se entre os 450 e os 800 m de altitude.

O ponto mais alto de Portugal Continental, a Torre (1 993 m), pertence às freguesias de Unhais da Serra (Covilhã), São Pedro (Manteigas), Loriga (Seia) e Alvoco da Serra (Seia), estando incluída em três municípios: Covilhã, Manteigas e Seia, mas dista cerca de 20 km do núcleo urbano da Covilhã, sendo a Covilhã, por isso, a cidade portuguesa mais próxima do ponto mais alto de Portugal Continental.

É uma cidade de características próprias desde há séculos, conjugando em simultâneo factos interessantes da realidade portuguesa.

Num estudo elaborado em 2007 pelo jornal Expresso, sobre a qualidade de vida nas cidades portuguesas, a Covilhã ocupa a 14ª posição, situando-se à frente das restantes cidades do interior do país.

»»»»»»»»»»»»»»»»»»»»»»»»»»»»»»»»»»»»»»««««««««««««««««««««««««««««««««

Bem vindo ao vlog do juninho , vou deixar aqui os contactos de pessoas que são de confiança e conhecidos pessoais meus , são pessoas que recomendamos o trabalho pois como já disse são de confiança aqui do canal , espero que gostem.

Contactos advogada de imigração.
DR Aline alves 
Watssap    : +351 919 672 524 
Telemóvel : +351 919 672 524
Diga que veio do vlog do juninho .

»»»»»»»»»»»»»»»»»»»»»»»»»»»»»»»««««««««««««««««««««««««««««««««««

Contactos Alvo concreto imobiliária
Josy Gonçalves      : +351 932 486 519
Gideão Gonçalves : +351 963 157 763
Os dois contactos tem Watssap .
Diga que veio do vlog do juninho .

»»»»»»»»»»»»»»»»»»»»»»»»»»»»»»»»»««««««««««««««««««««««««««««««««

Contactos M.E doces e salgados
Mayara elyz   : +351 927 123 166
Maria Emilia  : +351 962 058 416
Os dois contactos tem watssap .
Diga que veio do canal vlog do juninho .

»»»»»»»»»»»»»»»»»»»»»»»»»»»»»»»»»«««««««««««««««««««««««««««««««««

REDES SOCIAIS :

Instagram : @vlogdojuninho
Facebook : @vlogdojuninhooficial

Faça parte da nossa família o que é muito fácil , basta você clicar no botão vermelho onde diz ( SE-INSCREVA ) que você já vai estar fazendo parte da família do vlog do juninho e não se esqueça de ativar o sininho das notificações .

Tamo sempre junto e te espero na próxima aventura.

#vlogdojuninhooficial",vlog do Juninho,2022-03-13T12:00:02Z,4055,163,29
YMSUfjJAh6w,https://www.youtube.com/watch?v=YMSUfjJAh6w, ‘’COVILHÃ” Portugal🇵🇹!!! Um pouco dessa linda cidade ,,Imigrante Sem Filtro,2025-10-27T21:29:25Z,97,9,5
cnRuxJZhW7o,https://www.youtube.com/watch?v=cnRuxJZhW7o,SONHO REALIZADO! Compramos a nossa casa na Covilhã em Portugal! #98,"VLOG 98 - Depois de 6 meses de espera com todos os desafios e perrengues possíveis, nós conseguimos realizar mais um sonho aqui na Covilhã em Portugal , sim compramos uma casa no interior de Portugal!

Fique a vontade em comentar, o seu comentário é muito importante. 😀

AJUDE o canal a crescer compartilhe este vídeo!

Não clique aqui hein! https://tinyurl.com/53uwv377 👀

_____________________________________
Transporte Público Covilhã e Fundão:

Covilhã Mobilidade (Transdev):
https://covilhamobilidade.pt/

Horários do Autocarro do Fundão:
https://atf.pt/Horarios.html

_____________________________________
Vídeos que você deve assistir se pensa em morar na Covilhã:

Custo de Vida no Interior de Portugal:
https://youtu.be/BXhVd4Ksg1Q

Tudo Sobre a Covilhã:
https://youtu.be/BVE2-yGA48g

_____________________________________
Bolsa de Empregos e Formação Profissional:

Associação Empresarial da Beira Baixa:
https://www.aebb.pt/

Instituto do Emprego e Formação Profissional:
https://iefponline.iefp.pt/IEFP/index2.jsp

_____________________________________
Links Úteis para sua estadia ou visita em Portugal:

Planilha Financeira 2024:
http://tinyurl.com/PlanilhaFinanceira2024

Onde pesquisar Trabalho na Covilhã:
https://tinyurl.com/BuscarTrabalhosCovilha

Onde encontrar imóveis na Covilhã:
https://tinyurl.com/LinksImoveisCovilha

Veja a média de valores dos imóveis pelo Idealista:
https://www.idealista.pt/arrendar-casas/castelo-branco/covilha/covilha/mapa-google

Lista das Empresas na Zona Industrial do Tortosendo:
https://tinyurl.com/ParqueIndustrialTortosendo

Lista das Empresas na Zona Industrial do Canhoso:
https://tinyurl.com/ParqueIndustrialCanhoso

_____________________________________
Supermecados para comparar preços Online:

Site do Supermercado Pingo Doce:
https://www.pingodoce.pt/

Site do Supermercado Continente:
https://www.continente.pt/

Site do Supermercado Auchan:
https://www.auchan.pt/

_____________________________________
Instagram:
https://www.instagram.com/karine.suzy

https://www.instagram.com/jeffisuh

Canal no Telegram com informações gratuitas:
https://t.me/MaeToEmPortugal

Grupo para Interação no Telegram:
https://t.me/MaeEstamosEmPortugal

_____________________________________
WISE (app de câmbio )
Transferir 500 euros sem tarifa é só acessar o link👇🏻

https://wise.com/invite/u/jeffersond489

_____________________________________

Deus em todo tempo é bom!

#portugal #brasileirosemportugal #moraremportugal #covilhã",Jeff e Karine Vida em Portugal ,2025-02-17T20:00:18Z,26483,2215,431
4FI_4W5tRIQ,https://www.youtube.com/watch?v=4FI_4W5tRIQ,"Moradia a Venda por 19.900€ em Casegas - Covilhã,","Para mais informações falar comigo que lhe encaminho para o responsável da casa 

+351 965234576
apenas mensagens via WhatsApp",Kézzia Corrêa,2025-07-13T07:49:05Z,14306,572,32
ksVzGD428zs,https://www.youtube.com/watch?v=ksVzGD428zs,MELHOR CIDADE PARA MORAR NO INTERIOR DE PORTUGAL/ CONHEÇA COVILHÃ,"❤️Olá, tudo bem com você?❤️
❤️Espero que esteja muito bem!❤️

Agradeço por assistir os vídeos e te convido a se inscrever no canal e acompanhar nossas aventuras em Portugal, que está só começando. 😍

Instagram  👉🏻 https://www.instagram.com/cris.mariaferreira/


O centro da cidade da Covilhã, em Portugal, é um local com história, cultura e muitas particularidades. 
Estou amando morar nessa cidade. Aqui a população é muito receptiva, muito segura, no mês de setembro começa as aulas na universidade e a cidade está bem movimentada. Apensar de estar bastante movimentada continua tranquila.",Cris Maria na Europa,2023-09-19T21:20:00Z,6265,225,17
BXhVd4Ksg1Q,https://www.youtube.com/watch?v=BXhVd4Ksg1Q,💸 CUSTO DE VIDA na Covilhã - Interior de Portugal - Quanto GASTAMOS em 2023 #84,"VLOG 84 - Este vídeo irá ajudar você a perceber melhor o Custo de Vida aqui na Covilhã em Portugal e como se planejar financeiramente.

Fique a vontade em comentar, o seu comentário é muito importante. 😀

AJUDE o canal a crescer compartilhe este vídeo!

Não clique aqui hein! https://tinyurl.com/53uwv377 👀

_____________________________________
Capítulos:

00:00 Introdução sobre o tema
04:13 Total do Gasto Anual (Euro x Real)
05:45 Custo com Arrendamento (Aluguel)
06:45 Custo com Água
07:23 Custo com Eletricidade
09:11 Custo com Internet e Telemóvel (Celular)
10:50 Custo com Alimentação
14:38 Custo com Farmácia
15:32 Custo com Restaurante e Lazer
16:08 Custo com Compras (Artigos Diversos)
17:17 Custo com Transporte
19:03 Custo com Outros Gastos (Gastos diversos)
19h59 Custo com Compras Parceladas
21:08 Média Geral de todas as Despesas (Euro x Real)

_____________________________________

Vídeos que você deve assistir:

Tudo Sobre a Covilhã:
https://youtu.be/BVE2-yGA48g

Geração de empregos em 2024 na Covilhã:
https://youtu.be/zFCnp-sZ_KU

_____________________________________

Links Úteis:

Planilha Financeira 2024:
http://tinyurl.com/PlanilhaFinanceira2024

Site do Supermercado Pingo Doce:
https://www.pingodoce.pt/

Site do Supermercado Continente:
https://www.continente.pt/

Link dos Grupos do Facebook e links para buscar Trabalho na Covilhã:
https://tinyurl.com/BuscarTrabalhosCovilha

Link dos Grupos do Facebook e Imobiliárias na Covilhã:
https://tinyurl.com/LinksImoveisCovilha

Lista das Empresas na Zona Industrial do Tortosendo:
https://tinyurl.com/ParqueIndustrialTortosendo

Lista das Empresas na Zona Industrial do Canhoso:
https://tinyurl.com/ParqueIndustrialCanhoso

_____________________________________

Canal no Telegram com informações gratuitas:
https://t.me/MaeToEmPortugal

Grupo para Interação no Telegram:
https://t.me/MaeEstamosEmPortugal

_____________________________________

Nosso Instagram: 

https://www.instagram.com/jeffisuh
https://www.instagram.com/karine.suzy

_____________________________________

WISE (app de câmbio )
Transferir 500 euros sem tarifa é só acessar o link👇🏻

https://wise.com/invite/u/jeffersond489

_____________________________________

Deus em todo tempo é bom!

#portugal #brasileirosemportugal #moraremportugal #covilha",Jeff e Karine Vida em Portugal ,2024-01-17T23:35:48Z,1571,163,46
-DvNEfuL7I4,https://www.youtube.com/watch?v=-DvNEfuL7I4,Desertuna - Covilhã,"XXVI FITU Bracara Avgvsta
20 de Maio 2016",Tuna Universitária do Minho,2016-09-28T18:56:47Z,188447,901,15
RdK0wfs-Q6s,https://www.youtube.com/watch?v=RdK0wfs-Q6s,Covilhã - Portugal 🇵🇹,,Mostras do Benzane,2024-11-10T07:56:25Z,2245,105,12
5trwKJdKlZI,https://www.youtube.com/watch?v=5trwKJdKlZI,WOOL | Covilhã Urban Art by Visit Portugal,"Looking for a creative getaway? Every year, Covilhã becomes an open-air gallery with WOOL – Covilhã Urban Art. Murals, installations and art performances take over the city, blending street art with history, nature and local culture. It’s a vibrant celebration of creativity that invites you to see Covilhã from a whole new perspective.
Come and experience it for yourself: https://linktr.ee/woolfest

Music by Silly & Fred, created for WOOL

More info on visiting Portugal: https://linktr.ee/visitportugal

#VisitPortugal #WOOLCovilha #UrbanArt #Covilha #Portugal",Visit Portugal,2025-06-30T10:35:25Z,543,22,0
_-fAU2qa5pI,https://www.youtube.com/watch?v=_-fAU2qa5pI,Brasileiros na Covilhã - Como chegar na Covilhã vindo de Lisboa,"Agora que você já está em Portugal, especificamente em Lisboa, nós mostramos para você, nesse vídeo, todos os passos para pegar o trem (comboio) ou ônibus (autocarro) para Covilhã. 

Simples, rápido e barato! 

Quer saber mais informações sobre a vida em Portugal? Acesse nosso blog:
https://www.brasileirosnacovilhacom

Links úteis para compra dos bilhetes de trem e ônibus:
Trem (Comboio): 
Origem: Lisboa - Estação Oriente/ ou Lisboa - Estação Santa Apolónia ----- Destino: Covilhã
https://www.cp.pt/passageiros/pt 

Ônibus (Autocarro):
Origem: Lisboa- Estação Oriente/ ou Lisboa - Estação Sete Rios ----- Destino: Covilhã
https://www.rede-expressos.pt/

Lembramos que a Estação Oriente é a mais próxima do Aeroporto e, por isso, a mais conveniente. 

Siga-nos também no Instagram @brasileirosnacovilha e no Facebook (facebook.com/brasileirosnacovilha).

Obs.* Algumas das imagens utilizadas no vídeo foram captadas antes do período de pandemia de Covid-19, por isso o grande número de pessoas em circulação nos locais.",Brasileiros na Covilhã,2020-09-06T12:47:29Z,5596,292,0
oI4dojN89BI,https://www.youtube.com/watch?v=oI4dojN89BI,#shorts#covilhã#centro histórico#,"Covilhã olha que cidade linda e perto da Serra da Estrela, o centro da cidade.",JÔ E SEUS MUNDOS,2023-10-30T09:00:59Z,2253,206,7
ZOk-QyyOpCE,https://www.youtube.com/watch?v=ZOk-QyyOpCE,"Portugal, Covilhã e Serra da Estrela = férias. #happybirthday #music #brasil #covilha #portugal",,Welington de Oliveira,2024-08-22T18:18:32Z,661,17,0
vjhx62_jgg4,https://www.youtube.com/watch?v=vjhx62_jgg4,Covilhã  - Torre da Serra da Estrela,"Subida de Covilhã até à Torre da Serra da Estrela

#BMW #r1200RT #Covilhã #serradaestrela",Jorge Fernandes,2023-09-10T11:28:11Z,149,1,0
P6eiZgpvqq0,https://www.youtube.com/watch?v=P6eiZgpvqq0,"UM POUCO DA COVILHÃ, INTERIOR DE PORTUGAL","Olá gnt! Sejam bem vindos! 🥰
Hoje eu falei e mostrei um pouco da cidade onde estou morando aqui em Portugal, aqui é bem frio, então se você na gosta de frio não venha 😂😂 

Espero que gostem do vídeo 💖",Naty em Portugal 🇵🇹,2022-12-24T12:52:56Z,4742,407,56
Ky5wfAzunWU,https://www.youtube.com/watch?v=Ky5wfAzunWU,"Moradia T3, Sobral de São Miguel, Covilhã - Portugal - REF.: 111240119","Descubra esta incrível moradia T3, situada em Sobral de São Miguel, aldeia pertencente à Rede das Aldeias do Xisto desde 2010. Combinando o charme rústico com melhorias modernas, esta propriedade de três pisos oferece:

- Telhado novo com chapa sanduíche, proporcionando durabilidade e isolamento superior.
-  Soalho recuperado, preservando o caráter único da moradia.
- Janelas em PVC no terceiro piso, garantindo conforto térmico e acústico.
-  Espaços amplos e versáteis, incluindo lojas no rés-do-chão, ideais para armazenamento ou rentabilização.

Localizada num ""anfiteatro"" de casas de xisto, esta moradia é perfeita para residência própria ou investimento, num cenário repleto de história e beleza natural.

📍 Localização: Sobral de São Miguel, Covilhã
📩 Entre em contacto para mais informações ou para agendar uma visita!

Para mais fotografias e preço:
Link do imóvel: www.era.pt/imovel/111240119
𝗥𝗘𝗙.: 111240119
Certificado Energético: F

Mais informações contacte:
ERA Covilhã
Telefone: (+351) 275 329 410
Website: http://www.era.pt/covilha
Facebook: http://www.facebook.com/eracovilha
Instagram: https://www.instagram.com/eracovilha/",ERA Covilhã,2024-07-31T13:36:36Z,165,1,0
188a4tv_Ogw,https://www.youtube.com/watch?v=188a4tv_Ogw,Conheça um pouco de Covilhã - Castelo Branco!,"Neste vídeo, damos um passeio pelo interior de Portugal, explorando a cidade da Covilhã, situada no distrito de Castelo Branco. Uma cidade pequena, mas cheia de charme, que oferece uma excelente qualidade de vida, um custo de vida acessível e todas as estruturas essenciais para o dia a dia.


Se gostou do vídeo, não se esqueça de curtir, comentar e se inscrever no canal para mais conteúdos sobre Portugal!

#Covilhã #Portugal #CasteloBranco #ViverEmPortugal #InteriorDePortugal",Iglesias Barroso,2025-03-03T21:15:42Z,444,21,3
nq1B5_n4bRA,https://www.youtube.com/watch?v=nq1B5_n4bRA,"A Melhor Cidade do Interior de Portugal - Covilhã ""CIDADE NEVE"" (Walking Tour 4K)","Nesta caminhada pela vibrante Covilhã, uma das cidades mais jovens da Europa, repleta de arte urbana por seus muro, vamos mostrar um pouco do seu cotidiano, de sua natureza, arquitetura e seu povo.

A Covilhã é um concelho que fica no distrito de Castelo Branco, na região central de Portugal, tem cerca de 48.400 habitantes, e se destaca por ser uma porta de entrada para a Serra da Estrela e também impacto que a indústria têxtil tinha e tem na história e economia local

*Quer conhecer mais cidades? Se inscreva no Canal:*
➡️ https://abre.ai/narramundos 👌🏻

📸 Follow us on Instagram:
https://www.instagram.com/gabriel.narramundos/
https://www.instagram.com/narramundos/

*Outros vídeos;*
Marrakech: https://youtu.be/tUyy2Cns92k
Porto: https://youtu.be/CgQShz4eJAQ
Braga: https://youtu.be/dyD53ScopdY
Londres: https://www.youtube.com/watch?v=ytC6ymzFJYY
Valença: https://www.youtube.com/watch?v=uS2FlTA4n2k&t=841s 
Viana do Castelo: https://www.youtube.com/watch?v=tOPCIOKPLfY&t=823s

*EQUIPAMENTOS*
iPhone 13 Pro: https://amzn.to/3ndkdqj
Macbook Pro 14'' 2022: https://amzn.to/3JNK9k6
GoPro 11: https://amzn.to/3LVDV4q
Tripé GoPro: https://amzn.to/3lMVCZ2
Cartão memória SSD: https://amzn.to/42HaEQN
Canon Rebel T7: https://amzn.to/3FUvr9N
Power bank: https://amzn.to/3lMolgK
Baterias extras GoPro: https://amzn.to/3zaKtV9
Adaptador microfone GoPro: https://amzn.to/42HbHAd
Microfone: https://amzn.to/42HP2Ut
Suporte peitoral: https://amzn.to/3FX5Htw
Tripé para celular: https://amzn.to/42L80cU

#brasileirosemportugal #cidadeneve #covilhã #walkingtour #serradaestrela #portugal #arteurbana",Narramundos,2023-03-04T18:41:23Z,6578,161,21
wrHnv2ZUeVQ,https://www.youtube.com/watch?v=wrHnv2ZUeVQ,Conheça o PARQUE INDUSTRIAL do Canhoso na Covilhã 🇵🇹 Portugal #26,"VLOG 26

Olá pessoal aqui é o Jeff e a Karine e sejam bem vindos a mais um vlog do Mãe tô em Portugal! Neste vídeo fomos até a Zona Industrial do Canhoso conhecida como Parque Industrial do Canhoso aqui na região da Covilhã no distrito do Castelo Branco em Portugal, na região há várias empresas como serralherias, metalúrgicas, autopeças, reparação de automóveis, empresas de materiais de construção e também há fábricas na região, bem como moradias.

Moramos em Portugal já a 8 meses e escolhemos Covilhã para ser atualmente nossa cidade e nosso lar.

Fique a vontade em comentar, o seu comentário é muito importante. 😀

Não clique aqui hein! https://tinyurl.com/53uwv377 👀

_____________________________________
Canal no Telegram com informações gratuitas:
https://t.me/MaeToEmPortugal

Grupo para Interação no Telegram:
https://t.me/MaeEstamosEmPortugal

_____________________________________

Lista das empresas do Parque Industrial de Canhoso:

https://tinyurl.com/ParqueIndustrialCanhoso

Google Map do Parque Industrial de Canhoso:

https://tinyurl.com/GoogleMapPICanhoso

_____________________________________
Nosso Instagram: 

https://www.instagram.com/jeffisuh
https://www.instagram.com/karine.suzy

_____________________________________

WISE (app de câmbio )
Transferir 500 euros sem tarifa é só acessar o link👇🏻

https://wise.com/invite/ata/jeffersond489

_____________________________________

Deus em todo tempo é bom!

#portugal #parqueindustrial #brasileirosemportugal",Jeff e Karine Vida em Portugal ,2022-10-14T21:00:38Z,3695,233,57
VtTjsKwcf78,https://www.youtube.com/watch?v=VtTjsKwcf78,Empreendimento cidade nova | Covilhã | T1 T2 T3 T4,"Empreendimento em construção na cidade da Covilhã, tipologias desde T1 a T4. 

Venha conhecer! 

Contactos: 
+351 962 886 150
nuno.nunes@kwportugal.pt

AMI 7543",Nuno Nunes,2023-10-17T22:10:38Z,339,1,0
xHPu3DPea80,https://www.youtube.com/watch?v=xHPu3DPea80,Covilhã a melhor cidade - Portugal  #covilhã #serradaestrela #beirainterior #Ubi #portugal #medicina,"conheça alguns lugares para visitar na Covilhã:
- Jardim do Lado
- Igreja de Santa Maria
- Museu de Lanifícios
- Igreja da Misericórdia
- Funicular de Santo André
- Jardim Publico
- Miradouros Porta do Sol
- Elevador do Goldra
- Funicular de São João
- Calçada de Santa Cruz   (Sítio do Calvário)
- Praça do Município
- Ponte da Ribeira da Carpinteria

Se ainda tiveres tempo podes visitar:

- Serra da Estrela, onde se encontra as maiores altitudes de Portugal Continental.
- Aldeia Histórica de Monsanto
- Sortelha, é uma das mais belas e antigas vilas portuguesa

Onde comer na Covilhã

- Taberna A Laranjinha - Rua 1º Dezembro nº 10 (atras da Camara Municipal, Centro da Cidade)
 É uma tasca tradicional de petiscos e vinhos
- Varanda da Estrela-  (Rua Nave da Areia, 6215 Penhas da Saúde)
- Paço 100 Pressa -  (Travessa S. Tiago 3, 6200-031 Covilhã )",Traveling With Sandra,2020-09-01T18:13:40Z,8948,246,19
Ga_4fJpcS7U,https://www.youtube.com/watch?v=Ga_4fJpcS7U,"Covilhã, Serra da Estrela, Portugal #shorts #portugal #europa #brasil",,Ralf Cabral,2022-09-07T21:19:36Z,704,10,2
LKD-je6SdyI,https://www.youtube.com/watch?v=LKD-je6SdyI,"Liga 3 Placard | Resumo | Lusitano GC 2 - 1 SC Covilhã | Jornada 15, Série B","Liga 3 Placard | Puro Futebol

Acompanha as competições da FPF na app ou em https://canal11.pt

Vê todos os resultados em https://resultados.fpf.pt

Redes sociais:
Instagram https://www.instagram.com/liga3fpf
Facebook https://www.facebook.com/FPFLiga3

Site Oficial FPF | https://www.fpf.pt
Bilheteira Oficial | https://bilheteira.fpf.pt
Loja Oficial | https://portugalstore.fpf.pt
Clube de fãs | https://portugal.fpf.pt
Vem jogar | https://vemjogar.fpf.pt

#Liga3Placard  #PuroFutebol  #LusitanoGC  #SCCovilhã  #Highlights",Federação Portuguesa de Futebol,2026-01-04T18:24:13Z,577,14,0
_zE7cJ7HG-w,https://www.youtube.com/watch?v=_zE7cJ7HG-w,O Melhor Natal de Portugal – Covilhã (Melhores Momentos),Resumo das melhores imagens do programa O Melhor Natal de Portugal em Covilhã.,Conta Lá,2025-12-13T17:33:01Z,61,1,0
Qmgs35YIlyM,https://www.youtube.com/watch?v=Qmgs35YIlyM,Resumo: SC Covilhã 2-3 Ac. Viseu - Liga Portugal SABSEG | SPORT TV,"#SportTV #LigaSabseg 
SC Covilhã-Ac. Viseu: Fim da partida!

http://www.sporttv.pt
http://www.facebook.com/SPORTTVportugal
http://twitter.com/SPORTTVportugal
http://www.instagram.com/SPORTTVportugal
https://www.linkedin.com/company/sporttv/

Subscreve o nosso canal Youtube:
http://www.youtube.com/subscription_center?add_user=sporttv",sport tv,2022-10-09T16:27:12Z,1478,25,1
uo3wT0GOMU8,https://www.youtube.com/watch?v=uo3wT0GOMU8,Covilhã Portugal #covilhã #portugal,,Germán Solís Gómez ,2024-03-29T23:29:14Z,936,21,1
2-PFTbDZFbA,https://www.youtube.com/watch?v=2-PFTbDZFbA,Primeiras IMPRESSÕES de COVILHÃ- Portugal (Nossa experiência),"Nesse vídeo trouxe meu marido para falarmos um pouco da nossa primeira impressão aqui da Covilhã assim que chegamos em Portugal. Contamos um pouco da nossa experiência e se mudamos ou não de ideia sobre morar aqui.

Espero que esse vídeo te ajude de alguma forma e não esqueçam de curtir, comentar e se inscrever no canal.
beijinhos e até o próximo vídeo.

VENHA ME DAR UM OI:
Instagram:https://www.instagram.com/leticia.amss/
Tiktok: https://www.tiktok.com/@le.ams?is_from_webapp=1&sender_device=pc


SOBRE MEU CANAL:
Meu objetivo é mostrar minha vida aqui em Portugal. Vou levar vocês a conhecer lugares, culturas, ensinar receitas, dar dicas de como viver bem aqui.",Leticia em Portugal,2023-07-07T21:00:01Z,3021,122,50
1oP-GE3TzVs,https://www.youtube.com/watch?v=1oP-GE3TzVs,"(PARTE 2) COMO É MORAR EM COVILHA, A CIDADE DA SERRA DA ESTRELA. #portugal  #brasileirosemportugal","Olá pessoal 🤗 sejam bem vindos a mais um video.

No vídeo de hoje temos a parte 2 depois de visita a SERRA DA ESTRELA fomos para o hotel sport gym e depois mostrei alguns lugares da linda cidade de Covilhã 🇵🇹😍 e falei meu ponto de vista sobre essa cidade,como é morar em Covilhã.✅

Espero que gostem não se esqueça de curtir 👍🏽e inscrever-se😘



Olá 🤗 meu nome é Carina ! E nesse canal vou apresentar muitas curiosidades sobre portugal.👨‍👩‍👧🇵🇹

Meu maior objetivo é ajudar pessoas que compartilham do mesmo sonho que eu, que é viver em portugal.🛫❤
Assim sendo vou mostrar vídeos do meu dia a dia e a realidade de uma família em portugal, os desafios de imigrar para outro país.                                                                                                                                                                                                                       Minha rotina 📌
Viagens 🛩
Compras 🛍
E muito +


INSTAGRAM: https://www.instagram.com/carina.batista4/",Carina Batista🇵🇹,2024-02-05T19:39:31Z,3298,124,22
BFKpbLvaBAc,https://www.youtube.com/watch?v=BFKpbLvaBAc,Sp. Covilhã vs Porto - 1ª Divisão Campeonato Nacional 87/88,"Jogo para o Campeonato Nacional da 1ª Divisão na época de 87/88 entre o Sporting Clube da Covilhã e o Futebol Clube do Porto no Estádio José Santos Pinto, na Covilhã. No final do encontro o resultado foi um empate a um golo.
Visite: http://www.historiascc.com",História Sp Covilhã,2013-02-23T00:13:34Z,5993,16,0
JRk_p0fopBA,https://www.youtube.com/watch?v=JRk_p0fopBA,1 ano morando no interior de Portugal! Morar na Covilhã. Ep 54,"Completamos um ano morando em Portugal! Veja nossas opiniões sobre este ano morando no interior de Portugal.
______________________________
Já pensou em trabalhar em qualquer lugar do mundo? Descubra como:
https://is.gd/NomadeDigital

https://is.gd/ProfissaoNomade
________________________________
Sabia que Portugal é muito mais que Lisboa, Porto e Braga?
Acompanhe nossas aventuras morando na Covilhã, cidade neve, no interior de Portugal.
Conheça o Centro de Portugal.
Conheça a Beira Interior.
Conheça e se apaixone pela Covilhã!
________________________________
Instagram
https://www.instagram.com/centradosemportugal/

Contacto
centradosemportugal@gmail.com",Centrados em Portugal,2022-01-30T18:32:34Z,4348,448,80
nsOXQP_6I_o,https://www.youtube.com/watch?v=nsOXQP_6I_o,O estadio do SC Covilhã é Muito Bonito #soccer #football #futebolportugues #covilhã,,Ray Mundo Futbol,2025-04-10T15:37:29Z,742,9,0
XDYnmRH8MTw,https://www.youtube.com/watch?v=XDYnmRH8MTw,As Fábricas de Lanificios  da Covilhã,Memórias da Covilhã,Vídeos JPS,2016-05-04T15:18:31Z,5509,74,3
UCjLI68AN4U,https://www.youtube.com/watch?v=UCjLI68AN4U,Moradia T3 - Covilhã 💸130.000,,Adelta Agente imobiliário ,2025-10-28T21:48:53Z,1208,24,1
P7CV9DG6eeg,https://www.youtube.com/watch?v=P7CV9DG6eeg,Resumo: SC Covilhã 2-1 Benfica B - Liga Portugal SABSEG | SPORT TV,"#SportTV #LigaSabseg 
SC Covilhã-SL Benfica B: Fim da partida!

http://www.sporttv.pt
http://www.facebook.com/SPORTTVportugal
http://twitter.com/SPORTTVportugal
http://www.instagram.com/SPORTTVportugal
https://www.linkedin.com/company/sporttv/

Subscreve o nosso canal Youtube:
http://www.youtube.com/subscription_center?add_user=sporttv",sport tv,2023-03-12T13:21:21Z,2579,40,4
CX7vcH3XjFc,https://www.youtube.com/watch?v=CX7vcH3XjFc,COVILHÃ (PORTUGAL) UM DOS LUGARES MAIS LINDOS QUE JÁ VIMOS! E QUE COMIDA! 😋,"Olá pessoal!
Neste vídeo quis mostrar um pouco da nossa experiência por Covilhã! Eu não moraria lá, porque é uma cidade muito alta! Rs 🥴 e eu fico com receio da Rebecca e do Klebao! Kkk porque ele morre de medo de altura!
Amamos o lugar principalmente para comer, pois pudemos ter uma experiencia verdadeiramente Portuguesa! O Senhor que nos atendeu era um fofo! Nos sentimos em casa!!!
Covilhã fica a mais ou menos 2 horas e 40 do Porto (Região Famosa de Portugal) 🇵🇹 e nós adoramos passear por la e TENTAR ver a neve 😅na Serra da Estrela (que fica bem proximo)!
Espero que gostem do video! E se gostarem, curte, comenta e compartilha!

Bjs 
Agathinha 

#portugal #family #trip #food #europe #europa",Agathinha pelo Mundo!,2024-09-10T15:51:02Z,2672,63,8
wsMVzAIlVT8,https://www.youtube.com/watch?v=wsMVzAIlVT8,AQUI MORA GENTE BRASILEIRA FELIZ | COVILHÃ - PORTUGAL,"● Se você quer MORAR e TRABALHAR em Portugal clique no link e adquira agora a MASTERCLASS para o seu planejamento de mudança: https://bit.ly/masterclassempregoemportugal
 _________________________________________________ 

● Curso que eu estudei e indico MUITO PARA VOCÊ que quer TRABALHAR NO DIGITAL sem precisar aparecer nas redes sociais e sem investir em tráfego pago, apenas utilizando ferramentas de automação de alta tecnologia para você vender automaticamente qualquer produto físico ou digital:
https://bit.ly/ferramentasautomaticasdigital 
_________________________________________________ 

Mais sobre mim: Olá! Eu sou a Mary, uma brasileira morando 25 anos em Portugal, compartilho as minhas experiências vivendo tantos anos fora do Brasil e também a minha jornada de autoconhecimento para viver uma vida autêntica, alegre e significativa. Depois de superar alguns desafios, estou aqui para compartilhar o que aprendi e inspirar você em sua própria jornada na busca de liberdade, não importa a sua idade. 
_________________________________________________

⭐Publicidade: publimarianeolino@gmail.com",Mariane Olino,2020-07-27T14:33:37Z,8582,672,50
N8NI3KhKxkE,https://www.youtube.com/watch?v=N8NI3KhKxkE,Covilhã at night,#travel #drone #sunset #covilhã #portugal #views #DJImini4pro,Hidden Gems From the Sky(Drone),2025-06-23T00:02:35Z,175,5,1
xXzqBXbRlgM,https://www.youtube.com/watch?v=xXzqBXbRlgM,"Liga 3 Placard | Resumo | Amora FC 0 - 3 SC Covilhã | Jornada 1, Fase Manutenção","Liga 3 Placard | Puro Futebol

Acompanha as competições da FPF na app ou em https://canal11.pt

Vê todos os resultados em https://resultados.fpf.pt

Redes sociais:
Instagram https://www.instagram.com/liga3fpf
Facebook https://www.facebook.com/FPFLiga3

Site Oficial FPF | https://www.fpf.pt
Bilheteira Oficial | https://bilheteira.fpf.pt
Loja Oficial | https://portugalstore.fpf.pt
Clube de fãs | https://portugal.fpf.pt
Vem jogar| https://vemjogar.fpf.pt

 #Liga3Placard  #PuroFutebol  #AmoraFC  #SCCovilhã  #Highlights",Federação Portuguesa de Futebol,2026-02-15T18:30:19Z,532,23,0
TeG5X6CZemw,https://www.youtube.com/watch?v=TeG5X6CZemw,"Liga 3 Placard | Resumo | SC Covilhã 1 - 1 UD Santarém | Jornada 12, Série B","Liga 3 Placard | Puro Futebol

Acompanha as competições da FPF na app ou em https://canal11.pt
Vê todos os resultados em https://resultados.fpf.pt

Redes sociais:
Instagram https://www.instagram.com/liga3fpf
Facebook https://www.facebook.com/FPFLiga3
Site Oficial FPF | https://www.fpf.pt
Bilheteira Oficial | https://bilheteira.fpf.pt
Loja Oficial | https://portugalstore.fpf.pt
Clube de fãs | https://portugal.fpf.pt
Vem jogar| https://vemjogar.fpf.pt

 #Liga3Placard  #purofutebol   #SCCovilhã  #UDSantarém  #Highlights",Federação Portuguesa de Futebol,2025-12-07T20:16:53Z,304,9,0
h5PYtQ2ik9k,https://www.youtube.com/watch?v=h5PYtQ2ik9k,🎭 O TEATRO MUNICIPAL DA COVILHÃ NAS PALAVRAS DE RUY DE CARVALHO,"➡ O ator visitou a renovada sala de espetáculos, deixando o seu testemunho de boas lembranças e emoções.
Recordamos que Ruy de Carvalho, protagonista de uma longa e muito reconhecida carreira, deu os seus primeiros passos no mundo da representação neste nosso Teatro Municipal.",Covilhã Município,2021-11-16T11:14:24Z,208,7,0
ctACsmPkIi8,https://www.youtube.com/watch?v=ctACsmPkIi8,Episódio 12: Dia de Supermercado em Portugal | Covilhã,"Fizemos compras de mercado aqui na Covilhã, em Portugal. 
Venha conosco conferir e surpreenda-se com preços de supermercado cá em Portugal!
Descubra quanto as compras de supermercado em Portugal vão impactar no seu orçamento familiar.



________________________________
Sabia que Portugal é muito mais que Lisboa, Porto e Braga?
Conheça e se apaixone pela Covilhã!
________________________________

Instagram

Patrícia: https://www.instagram.com/patricial1nhares/


Hudson: https://www.instagram.com/hudsonaap/


________________________________
#ConhecerPortugal #MoraremPortugal2021 #Covilhã #CustodevidaemPortugal #SupermercadoemPortugal",Centrados em Portugal,2021-02-19T20:19:30Z,6516,494,51
MssqJjvPAHk,https://www.youtube.com/watch?v=MssqJjvPAHk,"Quintinha com moradia para venda na Vila do Carvalho, Covilhã - Portugal - REF.: 111230327","Quinta localizada na Encosta da Serra da Estrela, na Covilhã, com uma área total de 3200m2 de terreno. A configuração do mesmo, por socalcos, evita a erosão do solo e permite a intensificação da produção, tornando-o ideal para cultivo.

Incluído nesta área encontra-se uma habitação com uma área bruta de construção de 72m2, que carece de reabilitação. A estrutura em pedra, confere à mesma uma arquitetura rústica que ao ser requalificada, poderá conservar os seus traços, em perfeita harmonia com a paisagem montanhosa em que se encontram inseridos. Atualmente no local a edificação é constituída por dois pisos e um anexo.

Este imóvel encerra em si a oportunidade de reconstrução da sua habitação própria permanente ou da sua casa de campo com vistas panorâmicas sobre a cidade da Covilhã e com as Serras da Estrela e Serra da Gardunha como tela de fundo.

Para mais fotografias e preço:
Link do imóvel: https://bit.ly/48ojmFY
𝗥𝗘𝗙.: 111230327

Certificado Energético: Excluído do SCE, ao abrigo do Decreto-Lei n.º 101-D/2020 de 07 de dezembro.

Mais informações contacte:

ERA Covilhã
ALTITUDE - Mediação Imobiliária, Lda 
Licença AMI 6863

Telefone: (+351) 275 329 410 (Chamada para a rede fixa nacional)
Website: http://www.era.pt/covilha
Facebook: http://www.facebook.com/eracovilha
Instagram: https://www.instagram.com/eracovilha/",ERA Covilhã,2023-12-04T13:00:17Z,211,1,0
Aa_IqTqucag,https://www.youtube.com/watch?v=Aa_IqTqucag,Apartamento T3 Penedos Altos | Covilhã | Portugal,"3 Bedroom groundfloor apartment in Penedos Altos , Covilhã, Portugal",Teresa Domingues - Remax Ideias ,2024-01-19T01:13:10Z,85,1,0
ky8cngyTMYw,https://www.youtube.com/watch?v=ky8cngyTMYw,Conheça os Meios de Transporte aqui na Covilhã em Portugal  #95,"VLOG 95 - Um assunto muito importante sobre transporte público e meios de locomoção aqui na Covilhã, tanto para trabalhar, quanto para o uso do dia a dia.

Fique a vontade em comentar, o seu comentário é muito importante. 😀

AJUDE o canal a crescer compartilhe este vídeo!

Não clique aqui hein! https://tinyurl.com/53uwv377 👀

_____________________________________
Links mencionados no vídeo:

Trabalhar como Estafeta (Entregador):

Estafeta UberEats
https://www.uber.com/pt/pt-pt/deliver/

Estafeta Glovo
https://couriers.glovoapp.com/pt/

Estafeta Xicos
https://estafetas.xicos.pt/

===============================

Site Covilhã Mobilidade (Transdev):
https://covilhamobilidade.pt/

Horários do Autocarro do Fundão:
https://atf.pt/Horarios.html

Bolt Portugal (Trotinetes e Bicicletas):
https://bolt.eu/pt-pt/

===============================

Trabalhar como Motorista:

Motorista da Uber:
https://www.uber.com/pt/pt-pt/drive/

Motorista da Transdev (Autocarro):
https://www.transdev.pt/recrutamento/ofertas-emprego

Motorista da ATF (Autocarro):
https://atf.pt/Informacoes.html

===============================

Sobre a Licensa TVDE:
https://www.imt-ip.pt/sites/IMTT/Portugues/TransportesRodoviarios/TVDE/Paginas/TVDE.aspx
https://www.imtonline.pt/index.php/9-uncategorised/2291-operadorestvde-2

Certificação de Motoristas de Táxi:
https://www.imt-ip.pt/sites/IMTT/Portugues/TransportesRodoviarios/TransporteTaxi/CertificacaoMotorista/Paginas/CertificacaoMotorista.aspx

Cartas de Condução para Automóveis Pesados de Passageiros com e sem Reboque:
https://www.imt-ip.pt/sites/IMTT/Portugues/Condutores/CartaConducao/PesadosPassageiros/Paginas/AutomoveisPesadosdePassageiros.aspx

_____________________________________
Vídeos que você deve assistir se pensa em morar na Covilhã:

Custo de Vida no Interior de Portugal:
https://youtu.be/BXhVd4Ksg1Q

Tudo Sobre a Covilhã:
https://youtu.be/BVE2-yGA48g

_____________________________________
Bolsa de Empregos e Formação Profissional:

Associação Empresarial da Beira Baixa:
https://www.aebb.pt/

Instituto do Emprego e Formação Profissional:
https://iefponline.iefp.pt/IEFP/index2.jsp

_____________________________________

Links Úteis para sua estadia ou visita em Portugal:

Planilha Financeira 2024:
http://tinyurl.com/PlanilhaFinanceira2024

Onde pesquisar Trabalho na Covilhã:
https://tinyurl.com/BuscarTrabalhosCovilha

Onde encontrar imóveis na Covilhã:
https://tinyurl.com/LinksImoveisCovilha

Veja a média de valores dos imóveis pelo Idealista:
https://www.idealista.pt/arrendar-casas/castelo-branco/covilha/covilha/mapa-google

Lista das Empresas na Zona Industrial do Tortosendo:
https://tinyurl.com/ParqueIndustrialTortosendo

Lista das Empresas na Zona Industrial do Canhoso:
https://tinyurl.com/ParqueIndustrialCanhoso

_____________________________________

Supermecados para comparar preços Online:

Site do Supermercado Pingo Doce:
https://www.pingodoce.pt/

Site do Supermercado Continente:
https://www.continente.pt/

Site do Supermercado Auchan:
https://www.auchan.pt/

_____________________________________

Canal no Telegram com informações gratuitas:
https://t.me/MaeToEmPortugal

Grupo para Interação no Telegram:
https://t.me/MaeEstamosEmPortugal

_____________________________________

WISE (app de câmbio )
Transferir 500 euros sem tarifa é só acessar o link👇🏻

https://wise.com/invite/u/jeffersond489

_____________________________________

Deus em todo tempo é bom!

#portugal #brasileirosemportugal #moraremportugal #covilhã",Jeff e Karine Vida em Portugal ,2024-10-24T17:00:42Z,796,67,24
lOlwBy6i7mU,https://www.youtube.com/watch?v=lOlwBy6i7mU,Covilhã a Cidade Criativa de Design,"Covilhã a Cidade Criativa de Design | À Beira Lã!
A Covilhã Cidade Criativa da UNESCO em Design está a crescer. É uma candidatura que se desenvolve, que agrega, que se abre, que percorre ruas e vielas, que se desenha pelas mãos e pelo olhar de todas as gerações, de todas as proveniências e com tanta emoção!  
Venha connosco desenhar o futuro e deixe o seu testemunho nas nossas redes com a #CovilhãCriativaUNESCO.",Covilhã Cidade Criativa,2021-03-24T15:47:58Z,322,38,3
LJ9TQQ56ihc,https://www.youtube.com/watch?v=LJ9TQQ56ihc,"Liga 3 Placard | Resumo | SC Covilhã 1 - 1 Académica OAF | Jornada 16, Série B","Liga 3 Placard | Puro Futebol

Acompanha as competições da FPF na app ou em https://canal11.pt
 
Vê todos os resultados em https://resultados.fpf.pt

Redes sociais: 
Instagram https://www.instagram.com/liga3fpf 
Facebook https://www.facebook.com/FPFLiga3

Site Oficial FPF | https://www.fpf.pt
Bilheteira Oficial | https://bilheteira.fpf.pt
Loja Oficial | https://portugalstore.fpf.pt
Clube de fãs | https://portugal.fpf.pt
Vem jogar| https://vemjogar.fpf.pt

 #Liga3Placard  #PuroFutebol  #SCCovilhã  #AcadémicaOAF  #Highlights",Federação Portuguesa de Futebol,2026-01-15T16:23:29Z,599,17,0
8mrfsevc7Dk,https://www.youtube.com/watch?v=8mrfsevc7Dk,"Liga 3 Placard | Resumo | SC Covilhã 1 - 0 Caldas SC | Jornada 2, Fase de Manutenção","Liga 3 Placard | Puro Futebol

Acompanha as competições da FPF na app ou em https://canal11.pt

Vê todos os resultados em https://resultados.fpf.pt

Redes sociais:
Instagram https://www.instagram.com/liga3fpf
Facebook https://www.facebook.com/FPFLiga3

Site Oficial FPF | https://www.fpf.pt
Bilheteira Oficial | https://bilheteira.fpf.pt
Loja Oficial | https://portugalstore.fpf.pt
Clube de fãs | https://portugal.fpf.pt
Vem jogar | https://vemjogar.fpf.pt

#Liga3Placard  #PuroFutebol  #SCCovilha  #CaldasSC  #Highlights",Federação Portuguesa de Futebol,2026-02-23T10:15:38Z,658,22,0
YWc3eOJkrko,https://www.youtube.com/watch?v=YWc3eOJkrko,Conheça Covilhã - Nossa nova morada no interior de Portugal 🇵🇹,Nossa nova cidade é encantadora. Viemos mostrar um pouco pra vocês…,"Estamos prontos, vamos!",2022-09-30T23:24:28Z,3228,125,13
TzVqfXpFSis,https://www.youtube.com/watch?v=TzVqfXpFSis,"Liga 3 Placard | Resumo | SC Covilhã 2 - 1 Caldas SC | Jornada 10, Série B","Liga 3 Placard | Puro Futebol
Acompanha as competições da FPF na app ou em https://canal11.pt
Vê todos os resultados em https://resultados.fpf.pt
Redes sociais:
Instagram https://www.instagram.com/liga3fpf
Facebook https://www.facebook.com/FPFLiga3
Site Oficial FPF | https://www.fpf.pt
Bilheteira Oficial | https://bilheteira.fpf.pt
Loja Oficial | https://portugalstore.fpf.pt
Clube de fãs | https://portugal.fpf.pt
Vem jogar| https://vemjogar.fpf.pt #Liga3Placard  #PuroFutebol  #SCCovilhã  #CaldasSC  #Highlights",Federação Portuguesa de Futebol,2025-11-09T21:09:03Z,539,10,0
BH1534M43ew,https://www.youtube.com/watch?v=BH1534M43ew,Pura Lã Hotel - Covilhã,"Check out our weekend trip to the snowy landscape of Serra da Estrela.

Also check out the amazing hotel where we stayed 

www.puralahotel.com.pt

Thank you for the amazing stay",Come With Us,2019-05-16T13:39:24Z,1617,26,7
4yfm7IWuunU,https://www.youtube.com/watch?v=4yfm7IWuunU,🏡 Moradia com Potencial de Rentabilidade - Covilhã - Portugal,"🏡 Moradia com Potencial de Rentabilidade

👉 Habitação, investimento ou ambos? Aqui encontra tudo isso… e mais um pouco! Consulte o preço em: http://era.pt/imovel/111250116

📞 Sabrina Pilar: 913 167 131 (chamada para rede móvel nacional)
📌 Ref.: 111250116

#ERACovilhã #UBI #Moradia #Covilhã #OportunidadeERA #Imobiliária #ComprarCasa #RentabilidadeERA #CentroDaCidade 

ERA Covilhã
Telefone: (+351) 275 329 410 (chamada para rede fixa nacional)
Website: http://www.era.pt/covilha
Facebook: http://www.facebook.com/eracovilha
Instagram: https://www.instagram.com/eracovilha/",ERA Covilhã,2025-10-29T12:34:07Z,253,3,0
mxdReqaRVr4,https://www.youtube.com/watch?v=mxdReqaRVr4,"Elevador Público na Covilhã, Portugal. #shorts #covilhã  #serradaestrela #brasileirosemportugal",,Narramundos,2023-05-17T18:22:36Z,395,21,0
K2EcHMcP0Rg,https://www.youtube.com/watch?v=K2EcHMcP0Rg,Jardim do Lago - Covilhã | Conheça o interior de Portugal,"Neste vídeo mostramos o Jardim do Lago em Covilhã - Portugal. Dele é possível ver um pouco da Cova da Beira e da Serra da Estrela. 

O Jardim do Lago foi construído na parte baixa da cidade, que é uma expansão que ocorreu nas últimas décadas.

Saiba quanto um brasileiro gasta na Covilhã: https://youtu.be/wvkVnkFhpzY

Nosso Insta: https://www.instagram.com/ondeestivermos

#jardimdolago #interiordeportugal #ondeestivermos",Onde Estivermos,2021-12-12T14:18:25Z,524,28,16
JKttHHmmx6o,https://www.youtube.com/watch?v=JKttHHmmx6o,"Liga 3 Placard | Resumo | SC Covilhã 0 - 4 CF Os Belenenses | Jornada 14, Série B","Liga 3 Placard | Puro Futebol

Acompanha as competições da FPF na app ou em https://canal11.pt

Vê todos os resultados em https://resultados.fpf.pt

Redes sociais:

Instagram https://www.instagram.com/liga3fpf

Facebook https://www.facebook.com/FPFLiga3

Site Oficial FPF | https://www.fpf.pt
Bilheteira Oficial | https://bilheteira.fpf.pt
Loja Oficial | https://portugalstore.fpf.pt
Clube de fãs | https://portugal.fpf.pt
Vem jogar| https://vemjogar.fpf.pt

  #Liga3Placard  #PuroFutebol  #SCCovilhã  #CFBelenenses  #Highlights",Federação Portuguesa de Futebol,2025-12-21T18:49:46Z,1483,35,1
9vmnQ9CxgpY,https://www.youtube.com/watch?v=9vmnQ9CxgpY,🌿 Lote de Terreno para Moradia T3 na Covilhã,"🌿 Lote de Terreno para Moradia T3 na Covilhã
Com 590 m² e informação prévia favorável para construir uma moradia moderna! 👉 49.900€

Consulte mais informações em: http://era.pt/imovel/111240082

📞 Joana Proença - (+351) 919 461 869 (chamada para rede móvel nacional)
📌 REF: 111240082

#ERACovilhã #Terreno #Covilhã #OportunidadeERA #SerraGroup",ERA Covilhã,2025-10-28T16:16:54Z,479,1,0
O-TxVxY7DAo,https://www.youtube.com/watch?v=O-TxVxY7DAo,Parque da Goldra at #covilhã #portugal,,Megha&Nitesh,2023-11-25T12:52:32Z,208,0,0
BLi0zgwe2yU,https://www.youtube.com/watch?v=BLi0zgwe2yU,Fomos até a AIMA da Covilhã para a Entrevista da Nossa Residência em Portugal #101,"VLOG 101 - Hoje queremos falar como foi a nossa experiência na entrevista da nossa residência na AIMA na Covilhã em Portugal .

Fique a vontade em comentar, o seu comentário é muito importante. 😀

AJUDE o canal a crescer compartilhe este vídeo!

Não clique aqui hein! https://tinyurl.com/53uwv377 👀

_____________________________________
Transporte Público Covilhã e Fundão:

Covilhã Mobilidade (Transdev):
https://covilhamobilidade.pt/

Horários do Autocarro do Fundão:
https://atf.pt/Horarios.html

_____________________________________
Vídeos que você deve assistir se pensa em morar na Covilhã:

Custo de Vida no Interior de Portugal:
https://youtu.be/BXhVd4Ksg1Q

Tudo Sobre a Covilhã:
https://youtu.be/BVE2-yGA48g

_____________________________________
Bolsa de Empregos e Formação Profissional:

Associação Empresarial da Beira Baixa:
https://www.aebb.pt/

Instituto do Emprego e Formação Profissional:
https://iefponline.iefp.pt/IEFP/index2.jsp

_____________________________________
Links Úteis para sua estadia ou visita em Portugal:

Planilha Financeira 2024:
http://tinyurl.com/PlanilhaFinanceira2024

Onde pesquisar Trabalho na Covilhã:
https://tinyurl.com/BuscarTrabalhosCovilha

Onde encontrar imóveis na Covilhã:
https://tinyurl.com/LinksImoveisCovilha

Veja a média de valores dos imóveis pelo Idealista:
https://www.idealista.pt/arrendar-casas/castelo-branco/covilha/covilha/mapa-google

Lista das Empresas na Zona Industrial do Tortosendo:
https://tinyurl.com/ParqueIndustrialTortosendo

Lista das Empresas na Zona Industrial do Canhoso:
https://tinyurl.com/ParqueIndustrialCanhoso

_____________________________________
Supermecados para comparar preços Online:

Site do Supermercado Pingo Doce:
https://www.pingodoce.pt/

Site do Supermercado Continente:
https://www.continente.pt/

Site do Supermercado Auchan:
https://www.auchan.pt/

_____________________________________
Instagram:
https://www.instagram.com/karine.suzy

https://www.instagram.com/jeffisuh

Canal no Telegram com informações gratuitas:
https://t.me/MaeToEmPortugal

Grupo para Interação no Telegram:
https://t.me/MaeEstamosEmPortugal

_____________________________________
WISE (app de câmbio )
Transferir 500 euros sem tarifa é só acessar o link👇🏻

https://wise.com/invite/u/jeffersond489

_____________________________________

Deus em todo tempo é bom!

#portugal #brasileirosemportugal #moraremportugal #covilhã",Jeff e Karine Vida em Portugal ,2025-03-10T16:00:12Z,1664,212,55
hodC0dH-kO0,https://www.youtube.com/watch?v=hodC0dH-kO0,Junta-te a Nós! CAMPANHA DE RECRUTAMENTO | BOMBEIROS VOLUNTÁRIOS DA COVILHÃ | 2022,"Sabe mais e fala connosco em:
https://www.facebook.com/bvcovilha


Direitos Reservados à Associação Humanitária dos Bombeiros Voluntários da Covilhã.",Dino Art (Dino Art),2022-07-15T19:06:00Z,372,12,1
cniUzr31_ZU,https://www.youtube.com/watch?v=cniUzr31_ZU,"Liga 3 Placard | Resumo | CD Mafra 2 - 0 SC Covilhã | Jornada 13, Série B","Liga 3 Placard | Puro Futebol

Acompanha as competições da FPF na app ou em https://canal11.pt

Vê todos os resultados em https://resultados.fpf.pt

Redes sociais:
Instagram https://www.instagram.com/liga3fpf
Facebook https://www.facebook.com/FPFLiga3

Site Oficial FPF | https://www.fpf.pt
Bilheteira Oficial | https://bilheteira.fpf.pt
Loja Oficial | https://portugalstore.fpf.pt
Clube de fãs | https://portugal.fpf.pt
Vem jogar | https://vemjogar.fpf.pt

#Liga3Placard  #PuroFutebol  #CDMafra  #SCCovilhã  #Highlights",Federação Portuguesa de Futebol,2025-12-13T18:54:04Z,412,11,0
Ske1JOP8m8I,https://www.youtube.com/watch?v=Ske1JOP8m8I,Tuna-MUs | Doce Covilhã,"Uma serenata original da Tuna Médica da Universidade da Beira Interior, Doce Covilhã.
VIII Gala Tuna-MUs, a 30 de janeiro de 2016.",Tuna-MUs - Tuna Médica da UBI,2017-03-18T05:04:52Z,3410,26,0
no4tTyYBTFI,https://www.youtube.com/watch?v=no4tTyYBTFI,Residentes DON ANTÓNIO e Coro Infantil Conservatório Música Covilhã - 23.12.2024 (Hino de Natal),"🌟❤ Duas Gerações, Um Coração: O Natal. Um hino de Natal que aquece o coração. 🌟❤
🎶✨ Neste Natal, a magia da música uniu duas gerações de uma forma especial! A Residência Sénior DON ANTÓNIO tem o prazer de apresentar o nosso hino de Natal, numa colaboração especial com o talentoso Coro Infantil do Conservatório de Música da Covilhã, com 34 crianças que se juntaram aos nossos Residentes para interpretar a belíssima canção ""Glória in Excelsis Deo"".
🌟 O Coro Infantil do Conservatório foi dirigido pelo maestro Bruno Martins e os nossos 11 residentes, foram guiados pelo maestro Alexandre Pontes, que também tocou piano, numa extraordinária interpretação deste clássico de Natal. 
Convidamos todos a assistirem a este momento único e inspirador, que simboliza a união e a esperança que o Natal traz. Venham sentir a alegria e o amor que transbordam neste vídeo, e que juntos possamos desejar a todos um Santo e Feliz Natal! 🌟❤
👉 Clique no link e deixe-se envolver pela magia da música!
 #NatalDonAntónio #DuasGerações #MúsicaDeNatal #GlóriaInExcelsisDeo #ConservatórioMúsicaCovilhã #ResidênciaSéniorDONANTÓNIO #hinoNatal",DON ANTÓNIO Residência Sénior,2024-12-26T22:36:22Z,125,2,0
G-pSwgjMHtM,https://www.youtube.com/watch?v=G-pSwgjMHtM,"VERDELHOS | Serra da Estrela, Covilhã • BEST OF PORTUGAL","𝐓𝐇𝐀𝐍𝐊 𝐘𝐎𝐔 𝐅𝐎𝐑 𝐖𝐀𝐓𝐂𝐇𝐈𝐍𝐆 • 𝐒𝐔𝐁𝐒𝐂𝐑𝐈𝐁𝐄 𝐅𝐎𝐑 𝐌𝐎𝐑𝐄


A perfect place to take a dive in the summer. Verdelhos is a small town in Covilhã / Serra da Estrela north of Portugal, a peacefull place for nature lovers. It snows in winter time.

𝐎𝐧 𝐓𝐡𝐞 𝐌𝐨𝐨𝐧
Original recorded and edited footage

★ ★ ★ ★ ★ ★


✿ 𝐍𝐚𝐭𝐮𝐫𝐞 𝐏𝐥𝐚𝐜𝐞𝐬 𝐘𝐨𝐮 𝐒𝐡𝐨𝐮𝐥𝐝 𝐒𝐞𝐞:
https://www.youtube.com/watch?v=TrOSs2sb7Qo&list=PLz_CC72n5p8QxrGJajoXYhTjJxE4mlQZ1

≋ 𝐑𝐢𝐯𝐞𝐫𝐬, 𝐒𝐭𝐫𝐞𝐚𝐦𝐬 𝐚𝐧𝐝 𝐖𝐚𝐭𝐞𝐫𝐟𝐚𝐥𝐥𝐬:
https://www.youtube.com/watch?v=jt65Wnes6xE&list=PLz_CC72n5p8R7xzQHye18-iBp9aRcHSzv

✺ 𝐁𝐞𝐚𝐜𝐡𝐞𝐬 𝐘𝐨𝐮 𝐒𝐡𝐨𝐮𝐥𝐝 𝐕𝐢𝐬𝐢𝐭:
https://www.youtube.com/watch?v=fBtmXsQpFk0&list=PLz_CC72n5p8Rury_Do4_O-t-sERexQWqD

♞ 𝐑𝐞𝐥𝐚𝐱𝐢𝐧𝐠 𝐀𝐧𝐢𝐦𝐚𝐥𝐬:
https://www.youtube.com/watch?v=H0klAbH56eY&list=PLz_CC72n5p8Ri9Bqsfo0naf3UeMs8Tj7D

♫ 𝐌𝐮𝐬𝐢𝐜 𝐚𝐧𝐝 𝐍𝐚𝐭𝐮𝐫𝐞 𝐒𝐜𝐞𝐧𝐞𝐫𝐲:
https://www.youtube.com/watch?v=nN-1B8BnKug&list=PLz_CC72n5p8QpSk5goNs65t1D3JiTLyUs

☊ 𝐑𝐞𝐥𝐚𝐱𝐢𝐧𝐠 𝐍𝐚𝐭𝐮𝐫𝐞 𝐒𝐨𝐮𝐧𝐝𝐬:
https://www.youtube.com/watch?v=3dk-2IbvLjQ&list=PLz_CC72n5p8Ritvevi8zN3SemD5GdVnhD

★ ★ ★ ★ ★ ★",On The Moon • Filming Nature,2020-07-16T16:42:11Z,4066,98,171
T76l_EZdTXA,https://www.youtube.com/watch?v=T76l_EZdTXA,Sport Hotel Gym + SPA (Covilhã),,Grupo Natura IMB Hotels,2025-03-29T02:37:31Z,118,3,0
IKtJ9Mpj0MY,https://www.youtube.com/watch?v=IKtJ9Mpj0MY,"Liga 3 Placard | Resumo | SC Covilhã 0 - 0 Atlético CP | Jornada 17, Série B","Liga 3 Placard | Puro Futebol

Acompanha as competições da FPF na app ou em https://canal11.pt

Vê todos os resultados em https://resultados.fpf.pt

Redes sociais:

Instagram https://www.instagram.com/liga3fpf

Facebook https://www.facebook.com/FPFLiga3

Site Oficial FPF | https://www.fpf.pt
Bilheteira Oficial | https://bilheteira.fpf.pt
Loja Oficial | https://portugalstore.fpf.pt
Clube de fãs | https://portugal.fpf.pt
Vem jogar| https://vemjogar.fpf.pt

 #Liga3Placard  #PuroFutebol  #SCCovilhã  #AtléticoCP  #Highlights",Federação Portuguesa de Futebol,2026-01-18T11:22:14Z,316,9,0
Pr16dLNpsHQ,https://www.youtube.com/watch?v=Pr16dLNpsHQ,"Liga 3 Placard | Resumo | SC Covilhã 0 - 2 Amora FC | Jornada 9, Série B","Liga 3 Placard | Puro Futebol

Acompanha as competições da FPF na app ou em https://canal11.pt
 
Vê todos os resultados em https://resultados.fpf.pt

Redes sociais: 
Instagram https://www.instagram.com/liga3fpf 
Facebook https://www.facebook.com/FPFLiga3

Site Oficial FPF | https://www.fpf.pt
Bilheteira Oficial | https://bilheteira.fpf.pt
Loja Oficial | https://portugalstore.fpf.pt
Clube de fãs | https://portugal.fpf.pt
Vem jogar| https://vemjogar.fpf.pt #Liga3Placard  #PuroFutebol  #Covilha  #Amora  #Highlights",Federação Portuguesa de Futebol,2025-11-02T22:38:56Z,498,11,0
29cbZkmiaxY,https://www.youtube.com/watch?v=29cbZkmiaxY,O Melhor Natal de Portugal - Covilhã,"“O Melhor Natal de Portugal” foi até à Serra da Estrela descobrir a beleza da Covilhã nesta época mágica.

00:00 Introdução: O Natal na Covilhã 
00:55 O Mega Bolo Nevão: Tradição e Sabor 
04:50 A Tradição do Chá na Covilhã 
07:05 Entrevista Hélio Fazendeiro: Natal com Arte 
11:35 Património e Museus da Cidade 
13:50 Kayzer Ballet: Dança Contemporânea no Interior 
18:25 Atuação: O Lago dos Cisnes 
19:00 Visita à Casa do Pai Natal 
23:15 Luís Cipriano e o Coro Misto da Beira Interior 
26:15 Empreendedorismo: A Tentadora (Mercearia Histórica) 
31:22 Mercado de Artesanato: Negócios Locais 
38:35 Encerramento e Melhores Momentos

#ContaLá #ContarPortugal #Natal #Covilhã #NatalNaCovilhã #SerraDaEstrela #BoloNevão  #TurismoCentro #NatalComArte",Conta Lá,2025-12-13T17:33:19Z,321,7,1
DI1qD51QcE4,https://www.youtube.com/watch?v=DI1qD51QcE4,Hino do Sporting Covilhã (Legendado),Hino do Sporting Clube da Covilhã,Legendense,2019-12-29T02:30:23Z,18812,229,16
-HKyreZbBB4,https://www.youtube.com/watch?v=-HKyreZbBB4,Magna Recordings Radio Show 394 | Halloween Companhia Club (Covilhã) Portugal,"This Halloween Carlos Manaça was back to Companhia Club in Covilhã (North of Portugal). This time he played there for the first with Guitos Live in another almost sold out night at one of the best Portuguese Clubs.

“Djembefola” by Guitos Live and Idd Aziz, with Carlos Manaca and Pedro Carrilho mixes, is out on Magna Recordings

https://bit.ly/GuitosLiveIddAzizDjembefola_Bandcamp


https://bit.ly/GuitosLiveIddAzizDjembefola_Beatport


https://bit.ly/GuitosLiveIddAzizDjembefola_Spotify






More info at


https://linktr.ee/carlosmanaca
https://linktr.ee/magnarecordings


https://music.beepd.co/card/carlosmanaca",Carlos Manaça,2025-11-08T12:26:09Z,3329,63,0
GU4n2bI7mDk,https://www.youtube.com/watch?v=GU4n2bI7mDk,"COMO É COVILHÃ, CASTELO BRANCO - Ponte da Ribeira da Carpinteira - Vlog em Portugal","Apoie o canal :
https://buymeacoffee.com/lucassandonato

- Me siga no Instagram:
https://www.instagram.com/lucassandonato_/

- Conheça melhor o meu trabalho fotográfico: 
https://linktr.ee/lucassandonato?fbcl...

Este canal está totalmente aberto para parcerias. Entre em contato!

living in braga Portugal
travel with me to Portugal",LUCAS SANDONATO,2024-10-07T16:04:56Z,1785,125,29
T20aT_yShik,https://www.youtube.com/watch?v=T20aT_yShik,Photowalk - Covilhã 🇵🇹 08/24 #fujifilm #streetphotography #covilhã #urban #wool #ubi,"Covilhã 🇵🇹 08-24

#fujifilm #fujifilmxe4 #fuji #xe4 #kodakgold200 #filmsimulation #sooc #streetphotography #photowalk #summer #covilha #covilhã #ubi #university #universidadedabeirainterior #universityofbeirainterior #city #urbanart #wool #woolfest #wool_urbanartfestival #beirainterior #serradaestrela #portugal",Tiago Carrola,2024-10-17T16:05:37Z,86,4,0
tEve_hGk4nc,https://www.youtube.com/watch?v=tEve_hGk4nc,"🏡 Moradia T3 no coração do Sobral de São Miguel, Aldeia do Xisto","🏡 Moradia T3 no coração do Sobral de São Miguel, Aldeia do Xisto

📍 Distribuída por 3 pisos, com janelas em PVC para melhor isolamento. 
🔗 Consulte o preço e detalhes em: http://era.pt/imovel/111240119

🌿 Uma excelente opção para habitação própria ou investimento numa das aldeias mais autênticas da Serra da Estrela.

📞 Sabrina Pilar - (+351) 913 167 131 (chamada para rede móvel nacional)
📌 Ref.: 111240119

#ERACovilhã #SobraldeSãoMiguel #AldeiasDoXisto #Moradia #Covilhã",ERA Covilhã,2025-10-28T16:22:09Z,131,2,0
XAmpqbxRPRI,https://www.youtube.com/watch?v=XAmpqbxRPRI,Coolwool - Creative Tourism at Covilhã,"Coolwool : Creative Weekend at Covilhã é um programa para gente curiosa, que gosta de novas experiências, de ser desafiada e de conhecer o local que visita através da sua história e identidade.

Coolwool : Creative Weekend at Covilhã é um programa no formato city break, repleto de criatividade, criações e criadores.

Coolwool : Creative Weekend at Covilhã, é organizado pelo New Hand Lab e pelo Museu de Lanifícios da Universidade da Beira Interior e integra a rede Creatour – Turismo Criativo Portugal.

[eng]

Coolwool: Creative Weekend at Covilhã is a program for curious people, who like new experiences, to be challenged and to know the places they visit through their history and identity.

Coolwool: Creative Weekend at Covilhã is a city break program, full of creativity, creations and creators.

Coolwool: Creative Weekend at Covilhã, is organized by the New Hand Lab and the Wool Museum of the University of Beira Interior and is part of the network Creatour – Turismo Criativo Portugal.",Coolwool Covilha,2019-06-14T11:34:08Z,184,1,0
bOYJ8r5uA2c,https://www.youtube.com/watch?v=bOYJ8r5uA2c,Caro ou Barato? (Restaurante comida fresca em Portugal.) #covilhã #nortedeportugal #portugal,,Márcio Lopes na Europa,2024-01-14T22:03:08Z,1503,0,4
ejCjELo_Mgk,https://www.youtube.com/watch?v=ejCjELo_Mgk,"Top 15 Things To Do In Covilha, Portugal","🏖️ Lisbon Complete Guide 👉 - https://www.youtube.com/watch?v=C1n2KuBa4Ek
Best Tours To Enjoy Covilha - http://bit.ly/CovilhaTours
Cheap Airline Tickets - http://bit.ly/CheapAirlinePrices-
----------------------------------------------------------------------------------------------------------------
Here are top 15 things to do in Covilha, Portugal  
All photos belong to their rightful owners. Credit next to name.
1. Ponte da Ribeira da Carpinteira - http://bit.ly/300tqCu
2. Portas do Sol - http://bit.ly/2J10sgD
3. Elevador do Parque da Goldra - http://bit.ly/2IVwKtd
4. Museu de Lanifícios - http://bit.ly/2IXFE9M
5. Igreja da Misericórdia - http://bit.ly/2IXJ77W
6. Igreja de Santa Maria - http://bit.ly/2ZQAcKT
7. Museu de Arte Sacra - http://bit.ly/2IS2AqE
8. Funicular de Santo André - http://bit.ly/2IVk4Ta
9. Museu do Queijo - http://bit.ly/2IVG5kU
10. Centro Interpretativo da Cereja - http://bit.ly/2ZTmcQr
11. Praça do Município - http://bit.ly/2ZTmlmX
12. Senhora da Boa Estrela - http://bit.ly/2IYimAf
13. Vila do Paul - http://bit.ly/2IVOnJw
14. Torre - http://bit.ly/2ZQTLCT
15. Winter Sport - http://bit.ly/2ZNrHjP

For business inquiries contact us at:
citytravelyt@yahoo.com

covilha portugal,covilha,portugal,visit portugal,portugal (country),covilha tour,covilha tourist,covilha guide,covilha attractions, visit covilha, travel covilha, covilha holiday, things to do in covilha, places to visit in covilha, covilha hotels,covilha flights,covilha airport",City Travel Review,2019-05-26T15:30:54Z,4687,37,2
YrfR_EoB_mU,https://www.youtube.com/watch?v=YrfR_EoB_mU,Resumo: SC Covilhã 1-2 CD Mafra - Liga Portugal SABSEG | SPORT TV,"#SportTV #LigaSabseg 
SC Covilhã-CD Mafra: Fim da partida!

http://www.sporttv.pt
http://www.facebook.com/SPORTTVportugal
http://twitter.com/SPORTTVportugal
http://www.instagram.com/SPORTTVportugal
https://www.linkedin.com/company/sporttv/

Subscreve o nosso canal Youtube:
http://www.youtube.com/subscription_center?add_user=sporttv",sport tv,2023-04-24T22:45:04Z,1616,26,3
UzIGcrTXd7w,https://www.youtube.com/watch?v=UzIGcrTXd7w,Viva o Melhor da Covilhã: Modernidade e Conforto em um Só Lugar.,"Bem-vindo ao Novo Empreendimento na Covilhã. 

JÁ EM COMERCIALIZAÇÃO.

Apartamentos de Tipologias T1, T2, T3 e T4.

Este novo empreendimento habitacional e comercial, em sistema de condomínio fechado, está situado numa área consolidada e repleta de todos os serviços essenciais para o dia a dia. Encontra-se perto de supermercados, escolas, transportes, cuidados de saúde, zonas comerciais, instalações desportivas e universidades. Destacam-se a proximidade ao SerraShopping, ao polo I da Universidade da Beira Interior, ao terminal rodoviário da Covilhã, ao Palácio da Justiça e à estação ferroviária.

🚗 Estacionamento Conveniente As frações de tipologias T2, T3 e T4 possuem garagens espaçosas com capacidade para dois a três veículos, proporcionando ainda mais comodidade aos moradores.

🏊‍♂️ Área de Lazer Completa Na área envolvente, o Edifício Cidade Nova oferece uma piscina aquecida com tratamento a sal e estrutura amovível para uso no outono e inverno, um circuito pedonal, área de ginásio ao ar livre, e um espaço coberto de apoio à piscina, totalmente equipado para convívios.

📍 Localização Privilegiada Este empreendimento está estrategicamente localizado, garantindo fácil acesso a todos os serviços necessários, como supermercados, escolas, transportes, cuidados de saúde, áreas comerciais, instalações desportivas e universidades. Tudo o que você precisa a poucos passos de distância!

☀️ Luz Solar Abundante Desfrute de amplas varandas viradas para nascente/sul, garantindo luz solar durante todo o dia e proporcionando mais luminosidade e bem-estar ao seu lar.

🔨 Acabamentos de Primeira Qualidade O Edifício Cidade Nova foi projetado com atenção meticulosa aos detalhes, oferecendo acabamentos de alta qualidade em todas as áreas, tanto internas quanto externas.

Características das Frações:

• Classificação Energética: A
• Casa inteligente com sistema de domótica.
• Sistema de controlo de iluminação regulável.
• Central de aspiração robotizada.
• Pontos de carregamento para veículos elétricos.
• Climatização com ar condicionado em quartos, sala e cozinha, com aparelhos exteriores e murais interiores adequados à área da divisão.
• Radiadores elétricos para toalhas em todas as casas de banho.
• Bomba de calor para aquecimento de águas quentes sanitárias.
• Sistema de painéis fotovoltaicos para produção de energia elétrica.
• Cozinha equipada com eletrodomésticos da marca Teka ou equivalente: placa vitrocerâmica ou de indução, forno elétrico, exaustor de gaveta, micro-ondas, máquina de lavar louça, máquina de lavar roupa e frigorífico combinado.

Entre em contato hoje mesmo para mais informações ou agendar uma visita.

Estamos comprometidos em oferecer apoio e dedicação na comercialização do seu imóvel. Consulte-nos para uma simulação gratuita de nossos serviços de intermediação de crédito.

Nota: As informações aqui apresentadas são meramente indicativas e podem ser alteradas sem aviso prévio por razões técnicas, comerciais ou legais. Recomenda-se uma visita pormenorizada ao imóvel e consulta dos documentos formais.

Mais informações contacte:

ERA Covilhã
ALTITUDE - Mediação Imobiliária, Lda 
Licença AMI 6863

Telefone: (+351) 275 329 410 (Chamada para a rede fixa nacional)
Website: http://www.era.pt/covilha
Facebook: http://www.facebook.com/eracovilha
Instagram: https://www.instagram.com/eracovilha/

#ConstruçãoNova #ConfortoResidencial #Covilhã #Imobiliária #ERACovilha #ImobiliariaCovilha #ImoveisPortugal #InvestimentoImobiliário #OportunidadeDeInvestimento #ImóveisParaInvestir
#Rentabilidade #MercadoImobiliário",ERA Covilhã,2024-06-15T09:52:26Z,140,1,0
goxbXPLONC8,https://www.youtube.com/watch?v=goxbXPLONC8,O melhor pão de Portugal é da Covilhã.,,Canal Bem Haja,2025-05-15T11:14:08Z,28,0,0
Zc1xaEbrM-o,https://www.youtube.com/watch?v=Zc1xaEbrM-o,Utentes contestam política de transportes na Covilhã,"Utentes contestam política de transportes na Covilhã

A Beira Baixa TV esteve no centro da Covilhã a ouvir utentes que dependem diariamente do transporte público, numa altura em que os reformados e outras pessoas se sentem cada vez mais descontentes com a utilização dos mesmos. 

Em causa está o facto de a gratuitidade dos transportes para os titulares do Cartão Social Municipal, prometida pelo anterior executivo, não avançar este ano. Situação que se agrava pelo aumento do valor dos passes para os reformados. 

Na sequência destas queixas, o presidente da Câmara da Covilhã agendou uma reunião com os sindicatos e as associações de reformados para o dia 26 de janeiro. Ainda assim, garantiu que o aumento do preço dos passes foi um erro e que os valores pagos a mais vão ser devolvidos.

Apesar das críticas, a autarquia assume que as prioridades passam pelo alargamento da rede de transportes e pela criação de um passe concelhio, com um custo mensal de 30 euros.",Beira Baixa TV,2026-01-15T12:48:47Z,86,3,0
SBbrDFUR28I,https://www.youtube.com/watch?v=SBbrDFUR28I,Marchas Populares Covilhã 2025 | Brinc'Ar Livre na Praça do Município,"Que saudades desta noite! ✨ Relembramos a passagem do nosso grupo Brinc'Ar Livre pela Praça do Município durante as Marchas Populares da Covilhã no dia 14 de junho de 2025.

Este vídeo captura um dos momentos mais altos das festas da cidade, onde a tradição, o brilho dos trajes e a dedicação dos marchantes transformaram o centro da Covilhã num palco de pura alegria.

No vídeo vais ver:

- A entrada triunfal na Praça do Município.
- A coreografia completa da Brinc'Ar Livre.
- O ambiente vibrante das Marchas Populares de 2025.

✨ Gostaste da atuação? Deixa o teu Like, subscreve o canal para mais momentos da nossa região e comenta qual foi a tua marcha favorita do ano passado!

#Covilhã #MarchasPopulares #BrincArLivre #Tradição #Covilhã2025",Brinc'Ar Livre,2026-03-08T15:00:00Z,103,7,0
r0nuhDhr5KU,https://www.youtube.com/watch?v=r0nuhDhr5KU,BANDA DA COVILHÃ + ORQUESTRA DE MALABARES - Teaser,"BANDA DA COVILHÃ + ORQUESTRA DE MALABARES - Teaser 

Teatro Municipal da Covilhã 

26 Fevereiro 2022",Runa Films,2022-03-22T10:07:22Z,497,11,1
wVuuajPnB1c,https://www.youtube.com/watch?v=wVuuajPnB1c,Covilhã  -  Anoitecer em tons de Outono,Covilhã - Anoitecer em tons de Outono,BM Drones,2017-11-04T23:09:41Z,463,9,1
uQT3dZByxjc,https://www.youtube.com/watch?v=uQT3dZByxjc,Cidade da Covilhã Celebra hoje 150 Anos da sua Elevação a Cidade!,"O vídeo, em questão, não é de nossa autoria, contudo, aproveitamos a oportunidade de partilhar um pouquinho mais da cidade que nos acolheu....",Africanos na Covilhã,2020-10-20T18:01:21Z,108,12,5
OEe0i_Daixk,https://www.youtube.com/watch?v=OEe0i_Daixk,SUR LA ROUTE DE COVILHÃ - PORTUGAL,"Sur la route de Covilhã - Portugal

Juste avant de quitter le parc naturel de la Serra da Estrela, il y un belvédère (Miradouro Varanda dos Carqueijais - coordonnées GPS: 40.291360, -7.527451) qui offre un excellent point de vue sur la ville de Covilha.

Comme plusieurs autres villes du Portugal, elle se distingue par sa multitude de maisons blanches aux toitures orangées.  Elle se situe dans une vallée qui débute au pied de la chaîne de montagnes.

Nous sommes d'ailleurs passés par le centre historique de cette ville pour nous rendre à Idanha-a-Nova, notre prochaine destination.

Je vous présente donc un court aperçu de cette ville que nous avons trouvé, à première vue, fort jolie.  

********************************************************************

AUTRES VIDÉOS  : 

https://www.youtube.com/playlist?list=PLlRroQCNvchu24SxqOXMJCEaIzzhqYum0

ABONNEZ-VOUS  ► https://www.youtube.com/c/SouthAngelVideo?sub_confirmation=1

SUIVEZ NOUS : 

• BLOGGER      ► http://southangelvideo.blogspot.ca/
• INSTAGRAM ► https://www.instagram.com/annestrasbourg/
• FLICKR          ► http://www.flickr.com/photos/anne_strasbourg/collections/
• TWITTER       ► https://twitter.com/AnneStrasbourg",2 NOMADES,2019-08-19T21:45:14Z,5518,64,3
VutJVcPWChk,https://www.youtube.com/watch?v=VutJVcPWChk,Tokuskopus - Covilhã Cidade Neve,"Covilhã cidade neve 
Fiandeira alegre e contente 
És o gesto que descreve 
O passado heróico e valente                      
 
És das beiras a rainha 
O teu nome é nome de povo 
És um beiral de andorinha 
Covilhã tu és sangue novo                      
 
De manhã quando te levantas 
Que briosa vais p´ro tear 
E os hermínios que tu encantas 
Vestem lã para te namorar 
  
E o pastor nos montes vagueia 
Dorme à noite em lençol de neve 
Ao serão tece longa teia 
Ao teu bem que de longe te escreve 
 
Covilhã cidade flor 
Corpo agreste de cantaria 
Em ti mora o meu amor 
E em ti nasce um novo dia                      
 
Covilhã és linda terra 
És qual roca bailando ao vento 
Em ti aura quando neva 
Covilhã tu és novo tempo",Já b'UBI & Tokuskopus,2023-03-24T18:39:05Z,5982,48,1
IqodyXZY27Q,https://www.youtube.com/watch?v=IqodyXZY27Q,SUB 19 - LUSITANIA - COVILHÃ,,SC Lusitânia,2025-11-15T14:04:12Z,518,4,0
czIzLwaiQps,https://www.youtube.com/watch?v=czIzLwaiQps,#Terminal Rodoviário da Covilhã #Bus station terminal #Covilhã #Portugal,,Keerti Mishra,2024-06-01T07:36:07Z,169,4,0
qG2E9ylA74U,https://www.youtube.com/watch?v=qG2E9ylA74U,4 meses na Covilhã! Nossa experiência,"Completamos quatro meses morando na Covilhã na última quinta-feira e decidimos trazer este vídeo contando 3 coisas ruins e 3 coisas boas (mais um bônus) que encontramos nesta cidade.

Nosso Insta: https://www.instagram.com/ondeestivermos

---

Arte urbana na Covilhã: https://www.youtube.com/watch?v=v5VOIZe2n2c&t=2s
Quando visitamos a Guarda: https://www.youtube.com/watch?v=DRFZssiCKIk&t=1s

---

#Covilhã #moraremPortugal #beirainterior",Onde Estivermos,2021-10-03T22:04:44Z,3596,192,32
YWMZ2hUaX-c,https://www.youtube.com/watch?v=YWMZ2hUaX-c,Explore Covilhã – Malayali From Portugal 🌏,"Explore Covilhã – Malayali From Portugal 

#shorts #MalayaliFromPortugal #exploreportugal #covilhã #portugaltravel",Malayali From Portugal,2025-10-06T23:00:40Z,152,6,1
GhRfuF4EfII,https://www.youtube.com/watch?v=GhRfuF4EfII,Serra Shopping Covilhã #covilhã #portugal,,Germán Solís Gómez ,2023-08-09T10:00:21Z,619,8,0
zpopi2tXJ1o,https://www.youtube.com/watch?v=zpopi2tXJ1o,"#Faculty of medical sciences, #UBI, #Covilhã, #Portugal",,Keerti Mishra,2024-06-01T08:31:28Z,160,5,0
vO7qqNcan-8,https://www.youtube.com/watch?v=vO7qqNcan-8,WOOL 2023 | Covilhã Arte Urbana (versão em português),"WOOL 2023 _ 10º edição
Covilhã, Portugal

10 - 18 Junho


Video
Realizadora _ Mariana Vasconcelos
Editor  _ Mariana Vasconcelos
Música _ Artlist
Tradução _ Mariana Vasconcelos
                    Lara Seixo Rodrigues

Imagens complementares _ ""Covilhã Industrial, Pitoresca e seus Arredores"", Artur Costa de Macedo (1921) + ""Revista Auto Mundo"" (1980) + Arquivo Municipal da Covilhã + RTP Arquivos + Arquivo pessoal de Miguel Saraiva + Desenhos alunos da Escola Básica de São Silvestre + Música ""Hino do Sporting da Covilhã""

+ info
Organização _ WOOL - Covilhã Arte Urbana
Financiamento e apoio _ Covilhã Município 
Apoio Institucional _ Center of Portugal +Turismo  Centro Portugal
Patrocinador Principal _ CIN
Parceiros Logísticos _ Sport Hotel Gym & Spa + Taberna A Laranjinha + Casa das Muralhas + Nata Lisboa Covilhã + Restaurante Montiel + Varanda  da Estrela + Meeat! + Alkimya + Tasca 77 Ó Serrano + A Tentadora + MXC + Kraxas + Graph & Co + Viriatours + amb + Beira Serra - Associação de Desenvolvimento Local + Coviclass
Parceiros Programação _ Asalto + APEE S. Silvestre + Banda da Covilhã + Biblioteca Municipal da Covilhã + Cisma + Escola Secundária Campos Melo + Espaço C3D - MakerSpace Covilhã + Museu da Covilhã + New Hand Lab + Universidade da Beira Interior 
Parceiros Media _ Antena 3 + Canal 180 + Notícias da Covilhã + Gerador 
Comunicação _ Miguel Branco 
Design Gráfico _ Losers Studio

Artistas _ Helen Bur (UK) + Mariana Duarte Santos (PT) + Taxis (GR) + Tiago Hesp (PT) 
Acção Participativa _ Pitanga (PT)
Workshop _ Mariana Duarte Santos (PT)
Concerto _ Entre Portas (PT) 
Filme _ ""Banksy: Procura-se!""
Conversas + Visitas Guiadas + Visita Comentada

Fotografia _ Mariana Vasconcelos


#woolfest #wool_urbanartfestival #covilhã #publicart #urbanart #streetart #socialart #community",WOOL | Covilhã Urban Art,2023-08-03T08:09:27Z,446,22,1
1x79K6f0z2k,https://www.youtube.com/watch?v=1x79K6f0z2k,"Liga 3 Placard | Resumo | Amora FC 2 - 0 SC Covilhã | Jornada 18, Série B","Liga 3 Placard | Puro Futebol

Acompanha as competições da FPF na app ou em https://canal11.pt

Vê todos os resultados em https://resultados.fpf.pt

Redes sociais:
Instagram https://www.instagram.com/liga3fpf
Facebook https://www.facebook.com/FPFLiga3

Site Oficial FPF | https://www.fpf.pt
Bilheteira Oficial | https://bilheteira.fpf.pt
Loja Oficial | https://portugalstore.fpf.pt
Clube de fãs | https://portugal.fpf.pt
Vem jogar | https://vemjogar.fpf.pt

#Liga3Placard  #PuroFutebol  #AmoraFC  #SCCovilhã  #Highlights",Federação Portuguesa de Futebol,2026-01-24T18:03:21Z,397,16,0
5c4ijoMn0sI,https://www.youtube.com/watch?v=5c4ijoMn0sI,"Moradia T6, Sobral de São Miguel - Covilhã - Portugal - REF.: 111240127","Moradia T6 localizada em Sobral de São Miguel, município da Covilhã, em plena Rota das Aldeias de Xisto. 
Inserida numa região, atualmente, com um crescente potencial turístico, esta moradia além de ser uma excelente opção para residência familiar, encontra-se num enquadramento privilegiado para a criação de um alojamento turístico. Sobral de São Miguel, conhecido pelas suas paisagens naturais deslumbrantes, trilhos de caminhadas e rica herança cultural atrai anualmente visitantes de todas as partes. O local perfeito para quem procura refúgio da vida agitada da cidade, embebido em paz e tranquilidade sem abdicar da proximidade aos serviços e comodidades do principal centro urbano - Covilhã. 
O imóvel, com uma distribuição cuidadosa de espaços e potencial de adaptabilidade, possui no rés do chão, uma garagem espaçosa, proporcionando maior conforto e comodidade, um anexo ideal para arrumações ou área de lazer, e um quintal passível de conversão num espaço de convívio. No primeiro piso, a moradia dispõe de seis quartos, que oferecem uma ampla capacidade de acomodação, ideal para famílias numerosas ou para quem precisa de espaços multifuncionais, como escritórios ou áreas de estudo. Conta ainda com duas casas de banho, uma completa equipada com todas as comodidades necessárias, e uma segunda para maior conveniência. O segundo piso conta com uma sala luminosa, com acesso direto ao terraço, uma cozinha funcional, e um espaço de arrumos - passível de conversão em resposta às suas necessidades. 

Não perca a oportunidade de conhecer este imóvel, um excelente investimento inserido num aldeia repleta de história e património cultural e artístico!

Para mais fotografias e preço:
Link do imóvel: www.era.pt/imovel/111240127
𝗥𝗘𝗙.: 111240127

Mais informações contacte:
ERA Covilhã
Telefone: (+351) 275 329 410
Website: http://www.era.pt/covilha
Facebook: http://www.facebook.com/eracovilha
Instagram: https://www.instagram.com/eracovilha/",ERA Covilhã,2024-07-31T13:43:17Z,189,1,0
g57WFxx-5T4,https://www.youtube.com/watch?v=g57WFxx-5T4,Bom dia Covilhã #covilhã #portugal #brasileirosemportugal,,Cris Andrade,2023-08-20T08:26:22Z,244,12,2
rqXV6y50nCE,https://www.youtube.com/watch?v=rqXV6y50nCE,#fundão #castelobranco #covilhã #guarda #portugal,,Joubert Oliveira,2025-09-24T21:41:26Z,113,1,0
ahrDwHzt6ys,https://www.youtube.com/watch?v=ahrDwHzt6ys,Covilhã • Portugal • imigração,"Instagram : https://instagram.com/henrique_roger_?igshid=OGQ5ZDc2ODk2ZA==


#covilhã #portugal #imigração",Rick Roger,2023-09-12T16:14:34Z,264,12,2
7Hm5RempVh8,https://www.youtube.com/watch?v=7Hm5RempVh8,A Covilhã e a Serra da Estrela - Time Lapse da Cova da Beira,"Time Lapse da Covilhã, da Serra da Estrela e da Cova da Beira.
Video com 50.000 fotos, tiradas entre Setembro de 2011 e Novembro de 2012.

Musica dos Sigur Rós, a Hoppípolla (do album Takk, de 2005)

www.facebook.com/JoaoPedroJesus.Fotografia

joaopedrojesus.com

vimeo.com/joaopedrojesus

A time lapse video, from Covilhã and Serra da Estrela (highest mountain in Portugal).
Shooted between Setember 2011 and November 2012, with about 50.000 photos.
With the help from the goodfellas Claudio Martins and Pedro Lopes.
The music is from Sigur Rós, and it's Hoppípolla (from the 2005 album, Takk)",João Pedro Jesus,2012-12-17T03:30:09Z,11548,166,20
BLzaslJV0BI,https://www.youtube.com/watch?v=BLzaslJV0BI,As PRIMEIRAS IMPRESSÕES da Covilhã cidade neve 🇵🇹 Portugal #17,"VLOG 17 - Saímos de Vila do Conde no Porto para viver em uma das cidades do interior de Portugal mais lindas que já vimos a famosa cidade da Covilhã que fica no distrito de Castelo Branco na região central de Portugal bem pertinho da famosa e tão linda Serra da Estrela! 

Fique a vontade em comentar, o seu comentário é muito importante. 😀

Não clique aqui hein! https://tinyurl.com/53uwv377 👀

_____________________________________
Nosso Instagram: 

https://www.instagram.com/jeffisuh
https://www.instagram.com/karine.suzy

_____________________________________

WISE (app de câmbio )
Transferir 500 euros sem tarifa é só acessar o link👇🏻

https://wise.com/invite/ata/jeffersond489

_____________________________________

Deus em todo tempo é bom!

#portugal #custodevidaemportugal #morarnointerior #brasileirosemportugal",Jeff e Karine Vida em Portugal ,2022-07-29T21:00:10Z,5193,325,51
I8Ew3op2YtI,https://www.youtube.com/watch?v=I8Ew3op2YtI,Essa é a Aldeia que escolhemos morar aqui na Covilhã em Portugal #107,"VLOG 107 - Hoje queremos mostrar a Aldeia de Barco, onde compramos a nossa casa e escolhemos para ser nossa morada aqui na Covilhã em Portugal.

Fique a vontade em comentar, o seu comentário é muito importante. 😀

AJUDE o canal a crescer compartilhe este vídeo!

Não clique aqui hein! https://tinyurl.com/53uwv377 👀

_____________________________________
Transporte Público Covilhã e Fundão:

Covilhã Mobilidade (Transdev):
https://covilhamobilidade.pt/

Horários do Autocarro do Fundão:
https://atf.pt/Horarios.html

_____________________________________
Vídeos que você deve assistir se pensa em morar na Covilhã:

Custo de Vida no Interior de Portugal:
https://youtu.be/BXhVd4Ksg1Q

Tudo Sobre a Covilhã:
https://youtu.be/BVE2-yGA48g

_____________________________________
Bolsa de Empregos e Formação Profissional:

Associação Empresarial da Beira Baixa:
https://www.aebb.pt/

Instituto do Emprego e Formação Profissional:
https://iefponline.iefp.pt/IEFP/index2.jsp

_____________________________________
Links Úteis para sua estadia ou visita em Portugal:

Planilha Financeira 2024:
http://tinyurl.com/PlanilhaFinanceira2024

Onde pesquisar Trabalho na Covilhã:
https://tinyurl.com/BuscarTrabalhosCovilha

Onde encontrar imóveis na Covilhã:
https://tinyurl.com/LinksImoveisCovilha

Veja a média de valores dos imóveis pelo Idealista:
https://www.idealista.pt/arrendar-casas/castelo-branco/covilha/covilha/mapa-google

Lista das Empresas na Zona Industrial do Tortosendo:
https://tinyurl.com/ParqueIndustrialTortosendo

Lista das Empresas na Zona Industrial do Canhoso:
https://tinyurl.com/ParqueIndustrialCanhoso

_____________________________________
Supermecados para comparar preços Online:

Site do Supermercado Pingo Doce:
https://www.pingodoce.pt/

Site do Supermercado Continente:
https://www.continente.pt/

Site do Supermercado Auchan:
https://www.auchan.pt/

_____________________________________
Instagram:
https://www.instagram.com/karine.suzy

https://www.instagram.com/jeffisuh

Canal no Telegram com informações gratuitas:
https://t.me/MaeToEmPortugal

Grupo para Interação no Telegram:
https://t.me/MaeEstamosEmPortugal

_____________________________________
WISE (app de câmbio )
Transferir 500 euros sem tarifa é só acessar o link👇🏻

https://wise.com/invite/u/jeffersond489

_____________________________________

Deus em todo tempo é bom!

#portugal #brasileirosemportugal #moraremportugal #covilhã",Jeff e Karine Vida em Portugal ,2025-04-21T19:44:08Z,2456,298,71
t2cZDE02H5Q,https://www.youtube.com/watch?v=t2cZDE02H5Q,VLOG - Passeio ao Mercadão da Covilhã,"Olá! Desta vez fomos fazer compras no Mercado Municipal da Covilhã! Venha passear conosco pelas ruas da cidade e dar uma espiadinha no Mercado Municipal da cidade.

#mercadomunicipal #covilhã #portugal",Onde Estivermos,2021-08-22T18:08:37Z,925,62,19
JXNa7NzIYPs,https://www.youtube.com/watch?v=JXNa7NzIYPs,#Shopping #Continente #Serra shopping #Covilhã #Portugal,,Keerti Mishra,2024-06-22T15:38:36Z,509,4,0
InMusKnL6PI,https://www.youtube.com/watch?v=InMusKnL6PI,Imagens contra a Corrupção - Conservatório de Música da Covilhã,"Vídeo realizado pelas turmas de 5.º e 6.º ano do Conservatório de Música da Covilhã, com a orientação do docente de História e Geografia de Portugal Prof. Sérgio Mendes, no âmbito da participação no Concurso Nacional ""Imagens contra a Corrupção"", promovido anualmente pelo Conselho de Prevenção da Corrupção.",Conservatório Covilhã,2020-04-06T16:33:46Z,842,19,0
iDslJgL_kB0,https://www.youtube.com/watch?v=iDslJgL_kB0,As belezas da cidade de Covilhã Portugal 🇵🇹 #covilhã #portugal #brasileirosemportugal,,Cris Andrade,2023-08-27T18:51:59Z,249,23,2
KaR8CgfeVgo,https://www.youtube.com/watch?v=KaR8CgfeVgo,TOUR APARTAMENTO T2 MUITO BARATO na COVILHÃ em PORTUGAL | Jéssica Vi,"Oi pessoal, tudo bem com vocês ? No vídeo de hoje alguns moradores foram ENTREVISTADOS e me falaram alguns PONTOS POSITIVOS E NEGATIVOS de morar na Covilhã, espero que gostem, bom vídeo ! 

Não se esqueça de se INSCREVER no canal, CURTIR o vídeo e ativar o sininho das notificações.


♡ Contato profissional:
contatojessicavi@gmail.com

♡ Me acompanhe também nas redes sociais:

Instagram:@eujessicavi
https://www.instagram.com/invites/contact/?i=u2aod0xsm1nl&utm_content=n1j2mb

Pinterest: 
https://pin.it/73pEERe

Grupo no telegram: 
https://t.me/+Cnec6_U5BHZmZjg0

♡ Perguntas frequentes:
Onde moro: Covilhã, Portugal
Mãe de primeira viagem
Câmera: Iphone 11
Editor de vídeo: iMovie
Altura 1,60

♡ Vídeos novos toda semana! 

Beijos,

JV. ♡

Tags: 

#covilhã #portugal  #tour #t2 #muitobarato #apartamento #casa",JÉSSICA VI,2022-10-14T21:33:29Z,1445,134,46
G9VbSJIhLJU,https://www.youtube.com/watch?v=G9VbSJIhLJU,Ep #15 - Covilhã - Serra da Estrela!,"Embarcamos nessa aventura de vermos a neve pela primeira vez, na Serra da Estrela! Seguimos nossa viagem para conhecer mais sobre a cidade Portuguesa de Covilhã. Confira o vídeo e fique por dentro da nossa Rota de hoje. 

Siga-nos nas redes sociais:
Instagram - @arota.oficial 
https://www.instagram.com/arota.oficial/

Facebook - @arotaoficial
https://www.facebook.com/arotaoficial

Twitter - @arotaoficial
https://twitter.com/arotaoficial

Se inscreva no canal e ative as notificações para ficar por dentro de todo o nosso conteúdo!!",A ROTA,2021-12-03T12:30:04Z,275,11,4
R1iNXEMYfI0,https://www.youtube.com/watch?v=R1iNXEMYfI0,"Liga 3 Placard | Resumo | Atlético CP 0 - 0 SC Covilhã | Jornada 8, Série B","Liga 3 Placard | Puro Futebol

Acompanha as competições da FPF na app ou em https://canal11.pt

Vê todos os resultados em https://resultados.fpf.pt

Redes sociais: 
Instagram https://www.instagram.com/liga3fpf 
Facebook https://www.facebook.com/FPFLiga3

Site Oficial FPF | https://www.fpf.pt
Bilheteira Oficial | https://bilheteira.fpf.pt
Loja Oficial | https://portugalstore.fpf.pt
Clube de fãs | https://portugal.fpf.pt
Vem jogar | https://vemjogar.fpf.pt

#Liga3Placard  #PuroFutebol  #AtléticoCP  #SCCovilhã  #Highlights",Federação Portuguesa de Futebol,2025-10-26T20:50:04Z,481,9,0
WmRI_SqkCHg,https://www.youtube.com/watch?v=WmRI_SqkCHg,COMO É O NATAL NA COVILHÃ (2022),"Covilhã, ao pé da Serra da Estrela, é linda, aconchegante e charmosa, em meio ao frio (e neve) do interior de Portugal. Veja como é o natal aqui na Covilhã em 2022.

Vamos te mostrar como está a festividade natalina na cidade que moramos, Muitas luzes e uma produção linda e temática para receber essa época tão especial. Nós amamos o Natal e vocês?

Nos sigam no Instagram: @uaimayse e @neuromarketing_aplicado","Estamos prontos, vamos!",2022-12-07T03:00:11Z,2263,115,9
WmcOhZAL3Eo,https://www.youtube.com/watch?v=WmcOhZAL3Eo,Mercado Municipal da Covilhã dá Voz aos Produtores Locais e Valoriza Tradição,"Mercado Municipal da Covilhã dá Voz aos Produtores Locais e Valoriza Tradição

Num ambiente de proximidade e autenticidade, o mercado continua a ser palco da dedicação dos produtores locais, que semana após semana ali partilham os frutos do seu trabalho. Azeite, legumes frescos, frutas da época e ervas aromáticas enchem as bancas, refletindo a riqueza agrícola da Cova da Beira.

Mais do que um espaço de venda, o mercado da Covilhã é um lugar de partilha de histórias e tradições, onde o contacto direto entre produtor e consumidor reforça a confiança e valoriza o que é local.",Beira Baixa TV,2026-01-10T12:07:16Z,121,6,0
upXFscbhBBc,https://www.youtube.com/watch?v=upXFscbhBBc,Dica importante para quem está na cidade de Covilhã #covilhã #portugal,,Cris Andrade,2023-07-09T14:08:43Z,945,65,5
CdMPordsHw4,https://www.youtube.com/watch?v=CdMPordsHw4,Covilhã #portugal #covilha #covilhã,,Germán Solís Gómez ,2023-05-09T04:53:47Z,1446,26,0
3cciBB9JILg,https://www.youtube.com/watch?v=3cciBB9JILg,🌾☀️ #covilhã #brasileirosemportugal #vidaemportugal #serradaestrela #imigrante,,Viajando com Caroline Mevie,2025-04-24T15:49:29Z,970,8,0
IU7bt2vHeTc,https://www.youtube.com/watch?v=IU7bt2vHeTc,Projetos para a Torre de Santo António na Covilhã,Video by Filomeno Paulo and Kevin Araque.,Historia da Cidade,2025-06-03T17:11:43Z,31,3,0
0mH-vQ4ts8E,https://www.youtube.com/watch?v=0mH-vQ4ts8E,COVILHÃ,,Covilhã Município,2017-07-26T14:58:03Z,27386,552,21
ShTHBlSliZM,https://www.youtube.com/watch?v=ShTHBlSliZM,Kuriakos por Aí - Covilhã (03Out17),E fizemos um vídeo da nossa tournée na Covilhã :),Team Kuriakos,2017-10-06T17:30:10Z,1609,56,2
fFdBZzk4MeI,https://www.youtube.com/watch?v=fFdBZzk4MeI,Principais motivos para morar em Portugal 🇵🇹 #covilhã #portugal,,Cris Andrade,2023-08-28T09:37:06Z,204,13,2
yd1B0E9hx0I,https://www.youtube.com/watch?v=yd1B0E9hx0I,"Elevadores na Covilhã, Castelo Branco - Portugal","Já pensou em uma cidade que tivesse elevadores para transportar toda a população? Pois ela existe! Covilhã, Castelo Branco - Portugal 

Trilha Sonora:

Versus Tuna - Menino de Ouro


Encontre tudo sobre Portugal, seja para visitar, fazer um intercâmbio, estudar ou morar; TugaLife é o local certo! A vida em Portugal.

http://tugalife.com
https://www.facebook.com/TugaLifeOficial
https://twitter.com/tugalifeoficial/
https://www.instagram.com/tugalifeoficial",TugaLife - A vida em Portugal,2016-02-22T11:11:51Z,5256,121,6
IvX2kw9TCs0,https://www.youtube.com/watch?v=IvX2kw9TCs0,Greve na Covilhã,"Também na Covilhã, a greve foi bastante sentida. No centro Hospitalar Cova da Beira a adesão foi superior a 70%.

Siga o FALA PORTUGAL em:
🔹  FACEBOOK: https://facebook.com/falaportugal
🔸  INSTAGRAM: https://instagram.com/falaportugaltv
🔹  TIKTOK: https://tiktok.com/@falaportugaltv
🔸  SITE: https://recordeuropa.com/programas/informacao/fala-portugal

Assista o FALA PORTUGAL na TV RECORD: 
📺 MEO 192 | NOS 177 | VOD 134 | NOWO 125 | DIGI 71 | WOO 177 | UZO e AMIGO consultar na app/site

#FalaPortugal #TVRECORD #Informação",Fala Portugal,2025-12-12T11:50:26Z,225,2,5
UL1sbxz1uKg,https://www.youtube.com/watch?v=UL1sbxz1uKg,Trabalhar em Fabrica em Portugal | Morar na Covilhã,"É possível uma mulher trabalhar em fábrica em Portugal?
É preciso de alguma especialização?
Há trabalho em fábricas no interior de Portugal para estrangeiros?
Descubra no vídeo!
______________________________
Já pensou em trabalhar em qualquer lugar do mundo? Descubra como:
https://is.gd/NomadeDigital

https://is.gd/ProfissaoNomade
________________________________
Sabia que Portugal é muito mais que Lisboa, Porto e Braga?
Acompanhe nossas aventuras morando na Covilhã, cidade neve, no interior de Portugal.
Conheça o Centro de Portugal.
Conheça a Beira Interior.
Conheça e se apaixone pela Covilhã!
________________________________
Instagram
https://www.instagram.com/centradosemportugal/",Centrados em Portugal,2022-11-12T19:10:55Z,4671,281,41
BvqmeEPJmuU,https://www.youtube.com/watch?v=BvqmeEPJmuU,COVILHÃ: A SERRA DA ESTRELA COMEÇA AQUI!❄️,COVILHÃ: A SERRA DA ESTRELA COMEÇA AQUI!❄️,Covilhã Município,2020-01-27T13:47:55Z,2316,46,0
qRa4lJjxDG8,https://www.youtube.com/watch?v=qRa4lJjxDG8,"#135 Covilhã, Portugal #covilhã #fogos #wildfire #fire #portugal","Covilhã, Portugal",thecityguy ,2025-08-18T16:46:27Z,222,0,0
dSkIazlHIag,https://www.youtube.com/watch?v=dSkIazlHIag,Covilhã #travel #city #covilhã,,momentos paulao,2024-06-02T02:44:16Z,442,9,0
iP9RB6iu8w0,https://www.youtube.com/watch?v=iP9RB6iu8w0,"Liga 3 Placard | Resumo | CF Os Belenenses 3 - 0 SC Covilhã | Jornada 5, Série B","Liga 3 Placard | Puro Futebol

Acompanha as competições da FPF na app ou em https://canal11.pt 
Vê todos os resultados em https://resultados.fpf.pt

Redes sociais: 
Instagram https://www.instagram.com/liga3fpf 
Facebook https://www.facebook.com/FPFLiga3
Site Oficial FPF | https://www.fpf.pt
Bilheteira Oficial | https://bilheteira.fpf.pt
Loja Oficial | https://portugalstore.fpf.pt
Clube de fãs | https://portugal.fpf.pt
Vem jogar| https://vemjogar.fpf.pt

 #Liga3Placard  #PuroFutebol  #CFOsBelenenses  #SCCovilhã  #Highlights",Federação Portuguesa de Futebol,2025-10-11T23:14:48Z,1386,39,3
IR_IS4xMQFk,https://www.youtube.com/watch?v=IR_IS4xMQFk,"Terreno para venda, próximo ao Parque Fluvial de Casegas, Covilhã - Portugal - Ref.ª.: 111230127","Terreno rústico de 800m2, próximo do Parque Fluvial.

A venda inclui, ainda, uma moradia rústica situada no centro de Casegas, composta por 3 pisos e sótão, necessita de obras de recuperação. 

A versatilidade desta propriedade torna-a atrativa tanto para aqueles que desejam residir lá o ano todo como para investidores que procuram uma oportunidade para alojamento local. Está localizada numa aldeia típica, no sopé da Serra da Estrela, famosa pelo seu rico património etnográfico. 

Fica a cerca de 30 minutos da cidade da Covilhã e a 25 minutos da cidade do Fundão.

Excluído do SCE, ao abrigo do Decreto-Lei n.º 101-D/2020 de 07 de dezembro.

Para mais fotografias e preço:
Link do imóvel:  https://shre.ink/nbqs

Mais informações contacte:
ERA Covilhã
ALTITUDE - Mediação Imobiliária, Lda 
Licença AMI 6863
Telefone: (+351) 275 329 410 (Chamada para a rede fixa nacional)
Website: http://www.era.pt/covilha
Facebook: http://www.facebook.com/eracovilha
Instagram: https://www.instagram.com/eracovilha/",ERA Covilhã,2023-09-16T11:23:24Z,651,1,0
fNm1mB70BEM,https://www.youtube.com/watch?v=fNm1mB70BEM,Covilhã em Cores: Explorando a Arte Graffiti da Cidade,"Covilhã em Cores: Explorando a Arte Graffiti da Cidade
#Covilhã, #ArteGraffiti, #ArteUrbana, #StreetArt, #CulturaPortuguesa, #WoolFestival,
#Murais, #ExplorarPortugal, #TurismoCultural, #CidadeDaLã, #BelezaUrbana, #História,
#GraffitiArt, #AventurasUrbanas, #CaminhadasNaCidade, #PatrimônioCultural,
#ArtistasUrbanos, #RuasColoridas, #MuseuAoArLivre, #InspiraçãoArtística,
#DiscoverCovilha (Inglês), #UrbanArt (Inglês), #ArteNaRua (Português),
#ArteContemporânea (Português), #CovilhaStreetArt (Inglês),
#CulturaEArte (Português), #GraffitiLovers (Inglês),
#FestivalDeArteUrbana (Português), #ArtAndCulture (Inglês),
#Muralismo (Português), #CreativityInTheStreets (Inglês)",Family Fun Travel ,2024-10-22T18:00:33Z,25,0,0
o6g96m5PD0o,https://www.youtube.com/watch?v=o6g96m5PD0o,"Rainbow View at Covilhã,Portugal.  #rainbow #portugal #covilhã #pt #nature #beauty #europe #europa",,Saidur SRS,2025-02-18T13:12:34Z,89,4,1
-hHWcUzgkvo,https://www.youtube.com/watch?v=-hHWcUzgkvo,T2 Covilhã Cidade Neve com vista deslumbrante - T2 Covilhã Snow City with stunning views,"Espetacular casa para moradia ou investimento, lugar de paz e um maravilhoso café ao lado, tranquilo e calmo e próximo a tudo, e deslumbre-se com esta maravilhosa vista da cidade.

Casa disponível e vazia para venda, completamente mobiliada com tudo novo, toda renovada, rede elétrica e de agua novas, teto novo. 

Apenas 4 minutos das Finanças, do Jardim Público, a 7 minutos da Câmara Municipal, e a 4km ou 11 minutos do Serra Shooping.

Se desejar uma consultoria sobre a sua busca, sobre a realidade do local onde se encontra essa casa ou sobre sua busca, seja para moradia ou para esclarecer e direcionar sobre investimentos, principalmente sobre a rentabilidade real local, sobre a vila que pretende, a real demanda por locação e renda, bem como valores médios, etc.

Agende seu atendimento com um dos nossos consultores no seu idioma.

Temos as melhores soluções para si
Receba todas as cotações disponíveis no mercado de credito em Portugal, e seja atendido por profissionais especializados no aconselhamento e gestão de risco de pessoas e bens. Fazemos um levantamento das suas necessidades, aconselhamos os melhores produtos existentes no mercado segurador, garantindo total isenção, na escolha da solução ideal para si!

Importante : Queremos proporcionar a melhor experiência possível para os nossos clientes. algumas das fotos que vê neste anuncio foram geradas através do uso de Inteligência Artificial, essa abordagem inovadora permite que visualize o espaço de maneira mais completa e imersiva.",Tua Casa Tortosendo,2023-08-16T16:54:31Z,337,2,0
0XUzKAZ2U-k,https://www.youtube.com/watch?v=0XUzKAZ2U-k,"""Covilhã"" - Desertuna | XVIII Cidade Berço","XVIII Cidade Berço
03 de março de 2024
""Covilhã"" - Desertuna

Segue a Afonsina nas redes sociais para não perderes nenhuma novidade:
- Facebook: https://www.facebook.com/tunaafonsina
- Instagram: https://www.instagram.com/tunaafonsina/",Afonsina - Tuna de Engenharia da Universidade do Minho,2024-10-03T18:30:00Z,1907,29,1
BiwGTPsd1V0,https://www.youtube.com/watch?v=BiwGTPsd1V0,"COVILHÃ vista de cima, Miradouro Varanda dos Carqueijais. Distrito de Castelo Branco,  Portugal","COVILHÃ vista de cima, Miradouro Varanda dos Carqueijais. Distrito de Castelo Branco,  Portugal.

https://www.facebook.com/portugaldiaadia
https://www.facebook.com/jorge.maia.39589
https://instagram.com/portugal_diaadia?igshid=MzNlNGNkZWQ4Mg==
#portugal_diaadia
@jorgedacostamaia
#jorgedacostamaiacostamaia 
  #tondela #viseu #campodebesteiros #loriga #seia #covilha #castelobranco",portugaldiaadia,2024-06-14T09:17:41Z,170,6,0
eXT4v9lxNWI,https://www.youtube.com/watch?v=eXT4v9lxNWI,elevador de Covilhã #covilhã #brasilemportugal #centralportugal #castelobranco  #portugal,,Davi Patriota Castelo Branco Portugal ,2024-07-10T19:26:23Z,447,27,3
uzzLE351NmY,https://www.youtube.com/watch?v=uzzLE351NmY,"Greve geral: Fábrica Paulo Oliveira, Covilhã, Sindicato Têxteis Beira Baixa","Alice Martins, do Sindicato dos Trabalhadores do Sector Têxtil da Beira Baixa, sobre a adesão à greve na Fábrica Paulo de Oliveira, na Covilhã.",Cgtp Media,2025-12-11T10:10:00Z,442,6,2
SMRIcVFxjHU,https://www.youtube.com/watch?v=SMRIcVFxjHU,Vilarejo de Paul... #shots #portugal #serradaestrela #covilhã #brasileirospelomundo #europe #travel,,João Paulo 85,2024-04-04T13:35:54Z,79,8,0
FWMMtc1QYMI,https://www.youtube.com/watch?v=FWMMtc1QYMI,"Aldeia de São Francisco de Assis, na Covilhã","🌄 Viver com tranquilidade, entre a natureza e a tradição.

A Aldeia de São Francisco de Assis, na Covilhã, oferece o refúgio ideal para quem procura sossego, autenticidade e qualidade de vida. Com paisagens únicas e proximidade à Serra da Estrela, é o local perfeito para viver ou investir num projeto de turismo rural.

🏡 Descubra as oportunidades que esta aldeia tem para oferecer.

📞 ERA Covilhã – (+351) 275 329 410
📸 Instagram / Facebook: @eracovilha",ERA Covilhã,2025-07-15T16:48:11Z,226,0,0
RALggStd2kE,https://www.youtube.com/watch?v=RALggStd2kE,EUropa no centro - Serra Shopping - Covilhã,"No âmbito do ciclo de debates “EUropa no centro”, a eurodeputada Margarida Marques (PS - S&D) esteve no Serra Shopping, na Covilhã,  no passado mês de abril, para abordar temas e iniciativas do Parlamento Europeu, numa conversa aberta ao público presente.

Sobre a iniciativa
O ciclo ""EUropa no centro"" irá promover debates em centros comerciais de várias cidades, onde eurodeputados portugueses irão conversar com os cidadãos. O ciclo de debates pretende que os eurodeputados possam debater temas europeus de interesse geral e apresentar as iniciativas do Parlamento Europeu face a estes desafios, bem como o seu trabalho, num ambiente informal, em espaços muito frequentados pelos cidadãos.

Este formato procura aproximar os portugueses do Parlamento Europeu e contribuir para que conheçam melhor quem são e o que fazem os seus representantes, os temas em agenda no Parlamento Europeu e o impacto da sua atividade em Portugal e nas nossas vidas. Pretende-se que as conversas permitam que os cidadãos tenham um papel ativo nos debates.


Subscrevam o canal:https://www.youtube.com/c/ParlamentoEuropeuPortugal

Sigam o Parlamento Europeu:

Facebook: https://www.facebook.com/parlamento.europeu

Twitter: https://twitter.com/Europarl_PT

Instagram: https://www.instagram.com/parl.europeuportugal/",Parlamento Europeu Portugal,2024-05-10T08:41:23Z,82,0,1
IJGVoY5POTQ,https://www.youtube.com/watch?v=IJGVoY5POTQ,"DESFILE DE CARNAVAL 2025, COVILHÃ","Sexta feira, 28 de Fevereiro (2025) Realizou-se na zona da Anil, Covilhã, mais um desfile de Carnaval com a participação de infantarios, escolas, e associações do Concelho, entre os quais; Casa do Menino Jesus, Obra de Sª Zita, A lã e a Neve, Agrupamento de Escolas do Refúgio, EB Pêro da Covilhã, Conservatório de Música da Covilhã, Associação Centro Social Sagrado Coração de Maria do Ferro, E.R.P.I.  S.C.M. Covilhã, Lar S. José, APPACDM, Fundação Anita Pina Calado-Teixoso....",Fernando Fortuna,2025-03-05T16:31:50Z,148,0,0
jIiMOIVUhzI,https://www.youtube.com/watch?v=jIiMOIVUhzI,Trabalho e Emprego no interior de Portugal 2021| Morar na Covilhã. Ep. 23,"Link do vídeo 2022: https://youtu.be/ypqVTmqPOIg
Vamos falar sobre emprego no interior de Portugal.
Quer saber quais são os empregos na região onde vivemos, na cidade da Covilhã, na Beira Interior, a cidade neve no interior de Portugal?
______________________________
Já pensou em trabalhar em qualquer lugar do mundo? Acesse:
https://is.gd/NomadeDigital

https://is.gd/ProfissaoNomade
________________________________
Sabia que Portugal é muito mais que Lisboa, Porto e Braga?
Acompanhe nossas aventuras morando na Covilhã, cidade neve, no interior de Portugal.
Conheça o Centro de Portugal.
Conheça a Beira Interior.
Conheça e se apaixone pela Covilhã!
________________________________
Instagram
Hudson @hudsonaap
Patrícia @PatriciaL1nhares",Centrados em Portugal,2021-04-02T18:56:52Z,12215,1000,105
oeFCZJw93SQ,https://www.youtube.com/watch?v=oeFCZJw93SQ,Um dos cantinhos mais bonitos de Portugal 🇵🇹 #covilhã,,HIVivendo - Caroline Mevie,2025-06-23T07:20:34Z,1231,5,0
KdS0iqj38Vs,https://www.youtube.com/watch?v=KdS0iqj38Vs,Desertuna - Covilhã | XXXIV FITU Bracara Avgvsta (2025),"XXXIV FITU Bracara Avgvsta
23 e 24 de Maio de 2025
Theatro Circo, Braga",Tuna Universitária do Minho,2025-10-02T14:41:38Z,501,7,0
OHH4DsLKgx8,https://www.youtube.com/watch?v=OHH4DsLKgx8,Covilhã - Cidade 5 Estrelas - Cidade Montanha e da Neve,"Covilhã, Cidade 5 estrelas para descobrir, investir e viver!
Na comemoração dos 140 do Município da Covilhã, partilhamos uma pequena apresentação para conhecer mais sobre a cidade montanha e da neve que oferece inovação, proximidade, lazer, hospitalidade e tradição.
É na Covilhã que se situa a sede da empresa FilipeCosta.com [Especialistas em Tecnologia].
Visite a nossa página em http://www.filipecosta.com para conhecer a nossa oferta de produtos e serviços.",FilipeCosta.com - Tecnologia,2010-10-20T17:44:39Z,19140,120,9
DzXeBQ2tYoI,https://www.youtube.com/watch?v=DzXeBQ2tYoI,"Quinta em Verdelhos, Covilhã - Venda!","🏡 Quinta em Verdelhos com 3.000 m² de terreno urbano
💧 Água própria | 🚗 Garagem
🏗️ Moradia com placa em cimento
☀️ Exposição solar incrível
💶 59.000 €
📲 Contacta a Cov&Home e agenda a tua visita hoje mesmo!”",Cov&Home,2025-05-02T21:30:21Z,60,1,0
oy2U5wGWgFk,https://www.youtube.com/watch?v=oy2U5wGWgFk,Uma manhã mágica na Covilhã ♥️ #turismoportugal #viagens,,Gabi por aí,2024-10-07T09:32:53Z,11,1,0
RUEizOuukBE,https://www.youtube.com/watch?v=RUEizOuukBE,E vcs? 😅👇🏼🙊🙉🙈 #brasileirosemportugal #imigrantesemportugal #vidaemportugal #covilhã #imigração,,Viajando com Caroline Mevie,2025-03-29T11:45:40Z,21,0,0
j28LvPB_2eo,https://www.youtube.com/watch?v=j28LvPB_2eo,Há uma carrinha que leva cuidados médicos às aldeias da Covilhã,"Através do projeto Viv'Aldeia, a Mutualista da Covilhã leva uma unidade médica móvel a nove aldeias do concelho. Médico, enfermeiro, terapeuta e psicólogo dão apoio às populações mais isoladas, algumas afetadas pelos incêndios do último verão.",Conta Lá,2026-01-20T21:00:48Z,307,25,0
Wsg0OikmaVU,https://www.youtube.com/watch?v=Wsg0OikmaVU,Primeira vez na Covilhã: O que eles acharam do interior de Portugal? feat. Marcos Almeida,"Levamos algumas pessoas, entre elas, o cantor e compositor Marcos Almeida, para conhecer um pouco do centro histórico da Covilhã, esta belíssima cidade ao pés da Serra da Estrela, no interior de Portugal.
Eles falam o que acharam da cidade e conhecem algumas das belas artes da cidade.
Vem connosco fazer este passeio noturno pela Covilhã.  
______________________________
Já pensou em trabalhar em qualquer lugar do mundo? Descubra como:
https://is.gd/NomadeDigital

https://is.gd/ProfissaoNomade
________________________________
Sabia que Portugal é muito mais que Lisboa, Porto e Braga?
Acompanhe nossas aventuras morando na Covilhã, cidade neve, no interior de Portugal.
Conheça o Centro de Portugal.
Conheça a Beira Interior.
Conheça e se apaixone pela Covilhã!
________________________________
Instagram
https://www.instagram.com/centradosemportugal/",Centrados em Portugal,2022-09-13T18:33:14Z,891,82,4
8f0VO56eEzw,https://www.youtube.com/watch?v=8f0VO56eEzw,"Covilhã, Iglesia Santa Maria Maior","Covilhã portugal
#covilhã
#Covilhãportugal
#covilhãserraestrela

Covilha. Jardim do lago
https://youtu.be/pxhbnqh6RC8",Germán Solís Gómez ,2023-02-11T10:00:07Z,226,8,0
y59MfT08S8k,https://www.youtube.com/watch?v=y59MfT08S8k,#qualidadedevida #covilhã #interiordeportugal #imigrantesemportugal #brasileirosemportugal,,Viajando com Caroline Mevie,2025-04-12T20:47:34Z,1558,4,0
5Zbw6tNjIeE,https://www.youtube.com/watch?v=5Zbw6tNjIeE,"Terreno Urbano, Covilhã","🌟 Descubra esta excelente oportunidade para construção na Covilhã! 🌟

Este terreno urbano, com 1835m2 está situado numa localização privilegiada, próximo a uma variedade de serviços e comodidades, como a GNR, estação de comboios, supermercados, escolas públicas e o futuro Hospital CUF.

✨ Destaques da moradia:
- Bairro tranquilo;
- Ambiente tranquilo;
- Vistas desafogadas para a Serra da Estrela.

Não perca a oportunidade de conhecer este imóvel único.
Agende já a sua visita e venha ver de perto o que pode ser o seu futuro lar! 🏡

https://www.century21.pt/ref/C0523-00244/

#century21portugal #century21diamond #CENTURY21Portugal #terreno

☎️ (+351) 964668466
✉️ diamond2@century21.pt

Afonso Trindade Unipessoal LDA., AMI 18539
Cada agência é jurídica e financeiramente independente.",Century 21 Diamond Castelo Branco,2025-02-18T17:45:12Z,19,0,0
G8760y-yG8A,https://www.youtube.com/watch?v=G8760y-yG8A,MORAR NO INTERIOR DE PORTUGAL - Covilhã uma cidade incrível #50,"No vídeo de hoje vamos mostrar essa cidade incrível que é Covilhã 

Site da universidade: www.ubi.pt",VIVENDO EM PORTUGAL,2021-03-22T00:04:38Z,32839,2025,247
5IGb9RQyt1Y,https://www.youtube.com/watch?v=5IGb9RQyt1Y,Covilhã a Marchar evocou a memória de personalidadesda história LGBTQIA+com audiowalk,"A Covilhã a Marchar assinalou o dia 17 de maio, Dia Internacional contra a Homofobia, Transfobia e Bifobia, com uma atividade cultural que consiste num audiowalk para evocar a memória de oito personalidades da comunidade LGBTQIA+, entre elas a de Gisberta.",Interior Do Avesso,2024-05-17T23:09:37Z,16,0,0
0Z_RAaqZEQE,https://www.youtube.com/watch?v=0Z_RAaqZEQE,#covilhã #portugal,,Cris Andrade,2023-06-13T18:00:50Z,2693,84,13
8UQ9HD0PTx0,https://www.youtube.com/watch?v=8UQ9HD0PTx0,#covilhã #portugal,,Cris Andrade,2023-08-01T21:02:12Z,428,13,4
sN1xAWM6G3Q,https://www.youtube.com/watch?v=sN1xAWM6G3Q,Lote de Terreno c/ Projeto - Entrada da Covilhã,"Lote de Terreno inserido em loteamento à entrada da Covilhã, a cinco minutos da zona baixa da cidade, onde encontra comércio, serviços e escolas.
Com ótima exposição solar, para alem da vista para a Cova da Beira, fica ainda com vista sobre a Serra da Estrela e parte da cidade.

Com cerca de 834 m2 de terreno, possui área de implantação de 210 m2, área bruta de construção de 502 m2 e mais 142,5 de área dependente.

Já com projeto aprovado que lhe poderá ser cedido, poderá aproveitar e construir esta magnifica moradia que pode ver nas fotos 3D.

Contacte já a Imobretanha e esclareça todas as suas duvidas à cerca do local da sua futura casa.

+ info: https://www.imobretanha.pt/pt/imoveis/lote-de-terreno-c-projeto-entrada-da-covilha_5470/

Contacte já a Imobretanha e venha conhecer de perto este sonho!

IMOBRETANHA
275 313 070 | 969 652 575
geral@imobretanha.pt

www.imobretanha.pt",Imobretanha,2023-03-15T16:15:53Z,48,0,0
AmkJb27kgB0,https://www.youtube.com/watch?v=AmkJb27kgB0,Jardim do Lago. Covilhã. Castelo Branco. Portugal. #306,"Olá! Sejam bem vindos (as)!

 Depois de muito tempo volto a postar mais um vídeo para vocês. Como era de se imaginar, ultimamente tenho tido cada vez menos em Portugal, infelizmente, por isso estou sem conteúdo para estar postando regularmente para vocês, entretanto, conforme já prometi há muito tempo atrás, vou sempre postar um vídeo para vocês toda vez que eu lá estiver. 
Obrigado a todos pelo carinho ao longo desses anos e por todas as mensagens de incentivo que eu recebi.

Um grande abraço!

Abaixo estão os Links de outros vídeos feitos na Covilhã:

Covilhã. Centro - 1ª Parte. Castelo Branco: https://youtu.be/DfRmnJ8vx1I
Feira de São Tiago. Covilhã. Castelo Branco. Portugal. #292 https://youtu.be/FS2Bh6Bk1kY
Covilhã. Centro Histórico. 1ª Parte: https://youtu.be/4vzbgr6afiw
Covilhã. Centro Histórico. 2ª Parte: https://youtu.be/lpMrQvQ2jmM
Covilhã. Centro Histórico. 3ª Parte: https://youtu.be/lpMrQvQ2jmM",Wagner Costa em Portugal,2025-08-15T17:24:22Z,128,12,2
Pr4SXZvf2mc,https://www.youtube.com/watch?v=Pr4SXZvf2mc,"Luzes, magia e tradição: Covilhã abre porta ao Natal","Bolo nevão gigante, chá a fumegar e um coro que encheu a praça. A inauguração do Mercadinho de Natal trouxe música, dança e tradição ao coração da Covilhã, numa noite que acendeu oficialmente o espírito natalício da cidade. A reportagem é da Ana João Pessoa e da Beatriz Minhós.",JornalismoUBI,2025-12-26T16:05:30Z,71,2,0
K2jizAJpcgM,https://www.youtube.com/watch?v=K2jizAJpcgM,Custo de Vida na Covilhã/Portugal --  Como Viver Com Pouco em Uma Cidade Portuguesa,"Para ter uma vida tranquila e estável nem sempre é necessário ter muito. assista o vídeo e saiba mais um pouco sobre uma das cidades portuguesas com o custo de vida acessível.

sigam as nossas páginas no Instagram e no facebook 

Africans In Covilhã

Instagram: Kitutes da Banda",Africanos na Covilhã,2020-09-13T21:09:41Z,1349,95,6
O063eG30A-c,https://www.youtube.com/watch?v=O063eG30A-c,A Biblioteca Municipal da Covilhã num minuto e meio....,#bibliotecamunicipalcovilha #eusoumais #espacosentidos #C3D,Biblioteca Municipal Covilhã,2022-09-30T19:30:01Z,69,3,0
lKQxeghvI0s,https://www.youtube.com/watch?v=lKQxeghvI0s,CENTRO DE INOVAÇÃO EMPRESARIAL DA COVILHÃ,"Na Rua António Augusto de Aguiar, está a nascer o novo Centro de Inovação Empresarial da Covilhã.
#covilhainveste #covilhaatecerofuturo",Covilhã Município,2021-04-27T08:13:59Z,336,13,0
p8UNmmlcef8,https://www.youtube.com/watch?v=p8UNmmlcef8,Não está fácil arranjar Emprego e Trabalho na Covilhã - Portugal 2024 #87,"VLOG 87 - Hoje vamos falar sobre a situação de trabalhos e empregos aqui na Covilhã em Portugal e também falamos um pouco da nossa experiência com a área da restauração (restaurante).

Fique a vontade em comentar, o seu comentário é muito importante. 😀

AJUDE o canal a crescer compartilhe este vídeo!

Não clique aqui hein! https://tinyurl.com/53uwv377 👀

_____________________________________

Vídeos que você deve assistir:

Custo de Vida no Interior de Portugal:
https://youtu.be/BXhVd4Ksg1Q

Tudo Sobre a Covilhã:
https://youtu.be/BVE2-yGA48g

Geração de empregos em 2024 na Covilhã:
https://youtu.be/zFCnp-sZ_KU

_____________________________________

Links Úteis:

Planilha Financeira 2024:
http://tinyurl.com/PlanilhaFinanceira2024

Site do Supermercado Pingo Doce:
https://www.pingodoce.pt/

Site do Supermercado Continente:
https://www.continente.pt/

Onde pesquisar Trabalho na Covilhã:
https://tinyurl.com/BuscarTrabalhosCovilha

Onde encontrar imóveis na Covilhã:
https://tinyurl.com/LinksImoveisCovilha

Lista das Empresas na Zona Industrial do Tortosendo:
https://tinyurl.com/ParqueIndustrialTortosendo

Lista das Empresas na Zona Industrial do Canhoso:
https://tinyurl.com/ParqueIndustrialCanhoso

_____________________________________

Canal no Telegram com informações gratuitas:
https://t.me/MaeToEmPortugal

Grupo para Interação no Telegram:
https://t.me/MaeEstamosEmPortugal

_____________________________________

Nosso Instagram: 

https://www.instagram.com/jeffisuh
https://www.instagram.com/karine.suzy

_____________________________________

WISE (app de câmbio )
Transferir 500 euros sem tarifa é só acessar o link👇🏻

https://wise.com/invite/u/jeffersond489

_____________________________________

Deus em todo tempo é bom!

#portugal #brasileirosemportugal #moraremportugal #covilha",Jeff e Karine Vida em Portugal ,2024-02-01T20:45:03Z,1370,105,41
_cAF9T2RhaM,https://www.youtube.com/watch?v=_cAF9T2RhaM,Quanto deu nossas compras? #covilhã #nortedeportugal  #centrodeportugal #brasileirosemportugal,,Márcio Lopes na Europa,2024-01-19T15:31:00Z,606,28,2
6aukTS4VE8Q,https://www.youtube.com/watch?v=6aukTS4VE8Q,Covilhã - Serra da Estrela - T4 incrível com possível T2 no sótão para escritório ou estúdio.,"Prédio com elevador e ampla garagem para carros maiores. 

Apartamento confortável em fase final de remodelação com entrega prevista nos próximos dias, muito silencioso, ensolarado e muitíssimo bem arejado com vistas incríveis. 

Com duas entradas, uma pela cozinha que ficou um espetáculo a parte de tão grande com casa de banho, e a entrada principal com amplo hall dedicado;
São 4 quartos muito espaçosos todos com armários embutidos; 
2 casas de banho totalmente novas;
O sótão é um detalhe a parte, ele cabe perfeitamente outra moradia, podendo ser um home office, um estúdio, ou seja, é uma tela em branco incrível.
A garagem é muito espaçosa, atendendo perfeitamente carros grandes.

Em frente a Padaria e apenas 100m do supermercado, 850m do Centro da cidade da Covilhã, com Teatro Municipal, Museu, Agências Bancárias, restaurantes e UBI - Universidade Beira Interior.

Assista ao vídeo e veja todo apartamento na íntegra
Disponível para aquisição imediata
Maiores informações e financiamento, basta dizer.",Covilha House,2025-03-26T18:49:56Z,21,0,0
EfQ8q7vc-tc,https://www.youtube.com/watch?v=EfQ8q7vc-tc,Apartamento T2 situado na Rua da Indústria - Covilhã,"📍 Apartamento T2 na Rua da Indústria — Covilhã
Seja para viver com conforto ou investir com segurança, este T2 de 96 m² é uma oportunidade imperdível.

Com sala ampla, quartos com luz natural, varanda, marquise e despensa, o apartamento encontra-se em excelente estado e está localizado numa zona tranquila, com acesso rápido ao centro da cidade.

Assista ao vídeo, veja todos os detalhes e contacte a #Covihome para agendar a sua visita.

🏠 Localização: Rua da Indústria, Covilhã
🛏️ Tipologia: T2
📐 Área total: 96 m²
🕒 A 5 minutos do centro
💡 Excelente exposição solar
📩 Para mais informações: geral@covihome.pt
www.covihome.pt/contactos",Cov&Home,2025-07-09T20:46:30Z,37,0,0
_5hROSDDVYw,https://www.youtube.com/watch?v=_5hROSDDVYw,Resumo SC Covilhã 2-0 Amora FC SAD,"O resumo do jogo da 15ª jornada da Liga 3, no Estádio Municipal José dos Santos Pinto, contra o SC Covilhã.

💙 #CoraçãoDeAmora","Amora FC - Futebol, SAD",2024-01-18T15:08:50Z,67,2,0
60b8R4I9Eow,https://www.youtube.com/watch?v=60b8R4I9Eow,Apresentação Hélio Fazendeiro PS Covilhã 2025,"Hélio Fazendeiro lidera a lista do PS à Câmara Municipal da Covilhã nas próximas Autárquicas.
A apresentação da candidatura decorreu, esta tarde, no exterior da Biblioteca Municipal da Covilhã e contou com a presença de João Soares.
Soares elogiou a dedicação de Hélio Fazendeiro ao PS e à autarquia covilhanense. E alertou que o tempo ""não está para aventuras"", sendo o Hélio ""uma aposta de futuro"".
Hélio Fazendeiro, de 47 anos, natural da Covilhã, onde cresceu e estudou, é licenciado em Engenharia da Produção e Gestão Industrial e é o chefe do Gabinete da Presidência da Câmara Municipal da Covilhã.
O candidato colocou ênfase na expressão  ""é tempo de... dar futuro e desenvolvimento. Cidade que sempre soube reinventar-se. Uma Covilhã para todos e onde todos tenham orgulho de ter nascido... uma cidade que acredita em si própria"".
Identificou o projeto estruturante na área da eletrónica, cruzando inovação e modernidade"".",Beira Baixa TV,2026-03-04T17:21:51Z,26,1,0
vJeaT8eZKCk,https://www.youtube.com/watch?v=vJeaT8eZKCk,"Senhor dos Passos da Covilhã, marcha fúnebre de Vítor Resende - Banda da Covilhã","Partitura e partes ▶ https://afinaudio.ink/4aw9cn8
Banda da Covilhã
Diireção: Carlos Almeida
Compositor: Vítor Resende
Senhor dos Passos da Covilhã - marcha fúnebre

Playlist MARCHAS PROCISSÃO►  http://bit.ly/marchas_procissao

https://www.youtube.com/@canal.afinaudio
Gravação, mistura, edição e masterização pela editora Afinaudio
https://www.afinaudio.pt
═══════════════════════════════════════
▬▬▬▬»» Contactos ««▬▬▬▬
Associação Recreativa Musical Covilhanense - Banda Da Covilhã
Av. Frei Heitor Pinto 1 6200, 6200-113 Covilhã
https://www.facebook.com/bandadacovilhaa
http://www.bandadacovilha.pt/
📞  960 119 969
═══════════════════════════════════════ 
Banda Filarmónica; banda musicale; духовой оркестр; Orchestre d'harmonie; Blasorchester; Concert band; Wind Band; 吹奏楽: blasorchester; harmonieorkest; Musikkapelle; blaskapelle #afinaudiorecording #windband",AfinaudioTube,2024-02-18T11:58:31Z,8007,62,2
2S_HoksTQKI,https://www.youtube.com/watch?v=2S_HoksTQKI,Conhecendo o shopping de Covilhã | Parte 2,"Logo após passarmos pelo Covilhã shopping, resolvemos passar pelo Serra shopping, e adivinha…",THAIS em portugal,2025-01-08T20:48:13Z,309,16,5
izXcE7zFK9I,https://www.youtube.com/watch?v=izXcE7zFK9I,Cidade de Covilhã Portugal #music #automobile #chuvamusica #chuvas #nordeste,,WAGNER TOP GEAR,2025-01-19T21:30:51Z,410,16,0
B1-XIkunRcI,https://www.youtube.com/watch?v=B1-XIkunRcI,D. MARIA HOTEL COVILHÃ (PORTUGAL) - TWIN ROOM,"TO BOOK THIS HOTEL: Hotels.com
https://www.melia.com/en/hotels/portugal/covilha/hotel-covilha-dona-maria-by-melia

D. MARIA HOTEL COVILHÃ (PORTUGAL) - TWIN ROOM #meliacovilhã #mela #covilhã #portugal 

LOCATED ON THE OUTSKIRTS OF THE HISTORICAL COVILHÃ CIT, THE D. MARIA HOTEL OFFERS STUNNING VIEWS OVER THE COVA DA BEIRA VALLEY AND SURROUNDING MOUNTAINS. FREE WIFI AVAILABE.

THE ON SITE HEALT & BEUATY CENTER, NEW ACADEMY, OFFERS A HOT TUB, GYM, SAUNA AND STEAM BATH. GUESTS CAN ALSO MAKE USE OF THE INDOOR SWIMMING POOL.

THE BRIGHT, SPACIOUS AND AIR CONDITIONED ROOMS HAVEA A SEATING AREA WHERE GUESTS CAN ENJOY A DRINK FROM THE MINIBAR. EACH IS FITTED WITH CABLE TV AND A WORK DESK.

THE CITY CENTER IS JUST 2 KM AWAY AND WORTH EXPLORING FOR THE HISTORICAL SQUARES, THE CITY HALL AND THE SANTA MARIA CHURCH. THE D. MARIA HOTEL IS ALSO WITHIN EASY REACH OF GUARDA AND SERRA DA ESTRELA MOUNTAIN RANGES.",Pedro Silva Travel,2022-07-22T09:33:34Z,307,6,0
9g9RrUP9vdc,https://www.youtube.com/watch?v=9g9RrUP9vdc,Liga 3 Placard | Resumo | SC Covilhã 3 - 1 UD Santarém | Jornada 18,"Liga 3 Placard | Puro Futebol

Acompanha as competições da FPF na app ou em https://canal11.pt 

Vê todos os resultados em https://resultados.fpf.pt

Redes sociais: 
Instagram https://www.instagram.com/liga3fpf 
Facebook https://www.facebook.com/FPFLiga3


Site Oficial FPF | https://www.fpf.pt
Bilheteira Oficial | https://bilheteira.fpf.pt
Loja Oficial | https://portugalstore.fpf.pt
Clube de fãs | https://portugal.fpf.pt
Vem jogar| https://vemjogar.fpf.pt #Liga3Placard  #PuroFutebol  #SCCovilha  #UDSantarem  #Highlights",Federação Portuguesa de Futebol,2025-01-25T22:20:45Z,1028,21,1
xc1U-Iypw_U,https://www.youtube.com/watch?v=xc1U-Iypw_U,CONHECENDO O BAIRRO  DO RODRIGO - COVILHÃ INTERIOR DE PORTUGAL,"❤️Olá, tudo bem com você?❤️
❤️Espero que esteja muito bem!❤️

Agradeço por assistir os vídeos e te convido a se inscrever no canal e acompanhar nossas aventuras em Portugal, que está só começando. 😍

Instagram  👉🏻 https://www.instagram.com/cris.mariaferreira/
.
.
.

Nesse vídeo conhecemos o bairro do Rodrigo.
A construção deste bairro foi promovida pela Federação Nacional da Caixa de Previdência dos Lanifícios. O Bairro do Rodrigo foi construído entre 1948 e 1951, situado a este do centro da cidade. 
O bairro desenvolve-se ao longo de uma escadaria que se encontra perpendicular à implantação da escola. Todo o bairro é formado a partir da escola.",Cris Maria na Europa,2023-09-25T20:45:01Z,1359,66,16
cX-IxNZQmZU,https://www.youtube.com/watch?v=cX-IxNZQmZU,Indo para escola #covilhã #portugal,,Cris Andrade,2023-06-15T11:46:24Z,137,7,1
1L9AucbiivA,https://www.youtube.com/watch?v=1L9AucbiivA,Think of me | A.L.WEBBER  [Marina Pacheco & Banda da Covilhã & Carlos Almeida],"A MAGIA DO NATAL • Teatro Municipal da Covilhã [Dec. 2025]
155º Aniversário da Banda da Covilhã

Think of me  [A.L.WEBBER • arr: Diogo Costa]

Carlos Almeida • conductor
Banda da Covilhã


📽 Beira Baixa TV

Dressed by: Sofia Lima Atelier

Follow MARINA PACHECO: 
WEBSITE ▶ https://www.marinapacheco.com",Marina Pacheco,2025-12-15T18:32:08Z,153,10,0
Ne7mfvYvzzQ,https://www.youtube.com/watch?v=Ne7mfvYvzzQ,Banda da Covilhã - Concerto 152º Aniversário com Wanda e Eva Stuart,"Banda da Covilhã - Concerto 152º Aniversário com Wanda e Eva Stuart

Voz - Wanda Stuart  / Eva Stuart
Maestro - Carlos Almeida
Direção Artística - Eduardo Cavaco",Runa Films,2022-12-20T12:35:02Z,471,10,0
OndhejU5y1A,https://www.youtube.com/watch?v=OndhejU5y1A,"Moradia T4 com área de 139.3 m2 em Covilhã, Barroca Grande","🌟Descubra esta encantadora moradia T4, em Castelo Branco, Covilhã perto das Minas da Panasqueira.🌟

Com uma área generosa de 139,3m², esta propriedade usada oferece um espaço acolhedor e funcional, ideal para famílias que procuram conforto e qualidade de vida.

✨ Destaques da propriedade:
- Dispõe de 4 quartos luminosos;
- Cozinha equipada com forno e exaustor;
- Aquecimento central e lareira;
- Pátio e um jardim;
- Garagem e o armazém.

Não perca a oportunidade de conhecer este imóvel único.
Agende já a sua visita e venha ver de perto o que pode ser o seu futuro lar! 🏡

https://www.century21.pt/ref/C0434-00981/

☎️ (+351) 969172660
✉️ giselaramalhinho@century21.pt

Afonso Trindade Unipessoal LDA., AMI 18539
Cada agência é jurídica e financeiramente independente.",Century 21 Diamond Castelo Branco,2025-03-17T11:45:41Z,71,0,0
4YJezgDaf5Q,https://www.youtube.com/watch?v=4YJezgDaf5Q,Covilhã Portugal – A Perfect Day Walk Through the Serra da Estrela Gateway,"Join me on a peaceful walking tour through Covilhã, Portugal—a historic mountain city known as the heart of the Serra da Estrela region and once the center of the country’s wool industry.

In this video, we’ll explore:
🏙️ The charming old town with its steep, cobbled streets and colorful houses
⛪ Beautiful churches and hidden viewpoints with stunning mountain scenery
🚠 The iconic Covilhã University campus 
🍷 Local cafés, traditional shops, and authentic Portuguese vibes

Whether you’re planning a visit or just love virtual travel, this walking tour will show you why Covilhã is one of Portugal’s most underrated destinations.

Don’t forget to like, subscribe, and hit the bell for more walking tours and hidden gems from around the world!

📍 Location: Covilhã, Portugal
🎥 Filmed in: 4K Walking Tour

#Covilhã #Portugal #WalkingTour #TravelPortugal #SerraDaEstrela #HiddenGems #CityWalk #VirtualTour #ExplorePortugal",Life with Suhail,2025-12-25T12:10:41Z,74,0,0
tktyV0FmX7c,https://www.youtube.com/watch?v=tktyV0FmX7c,"#Serra de Estrela, #Covilhã, #Top_view, #Portugal",,Keerti Mishra,2024-06-01T09:25:25Z,11,1,0
7U-X-3X5QB4,https://www.youtube.com/watch?v=7U-X-3X5QB4,"Apartamento T4 - Av. 25 de Abril, Covilhã",,Syleide Gadanho,2025-09-18T00:16:48Z,26,0,0
IX1a6yozo_8,https://www.youtube.com/watch?v=IX1a6yozo_8,"Sporting Clube da Covilhã, 100 anos de História","Videoclipe Jantar Comemorativo SCC
                           100 anos de história
                           100 anos de Sporting Clube da Covilhã",José Cavaca,2023-06-08T17:21:25Z,334,5,0
C4gqc7I9yT0,https://www.youtube.com/watch?v=C4gqc7I9yT0,⚠️🇵🇹  Furtaram nosso chapolin aqui na Covilhã Portugal #pt #portugal #brasileirosemportugal #covilhã,,Vanessa Pires,2023-04-25T14:50:40Z,444,16,0
fIOrxz43ISY,https://www.youtube.com/watch?v=fIOrxz43ISY,João Morais Inácio - Covilhã Cidade Neve (Videoclipe Oficial),"Subscreve: http://bit.ly/M4MProductionsSubscribeChannel

João Morais Inácio 
Spotify: http://bit.ly/JoaoMoraisInacioSpotify 
Instagram - https://www.instagram.com/joaomoraisinacio 
Facebook - http://bit.ly/joaomoraisinaciofacebook 
Official site - https://www.m4mproductions.com/joaomoraisinacio

Letra - Pedro Gonçalves
Música - Nóbrega e Sousa
Interpretação - João Morais Inácio

Starring - Sara Cruz
Sara Cruz Instagram - http://bit.ly/SaraCruzInstagram

Agradecimento Especial - Luisa Leão & Anastasija Galambauskaitè.

Murais (por ordem de aparecimento):
- ""Wild Orphan"", Tâmara Alves (PT) / WOOL 2014

- Arm Collective (PT) / WOOL 2011

- Btoy (ES) / WOOL 2011

- ""Portugal pelas costuras"", Mr. Dheo (PT) / WOOL 2014

- ""Cidade flor"" + ""Em ti mora o meu amor"", Halfstudio (PT) / WOOL 2017

- Regg (PT) / WOOL 2017 (ENED)   

M4M Productions WebSite: http://www.m4mproductions.com 
Facebook: http://www.facebook.com/M4MPro 


Letra
Covilhã cidade neve,
Fiandeira, alegre e contente.
És o gesto que descreve
O passado heroico e valente.

És das beiras a rainha,
O teu nome é nome de povo.
És um beiral de andorinha,
Covilhã tu és sangue novo.

Refrão
De manhã quando te levantas,
Que briosa, vais para o tear
E os hermínios que tu encantas
Vestem lã para te namorar.
E o pastor nos montes vagueia,
Dorme à noite em lençol de neve,
Ao serão teces longa teia
Ao tem bem que de longe te escreve.

Covilhã cidade flor,
Corpo agreste de cantaria,
Em ti mora o meu amor
E em ti nasce o novo dia.

Covilhã és linda terra,
És qual roca bailando ao vento,
Em ti aura quando neva,
Covilhã tu és novo tempo.",M4M Productions Official,2019-06-17T16:53:03Z,8592,189,18
1N-bxB-652Q,https://www.youtube.com/watch?v=1N-bxB-652Q,Mutualista da Covilhã: Almoço convívio - Aniversário 2024,"A Mutualista da Covilhã completou 94 anos de fundação (7 de junho de 1930) e 129 anos de história associativa (11 de junho de 1895) em 2024. As comemorações do aniversário arrancaram a 7 de junho com um almoço convívio que juntou utentes das respostas sociais de apoio à 3ª Idade, familiares, trabalhadores, órgãos sociais, colaboradores e voluntários e estenderam-se até 15 de junho. Veja aqui como foi o almoço, que decorrer no espaço exterior da sede.",Mutualista da Covilhã,2024-06-21T10:40:49Z,156,0,0
wFxlTJWaYyg,https://www.youtube.com/watch?v=wFxlTJWaYyg,Covilhã vista de cima,,Gfaz imagens,2024-12-26T09:52:42Z,23,2,0
ocACwqGKQlk,https://www.youtube.com/watch?v=ocACwqGKQlk,"Portugal férias em Covilhã, Serra da Estrela. #happybirthday #music #brasil #portugal #covilha",,Welington de Oliveira,2024-08-22T18:16:16Z,29,3,0
Sw43hZoCYjI,https://www.youtube.com/watch?v=Sw43hZoCYjI,#dayinmylife #portugal #europe #rotina #comprasmercado #covilhã,,Aimée Pereira,2022-12-03T22:43:56Z,108,6,0
4Apn-oSMTGs,https://www.youtube.com/watch?v=4Apn-oSMTGs,T3 - Canhoso - 5 min da Covilhã,"Apartamento T3 localizado no Canhoso, inserido em edifício com elevador a cinco minutos da Covilhã.
Nas imediações encontra todo o tipo de comércio, assim como escola primária jardim de infância e transportes.

O apartamento encontra-se muito bem estimado e possui áreas generosas. Composto por hall de entrada/corredor com roupeiro, uma cozinha mobilada e semi-equipada (placa, forno exaustor e esquentador). À sua disposição tem uma despensa.

A sala divide-se naturalmente em zona de estar e de jantar, tem acesso a uma ótima varanda com vista para a Serra da Estrela e Covilhã. Um recuperador a pelletes complementa esta divisão.

Pode ainda contar com três quartos, sendo que um deles é suite com wc privativo, composto por banheira. O imóvel conta ainda com mais um wc completo.

Está ainda à sua disposição um lugar de garagem.

Venha conhecer este bom apartamento com a imobiliária Imobretanha.

Contacte já a Imobretanha e saiba mais pormenores.

+ info: https://www.imobretanha.pt/pt/imoveis/t3-canhoso-5-min-da-covilha_5486/

Contacte já a Imobretanha e venha conhecer de perto este sonho!

IMOBRETANHA
275 313 070 | 969 652 575
geral@imobretanha.pt

www.imobretanha.pt",Imobretanha,2023-06-27T14:39:22Z,69,1,0
iAmDbZGm5qE,https://www.youtube.com/watch?v=iAmDbZGm5qE,WOOL Festival: Street Art in Covilhã | Roaming the Colorful Streets of Covilhã in Portugal,"A treasure of urban street art culture is tucked away in the mountains of Portugal: Covilhã has been celebrating the street art festival ""WOOL"" for some 10 years now. Every year, the city invites artists to help design its streets and houses.
-----------------------------------------------------------------------------------------------------------------------
Subscribe to DW Travel
youtube.com/dwtravel

Would you like to find out more about DW Travel? 
▸Website: dw.com/travel
▸Facebook: facebook.com/dw.travel
▸Instagram: instagram.com/dw_travel

DW Travel is showing you the captivating world of travel. Come along with us to regions and cities in Germany, throughout Europe and to far-away destinations.

#StreetArt #Covilha #WoolFestival",DW Travel,2021-08-04T13:00:31Z,4520,115,8
JfLK8VIgGYM,https://www.youtube.com/watch?v=JfLK8VIgGYM,Covilhã City 😁🇵🇹 #covilhã #brasileirosemportugal #vidaemportugal #imigrantesemportugal #imigração,,Viajando com Caroline Mevie,2025-04-11T09:17:40Z,1334,8,3
mBm7v0gZZrY,https://www.youtube.com/watch?v=mBm7v0gZZrY,"Lote para Construção, Covilhã - Portugal - REF.: 111240082","Lote de terreno, com uma área total de 590m², com projeto para uma moradia T3. 
Situado numa zona tranquila e aprazível, a apenas 5 minutos do centro da cidade, esta habitação terá uma área bruta de construção de 270m², combinando modernidade e conforto. 
No projeto o imóvel é composto por um hall de entrada com roupeiro, sala e cozinha em open space, com acesso a uma espaçosa varanda, casa de banho de serviço, 2 quartos com roupeiros embutidos, uma suite master com 2 roupeiros e casa de banho privativa e uma casa de banho com base de duche. Por forma a garantir mais espaço de arrumação, o hall dos quartos detém também um roupeiro. 
De destacar ainda uma garagem espaçosa com capacidade para 3 carros. 
As vantagens deste lote são inúmeras: vistas panorâmicas deslumbrantes para a Serra da Estrela e para a cidade, exposição solar durante todo o dia e uma localização ideal para famílias. Está próximo da Universidade e de uma ampla variedade de serviços, comércio e possui ótima acessibilidade. 

Para mais fotografias e preço:
Link do imóvel: https://www.era.pt/imovel/111240082
𝗥𝗘𝗙.: 111240082


Mais informações contacte:
ERA Covilhã
Telefone: (+351) 275 329 410
Website: http://www.era.pt/covilha
Facebook: http://www.facebook.com/eracovilha
Instagram: https://www.instagram.com/eracovilha/",ERA Covilhã,2024-07-16T14:10:12Z,52,1,0
ePLdCiiCM70,https://www.youtube.com/watch?v=ePLdCiiCM70,Centro de Inclusão Social da Covilhã,"Centro de Inclusão Social da Covilhã
O Centro de Inclusão Social é uma aposta clara da Câmara Municipal da Covilhã no desenvolvimento sustentado e na promoção de novas atividades no centro histórico da cidade, que afirmam a Covilhã como uma Cidade Solidária, Inclusiva e Inovadora.",Covilhã Município,2021-12-28T10:14:37Z,259,6,0
wcshXW36YOw,https://www.youtube.com/watch?v=wcshXW36YOw,#portugal #covilhã,,OCRIA061,2023-08-10T23:40:26Z,737,15,2
2jI--CgxWNo,https://www.youtube.com/watch?v=2jI--CgxWNo,Minha Rotina Em Covilhã- Castelo branco 🏰 PT 🇵🇹,"CONVITE TODO MUNDO AMA O CHRIS:https://linktr.ee/chrisportugal

Grupo Whatsapp 1: https://chat.whatsapp.com/GzLAxIDoldLFQwguYoDQVd

Grupo Whatsapp 2:https://chat.whatsapp.com/DbHUEXoLPJo4mgwEEE9GBx

Instagram: https://www.instagram.com/Chris.Portugall/
Grupo Telegram:https://t.me/+z9zm-XuWudA2Mzc0

Converter Real Para Euro 💶 WISE:https://wise.com/invite/ath/christianc2238

Pessoal Conteúdo de hoje e sobre minha nova Rotina de vida em Portugal, morando em Covilhã Castelo Branco.

índice:
00:00 Introdução
1:10 Como Conseguir Trabalho em Covilhã?
6:35 primeiro dia de Trabalho!
9:40 abrir conta no Santander
10:10 Hotel onde eu Trabalho!

#brasileirosemportugal #covilhã #castelobranco #castelobrancoportugal #trabalharemportugal #vivendoemportugal #imigrantesemportugal #trabalharemportugal #hotéis #hotel #nevesta #serradaestrela",Todo Mundo Ama o Chris!,2022-09-09T21:30:00Z,525,83,42
kiXH_B22d0k,https://www.youtube.com/watch?v=kiXH_B22d0k,WOOL 2022 | Covilhã Urban Art,"WOOL 2022 _ 9th edition
Covilhã, Portugal

10th – 19th June



WOOL 2022 _ 9º edição
Covilhã, Portugal

10 - 19 Junho


Video
Director | Director _ Mariana Vasconcelos
Editor | Editor _ Mariana Vasconcelos
Music | Música _ Artlist
Translation | Tradução _ Mariana Vasconcelos
                                            Elisabet Carceller

+ info
Organization | Organização _ WOOL - Covilhã Arte Urbana
Financing and support | Financiamento e apoio _ Covilhã Município 
Institutional Support | Apoio Institucional _ Center of Portugal +Turismo  Centro Portugal
Main Sponsors | Patrocinadores Principais _ CIN
Logistics Partners | Parceiros Logísticos _ Sport Hotel Gym & Spa + Taberna A Laranjinha + Casa das Muralhas + Varanda da Estrela + Nata Lisboa Covilhã + Restaurante Montiel + Ó Serrano + Venice Burger + Tasca 77 + A Tentadora + MXC + Kraxas + Beira Serra - Associação de Desenvolvimento Local + Graph & Co + Viriatours + AMB + Pena D'água - Boutique Hotel + Quinta dos Termos + Tecnat + WD Retail 
Programme Partners | Parceiros Programação _ Banda da Covilhã + Clube Nacional de Montanhismo + Federação de Desportos de Inverno de Portugal + Museu da Covilhã + Museu de Lanifícios + New Hand lab + Burel Factory 
Media Parters | Parceiros Media _ Antena 3 + Notícias da Covilhã 
Communication | Comunicação _ Miguel Branco 
Graphic Design | Design Gráfico _ Diogo Ferreira

Artists | Artistas _ Cinta Vidal (ES) + Reskate (ES) + Francis.co (PT) + Ruído (PT) 
Community Action | Acção Comunitária _ Mantraste (PT)
Workshop | Workshop _ Mantraste (PT)
Concert | Concerto _ Fred (PT) + First Breath After Coma (PT)
Exhibition | Exposição _ 10 Anos de WOOL por Nuno Sarmento (PT)
Talks + Guided Tours | Conversas + Visitas Guiadas 

Photography | Fotografia _ Gonçalo Xavier Cody 


#woolfest #wool_urbanartfestival #covilhã #publicart #urbanart #streetart #socialart #community",WOOL | Covilhã Urban Art,2022-08-09T10:58:15Z,464,13,3
83fwnt4MKBc,https://www.youtube.com/watch?v=83fwnt4MKBc,"#Covilhã, tem tempo para ti.…",,Covilhã Município,2024-04-23T13:46:42Z,1094,21,0
QCOTyBXOaLo,https://www.youtube.com/watch?v=QCOTyBXOaLo,Serenata à Covilhã - Tuna Médica Feminina da Universidade da Beira Interior.mov,"A C'a Tuna aos Saltos apresenta o seu primeiro videoclip com o Tema original Serenata à Covilhã. Este trabalho pretende homenagear a cidade que nos acolhe enquanto estudantes e imortalizar uma das músicas mais importantes e sentidas desta Tuna.

Em colaboração com um grupo de estudantes de Cinema da UBI, a quem agradecemos desde já foi possível tornar este projecto realidade. 

Ficha Técnica:

Intérpretes: C'a Tuna aos Saltos
Magister Marta Guedes
Letra: Inês Silva
Composição: Isabel Amorim
Produção: Geisa Carla Garcia
Realização: Helder Faria e Luis Sérgio
Argumento: Geisa Carla Garcia, Diogo Carvalho, Diogo Pinhel, Helder Faria e Luis Sergio
Imagens: Carlos Araujo, Gonçalo Franco, Pedro Bessa, Helder Faria e Luis Sergio
Assistentes de produção & realização: Joana Dionísio, Diogo Carvalho e Diogo Pinhal
Som: Helder Faria
Suporte Técnico de som: Rui Garcia
Edição: Gonçalo Franco e Joana Dionisio

Agradecimentos:
Camara Municipal da Covilhã
UBI
AAUBI
ASTA
Santa Casa da Misericordia - Covilhã
Departamento de Artes e Letras - UBI
Associação Centro de Artes Marciais da Covilhã
Adega da Covilhã
GIR Rodrigo
Vereador da Cultura - Dr. Paulo Rosa
Vereador da Atividades Econômicas - Dr. Pedro Farromba.
Coordenador de Mestrado em Cinema - UBI - Frederico Lopes
Professor Francisco Merino
Pedro Paiva
Pedro ""Pinguim""Oliveira
Maria Aurora Verissimo Barbosa
Alberto Pinto Ferreira
Miguel Taborda
Rui Garcia
E a todos que acreditaram que Cinema e Medicina da UBI podem ser Grandes Parceiros.

Esperemos que gostem!

Julho de 2012",catunaaossaltos,2012-07-31T20:00:42Z,4592,44,0
wmU3U1beoPM,https://www.youtube.com/watch?v=wmU3U1beoPM,Geografía de COVILHA (Portugal),Geografía urbana de la ciudad de Covilhâ (Portugal),Regional Geographic,2026-01-30T23:01:29Z,42,0,0
Cdot53dSQXY,https://www.youtube.com/watch?v=Cdot53dSQXY,Animactiva KidsPark - um mundo de sonhos na Covilhã,"O Animactiva KidsPark é o MAIOR espaço de eventos infantis da região! 
Situado na região da Serra da Estrela, na Zona Centro do país, na cidade da Covilhã, com uma localização privilegiada, mesmo em frente ao Centro Hospitalar Cova da Beira (à entrada da Covilhã, atrás da Casa China).
É um espaço multiusos, com 500 m2 de muita animação, ideal para eventos empresariais e eventos infantis. 
É um espaço de referência na região, conhecido como sendo o maior e melhor centro de festas de aniversário infantis e de eventos de animação para crianças (por exemplo os programas de férias desportivas, os eventos de Natal, entre outras), mas também de organização de eventos empresariais de team building e reuniões empresariais.

Para além dos eventos, também se realizam no espaço os seguintes serviços:
- Serviço de venda de balões e enchimento com hélio;
- Venda de material decorativo para festas de aniversário;
- Mascotes profissionais;

No Animactiva KidsPark, também realizamos festas de aniversário e atividades de animação ao domicílio.",Animactiva,2023-04-04T10:47:50Z,46,0,0
BXUTS6GP350,https://www.youtube.com/watch?v=BXUTS6GP350,MentALdeias: Um ano de apoio psicossocial nas aldeias do concelho da Covilhã,"Durante 12 meses, com o apoio do Prémio BPI “la Caixa” Capacitar, a Mutualista da Covilhã executou o MentALdeias - Apoio Pisossocial Pós-Incêndios em Orjais, Sarzedo, Verdelhos, Vale Formoso, Aldeia do Souto e Atalaia e o projeto teve um acolhimento extraordinário junto das comunidades! Partilhamos através deste vídeo alguns dos momentos do MentALdeias.

O MentALdeias foi executado nas aldeias do concelho da Covilhã afetadas pelo violento incêndio de 2022 na Serra da Estrela. O projeto teve como parceiros as Juntas de Freguesia de Verdelhos, Teixoso e Sarzedo, Orjais, Vale Formoso e Aldeia do Souto, Centro de Dia do Sarzedo e Grupo Desportivo e Recreativo Estrelas da Atalaia. Foi executado entre outubro de 2023 e outubro de 2024.",Mutualista da Covilhã,2025-01-02T10:19:46Z,150,0,0
sbkUSljPFZM,https://www.youtube.com/watch?v=sbkUSljPFZM,Imóvel vendido junto ao hospital Chucb Covilhã   #arquitetura #remaxideias  #remax #remaxportugal,,Tiago Martins e Teresa Micaela  Remax ,2024-07-13T10:58:05Z,63,2,0
rPvU_NiuSTY,https://www.youtube.com/watch?v=rPvU_NiuSTY,🏰 𝐏𝐀𝐋𝐀́𝐂𝐈𝐎 𝐓𝟏𝟎 𝐀̀ 𝐕𝐄𝐍𝐃𝐀 𝐍𝐎 𝐓𝐎𝐑𝐓𝐎𝐒𝐄𝐍𝐃𝐎 – COVILHÃ | 490.000 € | LNG5501,"🔗 𝐕𝐞𝐫 𝐦𝐚𝐢𝐬 𝐝𝐞𝐭𝐚𝐥𝐡𝐞𝐬: https://ling.pt/pt/imoveis/palacio-t10-tortosendo-venda_274625/

𝐼𝑚𝑎𝑔𝑖𝑛𝑒 𝑣𝑖𝑣𝑒𝑟 𝑜𝑢 𝑖𝑛𝑣𝑒𝑠𝑡𝑖𝑟 𝑛𝑢𝑚 𝑝𝑎𝑙𝑎́𝑐𝑖𝑜 𝑐𝑜𝑚 𝑚𝑎𝑖𝑠 𝑑𝑒 100 𝑎𝑛𝑜𝑠 𝑑𝑒 ℎ𝑖𝑠𝑡𝑜́𝑟𝑖𝑎, 𝑠𝑖𝑡𝑢𝑎𝑑𝑜 𝑛𝑎 𝑎𝑣𝑒𝑛𝑖𝑑𝑎 𝑝𝑟𝑖𝑛𝑐𝑖𝑝𝑎𝑙 𝑑𝑜 𝑇𝑜𝑟𝑡𝑜𝑠𝑒𝑛𝑑𝑜, 𝐶𝑜𝑣𝑖𝑙ℎ𝑎̃.
Construído por um pastor que prosperou na produção de tecidos, este imóvel preserva a arquitetura e o mobiliário original do início do século XX.

𝐂𝐨𝐦𝐩𝐨𝐬𝐭𝐨 𝐩𝐨𝐫 𝟑 𝐩𝐢𝐬𝐨𝐬, 𝐨 𝐩𝐚𝐥𝐚́𝐜𝐢𝐨 𝐢𝐧𝐜𝐥𝐮𝐢:
Salas amplas, incluindo uma sala de música com piano de cauda 🎹
Suíte com WC em mármore e terraço com vista deslumbrante 🌄
12 quartos no 2º andar, hall nobre e escadaria em madeira
Terreno de 1300 m² com árvores de fruto, tanque e mina de água 🌳

𝑈𝑚 𝑖𝑚𝑜́𝑣𝑒𝑙 𝑐𝑜𝑚 ℎ𝑖𝑠𝑡𝑜́𝑟𝑖𝑎, 𝑐ℎ𝑎𝑟𝑚𝑒 𝑒 𝑒𝑛𝑜𝑟𝑚𝑒 𝑝𝑜𝑡𝑒𝑛𝑐𝑖𝑎𝑙 𝑡𝑢𝑟𝑖́𝑠𝑡𝑖𝑐𝑜, 𝑝𝑒𝑟𝑓𝑒𝑖𝑡𝑜 𝑝𝑎𝑟𝑎 𝑡𝑟𝑎𝑛𝑠𝑓𝑜𝑟𝑚𝑎𝑟 𝑛𝑢𝑚 𝑏𝑜𝑢𝑡𝑖𝑞𝑢𝑒 ℎ𝑜𝑡𝑒𝑙, 𝑡𝑢𝑟𝑖𝑠𝑚𝑜 𝑟𝑢𝑟𝑎𝑙 𝑜𝑢 𝑟𝑒𝑠𝑖𝑑𝑒̂𝑛𝑐𝑖𝑎 𝑑𝑒 𝑙𝑢𝑥𝑜.

📍 Localização privilegiada, a poucos minutos da Serra da Estrela.
📞 𝑴𝒂𝒓𝒒𝒖𝒆 𝒋𝒂́ 𝒂 𝒔𝒖𝒂 𝒗𝒊𝒔𝒊𝒕𝒂!

EN
🏰 𝟏𝟎-𝐁𝐄𝐃𝐑𝐎𝐎𝐌 𝐏𝐀𝐋𝐀𝐂𝐄 𝐅𝐎𝐑 𝐒𝐀𝐋𝐄 𝐈𝐍 𝐓𝐎𝐑𝐓𝐎𝐒𝐄𝐍𝐃𝐎 – COVILHÃ | €490,000
🔗 𝐒𝐞𝐞 𝐦𝐨𝐫𝐞 𝐝𝐞𝐭𝐚𝐢𝐥𝐬: https://ling.pt/pt/imoveis/palacio-t10-tortosendo-venda_274625/

𝐼𝑚𝑎𝑔𝑖𝑛𝑒 𝑙𝑖𝑣𝑖𝑛𝑔 𝑜𝑟 𝑖𝑛𝑣𝑒𝑠𝑡𝑖𝑛𝑔 𝑖𝑛 𝑎 𝑝𝑎𝑙𝑎𝑐𝑒 𝑤𝑖𝑡ℎ 𝑜𝑣𝑒𝑟 100 𝑦𝑒𝑎𝑟𝑠 𝑜𝑓 ℎ𝑖𝑠𝑡𝑜𝑟𝑦, 𝑙𝑜𝑐𝑎𝑡𝑒𝑑 𝑜𝑛 𝑡ℎ𝑒 𝑚𝑎𝑖𝑛 𝑎𝑣𝑒𝑛𝑢𝑒 𝑜𝑓 𝑇𝑜𝑟𝑡𝑜𝑠𝑒𝑛𝑑𝑜, 𝐶𝑜𝑣𝑖𝑙ℎ𝑎̃.
Built by a shepherd who prospered in the production of fabrics, this property preserves the original architecture and furnishings from the early 20th century.

𝐂𝐨𝐦𝐩𝐫𝐢𝐬𝐢𝐧𝐠 𝟑 𝐟𝐥𝐨𝐨𝐫𝐬, 𝐭𝐡𝐞 𝐩𝐚𝐥𝐚𝐜𝐞 𝐢𝐧𝐜𝐥𝐮𝐝𝐞𝐬:
Large rooms, including a music room with a grand piano 🎹
Suite with marble bathroom and terrace with stunning views 🌄
12 bedrooms on the 2nd floor, grand hall and wooden staircase
1300 m² plot with fruit trees, pond and water well 🌳

𝐴 𝑝𝑟𝑜𝑝𝑒𝑟𝑡𝑦 𝑤𝑖𝑡ℎ ℎ𝑖𝑠𝑡𝑜𝑟𝑦, 𝑐ℎ𝑎𝑟𝑚 𝑎𝑛𝑑 𝑒𝑛𝑜𝑟𝑚𝑜𝑢𝑠 𝑡𝑜𝑢𝑟𝑖𝑠𝑡 𝑝𝑜𝑡𝑒𝑛𝑡𝑖𝑎𝑙, 𝑝𝑒𝑟𝑓𝑒𝑐𝑡 𝑓𝑜𝑟 𝑡𝑟𝑎𝑛𝑠𝑓𝑜𝑟𝑚𝑖𝑛𝑔 𝑖𝑛𝑡𝑜 𝑎 𝑏𝑜𝑢𝑡𝑖𝑞𝑢𝑒 ℎ𝑜𝑡𝑒𝑙, 𝑟𝑢𝑟𝑎𝑙 𝑡𝑜𝑢𝑟𝑖𝑠𝑚 𝑜𝑟 𝑙𝑢𝑥𝑢𝑟𝑦 𝑟𝑒𝑠𝑖𝑑𝑒𝑛𝑐𝑒.

📍 Privileged location, just a few minutes from Serra da Estrela.
📞 𝑩𝒐𝒐𝒌 𝒚𝒐𝒖𝒓 𝒗𝒊𝒔𝒊𝒕 𝒏𝒐𝒘!

#lingteam #sobonsnegocios #palacio #tortosendo #covilha #serradaestrela #imobiliarioportugal #portugalproperty #realestateportugal #luxuryhomes #turismorural #casashistoricas #heritagehome #arquiteturaportuguesa #investimentoimobiliario #mansaoportuguesa #vidanocampo #countryestate #portugalluxury #oportunidade #lifestyleportugal",Ling Imobiliária - Real Estate Portugal,2025-11-16T11:01:28Z,184,11,0
TnueJwV1rY8,https://www.youtube.com/watch?v=TnueJwV1rY8,"🏡 Lote com Projeto para Moradia T3, Covilhã","🏡 Lote com Projeto para Moradia T3, Covilhã

✨ Destaques:
▪️ Terreno de 590m² com projeto aprovado para Moradia T3
▪️ Área bruta de construção de 270m²
▪️ Vistas panorâmicas sobre a Serra da Estrela e a cidade

🌿 Localizado numa zona tranquila, a apenas 5 minutos do centro da Covilhã, este lote oferece o equilíbrio perfeito entre modernidade, conforto e qualidade de vida. Uma oportunidade única para construir a casa dos seus sonhos!

📞 Joana Proença - (+351) 919 461 869 (chamada para rede móvel nacional)
🔗 http://era.pt/imovel/111240082

#ERACovilhã #Terreno #ProjetoMoradia #Covilhã #SerraDaEstrela #serragroup",ERA Covilhã,2026-03-30T13:37:50Z,8,0,0
1HQMt0A6B4s,https://www.youtube.com/watch?v=1HQMt0A6B4s,Terreno Industrial - Parque Industrial do Tortosendo Covilhã,"🏭 Terreno Industrial PREMIUM no Parque Industrial do Tortosendo, Covilhã. Uma oportunidade única para expandir ou criar a sua nova unidade estratégica.

✅ Localização Estratégica: Junto à A23! 🛣️
- Lisboa: 2h30
- Fronteira Espanha: 1h
- Perfeito para Logística Nacional e Ibérica!

✨ Lote N.º 112 / Área Total 4181m2

💡 PORQUÊ ESTE PARQUE?
- Ecossistema Consolidado (Têxtil, Agroindústria, Logística).
- Infraestruturas COMPLETAS (Gás Natural, Fibra Ótica, Saneamento).
- Agilidade no licenciamento.

Este é o *hub* onde a sua empresa está destinada a prosperar. Não perca tempo!

📞 Contate-me hoje para mais detalhes!
RITA FREIRE | +351 962 983 404 | rita.freire@remax.pt
#TerrenoIndustrial #Investimento #Covilhã #Tortosendo #ImobiliárioIndustrial #A23 #Logística #OportunidadeDeNegócio
AMI 7772",Rita Freire,2025-11-28T12:44:42Z,23,0,0
4afvK8qzjBw,https://www.youtube.com/watch?v=4afvK8qzjBw,Party Time 🤩 #portugal #covilhã #like #view #pool #ball #foryou #ballpool @WK_Vlogs,,W K Vlogs 🤩,2023-06-04T06:49:56Z,370,4,0
LQ13uhyDyXY,https://www.youtube.com/watch?v=LQ13uhyDyXY,#covilhã ❤️🤸🏼‍♀️ #imigrantesemportugal #vidaemportugal #brasileirosemportugal #imigrantepelomundo,,Viajando com Caroline Mevie,2025-01-25T17:54:56Z,42,2,0
-4mrFcHWiak,https://www.youtube.com/watch?v=-4mrFcHWiak,Resumo: Desportivo CB x SC Covilhã - Torneio de Apuramento de Iniciados 2021/2022 - 4ª Jornada,"Torneio de Apuramento de Iniciados 2021/2022 - 4ª Jornada
Desportivo CB 2x1 SC Covilhã",Sporting Clube da Covilhã - Futebol de Formação,2021-12-29T12:22:53Z,263,3,0
zEU1JATjshk,https://www.youtube.com/watch?v=zEU1JATjshk,#covilhã One of best city of #portugal #shorts #mountains #hiking,,Portugal 🇵🇹 ,2024-10-20T11:37:55Z,479,8,0
CMjYPHYTGIM,https://www.youtube.com/watch?v=CMjYPHYTGIM,serra da estrela #adventure #citroen #covilhã #serradaestrela #torre #serra #family #nosnow,,Homem Rã Production's,2024-02-18T20:37:19Z,30,1,0
juULYs3B8bE,https://www.youtube.com/watch?v=juULYs3B8bE,"Beira Baixa, Outono de cores, Covilhã a 18-11-2025","Beira Baixa, Outono de cores, Covilhã a 18-11-2025, é momento colorido nesta época fria mas agradável...
-Beira Baixa, Herfst van Kleuren, Covilhã op 18 november 2025, is een kleurrijk moment in dit koude maar aangename seizoen...
-Beyra-Baysha, Osinʹ kolʹoriv, Kovilʹyan 18 lystopada 2025 roku, – tse barvysta mytʹ u tsyu kholodnu, ale pryyemnu poru roku...
-Beira Baixa, Herbst der Farben, Covilhã am 18. November 2025, ist ein farbenprächtiger Moment in dieser kalten, aber angenehmen Jahreszeit...
-Beira Baixa, Automne des Couleurs, Covilhã, le 18 novembre 2025, est un moment haut en couleurs dans cette saison froide mais agréable...
-Beira Baixa, Autumn of Colors, Covilhã on November 18, 2025, is a colorful moment in this cold but pleasant season...
http://videos.sapo.pt/beites/playview/2
https://www.dailymotion.com/jabeiteslp
https://jabeiteslp.blogs.sapo.pt/
https://anjodaesquina.blogs.sapo.pt/",TheBeites,2025-11-18T21:22:25Z,250,4,6
kEavkdPj9R8,https://www.youtube.com/watch?v=kEavkdPj9R8,"In The Mood for Beira: Part 1 | Serra da Estrela, Covilhã, Belmonte & Sortelha | Travel Portugal","The Beira region in Portugal is sprawling, mysterious, and picturesque -- a region that quietly revels in its own unbridled magnificence, a region that offers some of the most dramatic landscapes you'll ever find in the entire country. This is the hinterland of central-eastern Portugal, the mountainous frontier that rises up to the mainland's highest altitudes in Serra da Estrela, the mountain range that sits like a glorious crown in this region.

This is my first time in this part of the country, and I was enthralled by the number of visions of mountain towns and villages, some of which are untouched by time. During my stay here, I stayed in Pousada da Serra da Estrela, a 20th-century sanatorium turned historic hotel, and then afterwards, at Pousada Convento de Belmonte, a 13th-century Franciscan convent turned into a rustic rural retreat. Both of which are surrounded by nature, the silence and the purity of mountain air.

Then I've had a taste of the Beira Interior wine region, thanks to the guide of sommelier Salvador Borges de Castro and Pedro Carvalho from Quinta dos Termos, who both introduced me to the superb and elegant wines here.

Thank you for watching this Part 1 of In The Mood for Beira. Stay tuned for Part 2!

#beira #portugal #visitportugal #beirainterior #inthemoodforlife

_________________

⭐ Thank you to the official sponsor of this episode, Pestana Hotel Group. Grateful for supporting my channel! Check out Pousada da Serra da Estrela: https://bit.ly/36FH1U7

Pousadas de Portugal: https://www.pousadas.pt

⭐ A great acknowledgment to Pedro Carvalho of Quinta dos Termos for welcoming us and providing the best wine tasting in the Beira region. Visit: https://www.facebook.com/quintadostermos

⭐ A huge thank you to the one-of-kind sommelier Salvador Borges de Castro for introducing me to the Beira region. 

Join Salvador Sommelier for private wine tasting experience in Lisbon & guided wine tours in Portugal: https://abnb.me/8h5yVpJueub

Follow Salvador Sommelier
Facebook: https://www.facebook.com/salvadorsommelier
https://www.instagram.com/salvadorsommelier

_________________


Subscribe to my Youtube Channel: https://tinyurl.com/janzyoutube
Buy me coffee: https://www.buymeacoffee.com/janzantoniago
Follow me on Instagram: https://www.instagram.com/janzantoniago
Sign up to my Newsletter: http://inthemoodforlife.one/
Contact me for Business: editor@janzantoniago.com

Follow In The Mood for Life on Instagram: https://www.instagram.com/inthemoodforlife.one

Follow In The Mood for Life on Facebook: https://www.facebook.com/inthemoodforlife.one

Watch other videos on my channel, for the memories:

In The Mood for Rome // https://youtu.be/jkXQVqnpsAg
In The Mood for Vienna // https://youtu.be/HhuP2_Cf-54
In The Mood for Alentejo: Part 1 // https://youtu.be/iQIGN4dTSrs
In The Mood for Alentejo: Part 2 // https://youtu.be/F_HJeFQLN_Y
In The Mood for Sintra // https://youtu.be/YS7_-qlMKKw
In The Mood for Lisbon: Part 1 // https://youtu.be/Qv7CtN1mOlc
In The Mood for Lisbon: Part 2 // https://youtu.be/XNVu6FojsqQ
In The Mood for Porto: Part 1 // https://youtu.be/6PRWBBrmsOE
In The Mood for Porto: Part 2 // https://youtu.be/6PRWBBrmsOE
In The Mood for Algarve: Part 1 // https://youtu.be/o45_3KvnEAs
In The Mood for Algarve: Part 2 // https://youtu.be/vUQ69SEqZ8g
In The Mood for Douro // https://youtu.be/uJpg_IAJa78
In The Mood for Coimbra: Part 1 // https://youtu.be/RbJja-xcFM0

Tutorial: Learn How To Export High-Quality Videos for Instagram // https://youtu.be/qMBrmQmYdTE

__________

Music is a driving force in my videos, and I wholeheartedly urge you to subscribe to Artlist. That's where I source all my royalty-free music. They provide super high-quality music tracks. It's very dependable and very affordable, too. 

🎵 Join ARTLIST, where I source my music content, and get 2 EXTRA MONTHS with your subscription! https://tinyurl.com/janzartlist

🎬 Join ARTGRID, your source of high quality stock footage, and also get 2 EXTRA MONTHS with your subscription! https://tinyurl.com/janzartgrid

___________

I'm an affiliate partner of Adobe & Canva! Once you sign up, I'll be earning a little commission that goes towards my In The Mood for Life creator fund at no extra cost to you!

🖌️ Sign up for Adobe here:
Adobe Creative Cloud (US): https://tinyurl.com/janzadobeus
Adobe Creative Cloud (PT): https://tinyurl.com/janzadobept

🎨 Join Canva Pro: https://tinyurl.com/janzcanva


For camera bags and gear!

🎒 Get PEAK DESIGN: https://tinyurl.com/janzpeakdesign

_____________

🎬 Check out my Udemy course, The Zero-to-Hero Course on Creating Professional Videos: https://tinyurl.com/zerotoherovideocourse

_____________

#portugal #beira #serradaestrela #pestana #pousadasdeportugal #visitportugal #beiraguide",In the Mood for Life,2021-09-08T18:20:34Z,12844,498,70
EvuomM-z9YM,https://www.youtube.com/watch?v=EvuomM-z9YM,LUZES DE NATAL NA COVILHÃ #portugal 🇵🇹,#brasileirosemportugal #vivendoemportugal #imigrantesbrasileiros #familia #natal,Amanda Lopes Vivendo em Portugal 🇵🇹,2024-12-15T19:30:02Z,3994,449,40
upbzdHTtYvE,https://www.youtube.com/watch?v=upbzdHTtYvE,#Covilhã #Portugal,,Keerti Mishra,2024-05-31T13:53:35Z,78,3,0
xezWtR6o8fs,https://www.youtube.com/watch?v=xezWtR6o8fs,Vamos conhecer a estacão de comboio de Covilhã?,"OI BUNITA 🤎

Vem conhecer comigo a estação de comboio de Covilhã.
Aproveitem pra me seguir

Curtem, comentem, compartilhem
Beijo 💋

#comboio #portugal #portugaldiaadia #brasil #brasileirosemportugal #noticias",Dayane Machado,2025-03-13T13:28:41Z,75,1,0
MI785dJ8ips,https://www.youtube.com/watch?v=MI785dJ8ips,"Covilhã Drive 4K - Driving in Covilhã, Covilhã, Portugal [4k Ultra HD]","❤️ If you enjoy the video and want to help me make more, consider to like it and subscribe.
Check out the channel walkendlessly prints at ► https://bit.ly/3nhnt2a
Or buy me a Cup of Coffee ► https://www.buymeacoffee.com/andong

Driving in Covilhã city in Portugal in Beira Baixa. Starting at Portuguese national road through the center of Covilhã passing by the following city marks:

chapters: (under construction)

Covilhã is a city and a municipality in the Centro region, Portugal. The city proper had 34,772 inhabitants in 2001. The municipality population in 2011 was 51,797, in an area of 555.60 square kilometres (214.52 sq mi).It is located in the Beiras e Serra da Estrela subregion and Beiras and Serra da Estrela Intermunicipal Community. The municipal holiday is October 20. Sometimes referred to as town of wool and snow, Covilhã is one of the main urban centres of the historical Beira Interior region. The proximity of the mountains offers dramatic scenery and a great environment for those fond of hiking, camping, mountain climbing and skiing. With an industrial tradition historically focused on textile industry supplied by an aboundance of wool produced in the area since antiquity, but with a more diversified industry in contemporaneity, Covilhã, which was once known as the ""Portuguese Manchester"", is also a university city nowadays awarding degrees from aeronautical engineering to medicine to philosophy.

Covilhã is located in the Centro region, Cova da Beira subregion, in central Portugal; 300 km (186 mi) Northeast of Lisbon, Portugal's capital; 100 km (62 mi) East of Coimbra, the regional administrative centre; and at the bottom of the highest Portuguese mountain range, Serra da Estrela.

The city of Castelo Branco is located 50 km (31 mi) to the south of Covilhã and the neighboring city of Fundão, the largest locality in the vicinities of Covilhã, is 20 km (12.4 mi) also to the south.

The city of Covilhã towers between 450 and 800 metres (1,476 and 2,624 feet) above the sea level, thus the mountain landscape is ever present. The larger municipality has 555.6 km2 (214.5 sq mi) of territory and includes several localities distributed across 31 civil parishes.

In the municipality of Covilhã but outside the urban area, Penhas da Saúde is one of its highest points. At 1,500 metres (4,821 ft) high, this village and winter resort is located within the Serra da Estrela Natural Park.

https://en.wikipedia.org/wiki/Covilh%C3%A3

Tags: Covilhã, Driving, Driving 4K, Covilhã Drive, City drive, 4K Drive, Tortozendo, Cova da Beira, Covilhã 2021, Teixoso, Canhoso, Covilhã 2022, Beira baixa, Fundão, TCT, Penhas douradas, Serra da Estrela, UBI, Universidade Beira Interior, Pêro da Covilhã, Cova da Lã, Belmonte, Orjais, Sporting da Covilhã, Hospital da Covilhã, Zêzere, rio Zêzere, Covilhã walk, Covilhã 4K, Covilhã walk 4K, Covilhã drive, conduzir na Covilhã, Covilhã tour, Covilhã virtual drive, Covilhã manejando, Conducir Covilhã, Portugal tour, Portugal City, Portugal cities, city drive, portugal city drive, Portugal drive, Portugal 4K, Portugal, Portugal tour 4K, 리스본, البرتغال, لشبونة.

★COPYRIGHT: All the footage was recorded and edited by me. I don't use any others footage in my videos. It is illegal to copy and use the video without permission.",Dong An,2022-04-02T17:00:14Z,11152,222,21
PRBvf6IpoxA,https://www.youtube.com/watch?v=PRBvf6IpoxA,Cherry Sculpture Hotel - Covilhã / Entrevista com o idealizador Gabriel Soares,"Já alguma vez pensou em dormir dentro de uma cereja?  Essa é uma das propostas inovadoras deste empreendimento localizado no interior de Portugal, na região da Covilhã, a 38km do Parque Natural da Serra da Estrela.

Neste vídeo entrevistei o senhor Gabriel Soares, o idealizador deste projeto e um exemplo de perseverança em um sonho antigo e de dedicação à sua terra.

O Cherry Sculpture Hotel, empreendimento turístico inaugurado em janeiro deste ano, representa um investimento global de cerca dois milhões de euros. Tem capacidade para 44 hóspedes, em três tipologias: quartos duplos, suítes e as esculturas em forma de cereja (bungalows).

Se você conhece ou tem algum empreendimento diferente e que merece aparecer em um episódio do Youtube, entre em comigo.



Imagens e edição: @Pedablios",Adriana Vega,2024-02-02T19:00:08Z,5380,160,26
SY7ltBGExQY,https://www.youtube.com/watch?v=SY7ltBGExQY,Mutualista da Covilhã: Cerimónia Comemorativa - Aniversário 2024,"A 15 de junho, a Mutualista da Covilhã realizou no seu auditório uma Cerimónia Comemorativa que assinalou o seu 94º aniversário de fundação (7 de junho de 1930) e simultaneamente o seu 129º aniversário de história associativa (11 de junho 1895). A cerimónia ficou marcada pelas homenagens ao Cónego Fernando Brito e Luís Garra, que ganharam o título de Associado Honorário, pela celebração de um protocolo com o Centro de Solidariedade Social de São Jorge da Beira e, também, pela adesão à Associação Portuguesa de Mutualidades - APM-RedeMut. Na cerimónia, a instituição aderiu também ao ""Serviço de Saúde ao Domicílio"" (da APM-RedeMut), que lhe permitirá disponibilizar aos associados médico ao domicílio 24 horas por dia e 365 dias por ano, entre outros serviços.",Mutualista da Covilhã,2024-06-21T10:51:51Z,239,1,0
NUrb7gGF39A,https://www.youtube.com/watch?v=NUrb7gGF39A,Território Vivo - Covilhã,"Presidente do Município da Covilhã - Vitor Pereira 
No âmbito do programa operacional “Portugal 2020”, a AMCB desenvolveu vários projetos, destacando:
• cadREDES - Cadastro das redes de saneamento e abastecimento de águas dos aglomerados urbanos dos municípios AMCB, com custo total aprovado de 2 282 461,15€ (dois milhões duzentos e oitenta e dois mil quatrocentos e sessenta e um euros e quinze cêntimos);
• AMCBadapt- Ações de sensibilização sobre riscos associados às alterações climáticas, com custo total aprovado de 145 632,00€ (cento e quarenta e cinco mil seiscentos e trinta e dois euros).
• Combate às discriminações e aos estereótipos - Formação de públicos estratégicos
Programa Apoiado Pelo POAT",AMCB - Associação de Municipios da Cova da Beira,2023-03-03T16:47:57Z,8,0,0
--iK9NqQGkE,https://www.youtube.com/watch?v=--iK9NqQGkE,COVILHÃ. CASTELO BRANCO. PORTUGAL,Algumas fotografias minhas registadas em 9 de Setembro de 2020.,"José Couto (""Agostinho"")",2026-01-14T10:58:56Z,17,0,0
ZFwrjoLHaaQ,https://www.youtube.com/watch?v=ZFwrjoLHaaQ,#portugal #nature #covilhã,,Megha&Nitesh,2023-11-24T13:05:54Z,427,0,0
Z0f94KaRSd0,https://www.youtube.com/watch?v=Z0f94KaRSd0,WOOL 2019 | Covilhã Urban Art,"WOOL 2019 _ 6th edition
Covilhã, Portugal

1st – 10th June



WOOL 2019 _ 6º edição
Covilhã, Portugal

1 - 10 Junho


Video
Directors | Directores _ Mariana Vasconcelos + Vasco Mendes
Editor | Editor _ Vasco Mendes
Music | Música _ Monopole
Translation | Tradução _ Gracja Zegarowicz

+ info
Organization | Organização _ WOOL - Covilhã Arte Urbana
Financing and support | Financiamento e apoio _ Covilhã Município + ADC - Águas da Covilhã
Institutional Support | Apoio Institucional _ Turismo Centro de Portugal
Main Sponsors | Patrocinadores Principais _ CIN + Sport Hotel Gym & Spa
Logistics Partners | Parceiros Logísticos _ MXC + Kraxas  + Graph & Co + Taberna A Laranjinha + Restaurante Varanda da Estrela + Restaurante Repleto de Magia + Casa das Muralhas + Simply Sugar + Beira Serra - Associação de Desenvolvimento Local + Casa com História + Joalpe Internacional
Programme Partners | Parceiros Programação _ A Tentadora + New Hand Lab + Burel Factory + Escola Secundária Campos Melo + Universidade da Beira Interior + Asta + Museu de Lanifícios da Universidade da Beira Interior + Guardiões da Serra da Estrela
Partner | Parceiro _ Cision Portugal

Artists | Artistas _ Sebas Velasco (ES) + Douglas Pereira (BR) + Kruella d'Enfer (PT) + Mário Belém (PT) 
Workshop | Workshop _ Margarida Girão (PT)
Staged Visit | Visita Encenada _ Joana Poejo (PT)
Concert | Concerto _ Tó Trips & João Doce
Exhibition | Exposição _ Intemporal | visões sobre o WOOL
Talks + Guided Tours + Movies | Conversas + Visitas Guiadas + Filmes

Photography | Fotografia _ Gonçalo Xavier Cody + Pedro Seixo Rodrigues


#woolfest #wool_urbanartfestival #covilhã #publicart #urbanart #streetart #socialart #community",WOOL | Covilhã Urban Art,2022-04-06T13:42:37Z,43,0,0
FGV44Ntk94Y,https://www.youtube.com/watch?v=FGV44Ntk94Y,Covilhã,"Aproveita as ofertas imperdíveis a decorrer em catálogo! 
Esperamos por ti no Centro Auto Roady de Covilhã.

#roadycovilhã #carcare #carservice #covilhã #automotive #automovel #autocenter #castelobranco",Roady Covilhã,2023-04-15T11:52:41Z,20,2,0
CHuLelOdrmc,https://www.youtube.com/watch?v=CHuLelOdrmc,Laser Tag Arena Covilhã,"Jogar laser tag é uma experiência divertida e emocionante para pessoas de todas as idades.
O laser tag é uma atividade de grupo, o que significa que é uma ótima maneira de passar o tempo com amigos, familiares ou colegas de trabalho. É uma oportunidade para criar memórias divertidas e se divertirem juntos.
Trata-se de uma experiência única. A atmosfera da nossa Arena @Laser Tag Covilhã 
 com luzes piscantes, música empolgante e a adrenalina do jogo pode ser muito divertida e emocionante.
É uma atividade segura e supervisionada. Os blasters usados nos jogos são projetados para serem seguros e não causar danos aos jogadores. Além disso, as instalações são supervisionadas por profissionais treinados que garantem a segurança dos jogadores.",Animactiva,2023-05-08T16:40:10Z,896,3,0
DcTElSCIMOg,https://www.youtube.com/watch?v=DcTElSCIMOg,Vendido centro da cidade #covilhã #vendido,"Vendido!! Mais um imóvel devoluto no centro da cidade da #covilhã que fará parte integrante da expansão e renovação da cidade. 
Estou ao seu dispor  para o poder ajudar a vender o seu imóvel ou adquirir um novo!  
🧑🏽‍💻Tiago Martins (+351) 960394805
👩🏼‍💻Teresa Micaela - Remax (+351) 967190046 

🧑🏽‍💻 https://www.facebook.com/share/1GvWvBgtio/?mibextid=wwXIfr

👩🏼‍💻 https://www.facebook.com/share/14idgYNyi8/?mibextid=wwXIfr",Tiago Martins e Teresa Micaela  Remax ,2025-01-22T12:23:06Z,38,1,0
TqYMyvVW220,https://www.youtube.com/watch?v=TqYMyvVW220,WOOL 2020 | Covilhã Urban Art,"WOOL 2020 _ 7th edition
Covilhã, Portugal

19th - 27th September



WOOL 2020 – 7ºedição
Covilhã, Portugal

19 - 27 Setembro


Video
Director + Editor | Director + Editor  _ João Lopes
Music | Música _ Nbdy Nprtnt + Skygaze + Veshza + Ibsen Producer + Lalinea
Translation | Tradução _ Mistaker Maker

+ info
Organization | Organização _ WOOL - Covilhã Arte Urbana
Financing and support | Financiamento e apoio _ Covilhã Município
Institutional Support | Apoio Institucional _ Turismo Centro de Portugal
Main Sponsors | Patrocinadores Principais _ CIN + Sport Hotel Gym & Spa
Logistics Partners | Parceiros Logísticos _ MXC + Kraxas + Taberna A Laranjinha + Casa das Muralhas + Nata Lisboa Covilhã + Tasca 77 + Restaurante Montiel + Varanda da Estrela +  Venice Burger + Beira Serra - Associação de Desenvolvimento Local + Pena D'água Boutique Hotel + Graph & Co + Viriatours
Programme Partners | Parceiros Programação _ A Tentadora + New Hand Lab
Partner | Parceiro _ Cision Portugal
Communication | Comunicação _ Sara Does Pr
Artists | Artistas _ Jofre Oliveras & Lucia Herrero (ES) + Alberto Montes (ES) + Catarina Glam (PT) + Tiago Galo (PT) 
Workshop | Workshop _ Chapa Azul (PT)
Exhibition | Exposição _ Serra ao Alto by Rui Gaiola (PT)
Movie | Filme _ Martha: a picture story by Selina Miles (AU)
Talks + Guided Tours | Conversas + Visitas Guiadas

Photography | Fotografia _ Gonçalo Xavier Cody


#woolfest #wool_urbanartfestival #covilhã #publicart #urbanart #streetart #socialart #community",WOOL | Covilhã Urban Art,2022-04-06T13:47:14Z,37,0,0
VZbcZ6p9u7I,https://www.youtube.com/watch?v=VZbcZ6p9u7I,Eu amo #covilhã ❤️ #vidaemportugal #vidadeimigrante #imigracao #brasileirosemportugal #pazeamor,,Viajando com Caroline Mevie,2025-01-25T11:49:34Z,445,8,0
UDIRitIb7nM,https://www.youtube.com/watch?v=UDIRitIb7nM,Mutualista da Covilhã - Reportagem CMTV: “Mutualismo – Novos desafios sociais” | 25.10.2024,"A CMTV esteve na conferência internacional “Mutualismo – Respostas para os novos desafios sociais” e entrevistou  Nelson Silva, Presidente do Conselho de Administração (CA) da Mutualista da Covilhã, Virgílio Lima, Presidente do CA da Associação Mutualista Montepio, Francisco Rita, Presidente da Assembleia Geral da APM-RedeMut - Associação Portuguesa de Mutualidades (Montepio Rainha D. Leonor - Associação Mutualista) e Pedro Mota Soares, que foi moderador no evento. A conferência decorreu nos dias 24 e 25 de outubro em Lisboa, no auditório da Associação Mutualista Montepio.",Mutualista da Covilhã,2024-11-04T14:04:33Z,256,0,0
m1yQHpmyfD0,https://www.youtube.com/watch?v=m1yQHpmyfD0,Sentir a Covilhã,Vídeo Promocional | Covilhã | Junho 2013,Covilhaparatodos,2013-06-22T20:50:35Z,2085,16,0
f4kshKvuUKc,https://www.youtube.com/watch?v=f4kshKvuUKc,T3 incrível TUDO perto #automoveis #automoveisseminovos #covilhã #covilhã #fundao #planodesaude,,Tua Casa Tortosendo,2023-10-19T14:37:01Z,3,0,0
pZ3Oat2riVw,https://www.youtube.com/watch?v=pZ3Oat2riVw,"A gente enfrenta muita coisa, mas se diverte✨ #vidadeimigrante #covilhã #brasileirosemportugal",,Viajando com Caroline Mevie,2025-01-16T19:39:36Z,430,20,0
FYD3_wE1bRY,https://www.youtube.com/watch?v=FYD3_wE1bRY,Arte e partilha na Covilhã,"A associação cultural Cisma está a transformar a cena artística da Covilhã. O coletivo, que promove a criação em áreas como a música e a fotografia, abriu as portas à comunidade para um convívio de Natal diferente. A reportagem é da Maria Cerdeira e da Beatriz Botelho.",JornalismoUBI,2025-12-27T14:12:02Z,13,1,0
dB0kde5cPZw,https://www.youtube.com/watch?v=dB0kde5cPZw,Como chegar à Covilhã (Welcome to Covilhã),Saiba como chegar à Covilhã.,Africanos na Covilhã,2020-08-31T20:39:25Z,151,21,4
HrvKK5sYsIg,https://www.youtube.com/watch?v=HrvKK5sYsIg,PORTUGAL• COVILHÃ 🇵🇹 #covilhã #imigração #portugal,SEGUE INSTAGRAM: https://instagram.com/henrique_roger_?igshid=OGQ5ZDc2ODk2ZA==,Rick Roger,2023-09-14T13:35:05Z,152,6,0
8FtpyCL0_TE,https://www.youtube.com/watch?v=8FtpyCL0_TE,Covilhã Sustentável - Lançamento da Recolha de Biorresíduos 2024,"Covilhã Sustentável - Lançamento da Recolha de Biorresíduos
Esta iniciativa da empresa municipal Águas da Covilhã, em colaboração com a Câmara Municipal da Covilhã, marca o início do programa: Covilhã Sustentável.
Com a implementação deste projeto, a AdC e a autarquia, acreditam que será possível diminuir a deposição de resíduos em aterro, potenciando a sua valorização, na ótica do cumprimento da política dos 5 R's: Repensar, Recusar, Reduzir, Reutilizar e Reciclar, cumprindo os objetivos e políticas estabelecidas pela União Europeia.",Beira Baixa TV,2026-04-03T14:10:45Z,4,1,0
JrVaxnhdoC4,https://www.youtube.com/watch?v=JrVaxnhdoC4,COVILHÃ/CASTELO-BRANCO PT! 🇵🇹,"CONVITE TODO MUNDO AMA O CHRIS:https://linktr.ee/chrisportugal

Grupo Whatsapp 1: https://chat.whatsapp.com/GzLAxIDoldLFQwguYoDQVd

Grupo Whatsapp 2:https://chat.whatsapp.com/DbHUEXoLPJo4mgwEEE9GBx

Instagram: https://www.instagram.com/Chris.Portugall/
Grupo Telegram:https://t.me/+z9zm-XuWudA2Mzc0

Converter Real Para Euro 💶 WISE:https://wise.com/invite/ath/christianc2238

Vamos conhecer Covilhã Castelo branco?
vou apresentar um pouco dessa cidade Para vocês😇

índice
00:00 Introdução
1:00 parte histórica de covilhã
4:30 Faculdade de Covilhã
5:15 Sonho Do Chris!
6:20 Centro de Covilhã
11:09 Parte Nova De Covilhã
13:00 Arrendamento covilhã
15:22 Palhaçada do Chris!

#brasileirosemportugal  #covilhã #castelobrancoportugal #castelobranco #morandoemportugal #portugal2022 #vivendoemportugal #arrendamento #imigrantesemportugal",Todo Mundo Ama o Chris!,2022-07-25T00:44:52Z,759,81,40
zbjLKNRS16E,https://www.youtube.com/watch?v=zbjLKNRS16E,Goal | Golo Diogo Cornélio: SC Covilhã (2)-1 Gil Vicente (Taça da Liga 22/23 - Fase 3 - Jornada 1),"#VSPORTS #AllianzCUP #TaçadaLiga
Excelente cruzamento de Jorginho para o jovem avançado, que em esforço remata cruzado sem hipóteses para Andrew.

VSPORTS na Rede: http://bit.ly/YT_vsports_pt
VSPORTS no Facebook: https://www.facebook.com/vsports.portugal
VSPORTS no Twitter: https://twitter.com/vsports_pt
VSPORTS no Instagram: https://www.instagram.com/vsports_pt",VSPORTS - Allianz Cup,2022-11-20T20:07:51Z,598,16,0
0k7zI0hadGQ,https://www.youtube.com/watch?v=0k7zI0hadGQ,Brasileiros na Covilhã - Uma conversa com Marcos Piangers,"Ana Cardoso e Marcos Piangers lançaram seus livros em Portugal. O Pai é Top e A Mãe é Top já podem ser encontrados nas livrarias do país. Aproveitamos a passagem deles por Lisboa, para assistir a conferência que fizeram sobre tecnologia e filhos e também para conversar um pouco com Marcos Piangers.",Brasileiros na Covilhã,2018-05-07T15:05:39Z,369,14,1
nGm5EFdKygk,https://www.youtube.com/watch?v=nGm5EFdKygk,CONHEÇA COVILHÃ EM PORTUGAL,"Hoje vamos trazer pra vocês um pouquinho de Covilhã em Portugal.

Covilhã pertence ao distrito de Castelo Branco, na região Centro-Norte de Portugal.
É uma típica “cidade de montanha”, rara no urbanismo português. Está a 700m de altitude e tem uma população de pouco menos de 52.000 habitantes, é o centro urbano mais importante na zona da Serra da Estrela, onde fica o ponto mais alto de Portugal continental.

Com uma longa história e ocupação humana desde remotos tempos, a Covilhã tem na sua indústria de lanifícios uma das suas principais referências. 

Foi elevada a cidade a 20 de Outubro de 1870 pelo Rei D. Luís I, por ser “uma das vilas mais importantes do reino pela sua população e riqueza”.

Terra da indústria da lã, berço de descobridores. Em Covilhã também está a Universidade da Beira Interior (UBI), pública, considerada uma das melhores instituições de ensino superior da Europa.

É possível seguir um roteiro de Arte Urbana que veio trazer um toque de modernidade à cidade. Pode ver o itinerário pelo site: https://www.visitcovilha.com/wp-content/uploads/2017/08/Arte-Urbana.pdf ou peça o mapa no Posto de Informação Turística
Leia mais em: https://www.viajecomigo.com/2019/03/10/roteiro-de-arte-urbana-na-covilha-portugal/

Recomendamos o Hotel que nos hospedamos, pois além de ser um custo-benefício excelente, está bem localizado e todos que lá trabalham são muito simpáticos! A dona do hotel é a coisa mais linda!!! Saiba mais em: http://www.residencialpanorama.pt/

É possível chegar a cidade por comboio. Saiba mais no site: www.cp.pt

MUSICA DESTE VÍDEO:
Daily Beetle de Kevin MacLeod está licenciada sob uma licença Creative Commons Attribution (https://creativecommons.org/licenses/by/4.0/)
Origem: http://incompetech.com/music/royalty-free/index.html?isrc=USUAN1500025
Artista: http://incompetech.com/

Este é o canal My Archi Place, apresentado pela arquiteta Renata Spaziante, acompanhada do seu querido marido Guilherme! O canal fala sobre ARQUITETURA, PAISAGENS e ESTILO DE VIDA EM PORTUGAL. 
Se inscreva no nosso canal e ative o sininho de notificações para ficar por dentro de todos os vídeos! E se gostar deste vídeo, deixe um LIKE pra nós e compartilhe com os amigos!! 

Conheça mais sobre a MY ARCHI PLACE no nosso site: www.myarchiplace.com 
Sigam nossas redes sociais: Instagram: https://www.instagram.com/myarchiplace/ 
Facebook: https://www.facebook.com/myarchiplace/ 
Pinterest: https://br.pinterest.com/myarchiplace/ 
Linkedin: https://www.linkedin.com/in/renata-spaziante-arquiteta-06558645/ 

#moraremportugal #myarchiplace #myarchiplaceemportugal #passeioemportugal #paisagensdeportugal #lisboaportugal #vaparaforacadentro #conheçaportugal #covilhãportugal",BohoCasas,2020-09-20T16:07:13Z,20530,826,59
327WVUIeKdI,https://www.youtube.com/watch?v=327WVUIeKdI,Covilhã - T2 Vaga Garagem e Sótão,"Prédio com 2 elevadores muito bem localizado
Apartamento silencioso, ensolarado e muitíssimo bem arejado com vistas incríveis para Serra da Estrela.  
Com 3 ar condicionados e pisos novos, tem amplo hall de entrada e dispensa.
Em frente a Padaria e apenas 100m do supermercado, estando a 850m do Centro da cidade da Covilhã, do Teatro Municipal e Museu, ainda todas as Agencias Bancárias, restaurantes, Jardim Público e UBI - Universidade Beira Interior.

Assista ao vídeo e veja todo apartamento na íntegra
Disponível para aquisição imediata
Maiores informações e financiamento, basta dizer.",Covilha House,2025-03-25T17:31:52Z,8,0,0
tqvy9Besfvs,https://www.youtube.com/watch?v=tqvy9Besfvs,Covilhã com Futuro,"Bem-vindos à página oficial da candidatura autárquica do Partido Socialista ao concelho da Covilhã.

Uma candidatura de proximidade, com valores, determinação e experiência para dar soluções concretas e ação para uma Covilhã mais viva, criativa e atrativa.

Com o compromisso de uma Covilhã coesa, que valoriza cada uma das suas freguesias, cada aldeia, cada vila e a cidade, onde todos os Covilhanenses, são parte de um concelho para todos.

Acompanhe-nos! 
Juntos vamos construir uma Covilhã com Futuro

#CovilhacomFuturo #PS",Covilhã com Futuro,2025-06-10T23:59:02Z,313,14,0
6yMk0dO3zH8,https://www.youtube.com/watch?v=6yMk0dO3zH8,Miradouro Varanda dos Carqueijais:A Vista Mais Épica da Covilhã! 🇵🇹 #Portugal #travel,,Nuno Barradas,2025-10-01T21:32:56Z,11,0,0
6zWavdsBpzY,https://www.youtube.com/watch?v=6zWavdsBpzY,Covilhã Portugal,ruas e igrejas,Tuga Magazine,2007-02-01T09:11:46Z,2099,4,1
GKQ0Gnn2sZk,https://www.youtube.com/watch?v=GKQ0Gnn2sZk,"Uma Cidade entre Serras  ""COVILHÃ""","Um brinde à Covilhã que brindou a nós!
A Covilhã é uma cidade portuguesa pertencente ao distrito de Castelo Branco, na província da Beira Baixa, região estatística do Centro e sub-região das Beiras e Serra da Estrela.",Africanos na Covilhã,2020-08-30T17:00:52Z,143,13,1
gYPNZAh6uEY,https://www.youtube.com/watch?v=gYPNZAh6uEY,Brasileiros na Covilhã - Cenário Interior e The Glass no Ciclo de Teatro,"Cenário Interior, produção covilhanense do TeatrUBI e da ASTA e The Glass, da Romênia, foram apresentadas durante o 21º Ciclo de Teatro Universitário da Beira Interior.",Brasileiros na Covilhã,2017-03-28T11:02:49Z,127,5,0
DWLejBLwQ04,https://www.youtube.com/watch?v=DWLejBLwQ04,Liga 3 | Resumo: SC Covilhã 2-3 Sporting B,"Segue-nos nas redes sociais:

Tiktok:
https://www.tiktok.com/@sporting_cp

Telegram:
http://t.me/sportingcp_oficial

Podcast ADN de Leão:
Spotify | https://spoti.fi/33Vkemn
Apple Podcasts | https://apple.co/3qSbrvb
Google Podcasts | https://bit.ly/2LzkgKr
Pocket Casts | https://pca.st/t5a8t5o6

Sporting CP:
https://www.facebook.com/SportingCP/
https://twitter.com/SportingCP
https://twitter.com/SportingCP_en
https://www.instagram.com/sportingcp/

Modalidades:
https://www.facebook.com/sportingmodalidades/
https://twitter.com/SCPModalidades
https://www.instagram.com/sportingmodalidades/

Futebol Feminino:
https://www.facebook.com/SportingCPFutebolFeminino/
https://twitter.com/FutFemSCP
https://www.instagram.com/sportingcpfutebolfeminino/

Jubas:
https://www.instagram.com/jubasoficial/",Sporting Clube de Portugal,2024-08-04T14:17:18Z,6105,244,9
haciOuh9rWg,https://www.youtube.com/watch?v=haciOuh9rWg,Território Ativo -  Ep.22: Casa com História na Covilhã,"Uma casa centenária no centro da Covilhã ganhou nova vida como um dos primeiros turismos de habitação da cidade. De local de reunião e abrigo de resistentes ao regime do Estado Novo a acolhedora casa de charme, a Casa com História foi a primeira iniciativa da família de Rui Jorge Barata no setor do turismo.Acompanhe-nos nesta visita e fique a conhecer as muitas histórias desta Casa, reconvertida com o apoio da RUDE Associação de Desenvolvimento Rural.JF On, ligados ao Interior",JF ON,2021-12-22T22:09:40Z,50,1,0
JqFaRxNz9fM,https://www.youtube.com/watch?v=JqFaRxNz9fM,SÃO JORGE DA BEIRA - COVILHÃ BY CEPP-UBI,"Aldeias de Montanha - SÃO JORGE DA BEIRA  COVILHÃ

Site CEPP: https://geralcepp.wixsite.com/home
Canal YOUTUBE: https://www.youtube.com/channel/UCRjiyPAFc77j2fzMU1k-bTw
Lista Aldeias de Montanha: https://www.youtube.com/playlist?list=PL6RK2pGoVhLfZsc3RcFUQQ5nK7OPbFR1z",Centro de Estudo e Proteção do Património,2021-07-07T17:37:35Z,97,1,0
qTRlC6BAOjo,https://www.youtube.com/watch?v=qTRlC6BAOjo,Covilhã recebeu “A Montanha Desce à Cidade com os Reis” este fim de semana 2025,"Covilhã recebeu “A Montanha Desce à Cidade com os Reis” este fim de semana
A Covilhã celebra as tradições serranas este fim de semana com mais uma edição do evento “A Montanha Desce à Cidade com os Reis”, que teve lugar na Praça do Município. Esta iniciativa, promovida pela Câmara Municipal da Covilhã, traz ao centro histórico uma fusão de animação cultural, produtos locais, artesanato e jogos tradicionais das aldeias e vilas de montanha.
O evento contou com a participação das localidades de Cantar Galo e Vila do Carvalho, Erada, São Jorge da Beira, Verdelhos e Unhais, bem como do Geopark Estrela e da ADIRAM – Associação de Desenvolvimento Integrado da Rede de Aldeias de Montanha.
No âmbito das celebrações natalícias do programa “Natal com Arte”, destaca-se o Cantar das Janeiras. Esta apresentação contou com a atuação de grupos como os Cavaquinhos da Academia Sénior da Covilhã, o Conservatório Regional de Música, a Grande Roda – AsCantaressociação Cultural e Desportiva, o Rancho Folclórico e Etnográfico do Refúgio e as Vozes do CAI – Grupo de  do Centro de Ativ’Idades.
“A Montanha Desce à Cidade com os Reis” é uma celebração que visa aproximar a riqueza cultural, gastronómica e artística da Serra da Estrela ao coração da cidade.",Beira Baixa TV,2026-03-19T16:34:37Z,20,0,0
U_ZbSxD6Qys,https://www.youtube.com/watch?v=U_ZbSxD6Qys,Em análise: Incêndio na Covilhã,"Duarte Caldeira, presidente do Centro de Estudos e Intervenção em Proteção Civil, analisa o tema.

Mais vídeos em: http://bit.ly/FalaPortugalSite

#FalaPortugal  #RecordTVEuropa  Informação",Fala Portugal,2022-08-16T10:24:40Z,348,7,3
FPxB3V1YwwQ,https://www.youtube.com/watch?v=FPxB3V1YwwQ,SHOPPING EM PORTUGAL l Reabertura das lojas pós confinamento na Covilhã | Catarinas em Portugal,"Oie amiguinhos,


Nesse Vlog vamos compartilhar com vocês nossa ida ao shopping após o confinamento que iniciou em janeiro.


Conhecemos algumas lojas e vamos mostrar os preços para vocês, afinal é disso que a gente gosta hahaha.

Se gostou do vídeo, se inscreve no nosso canal, deixa um like bem lindo e um comentário ~respondemos todos 😍

Segue a gente nas nossas redes sociais:

Catarinas: https://www.instagram.com/catarinasemportugal/
Carol: https://www.instagram.com/caaroldana/
Rafa: https://www.instagram.com/rafaelawilke/

🚀🌏♥️",Catarinas em Portugal,2021-04-22T21:05:17Z,1050,68,18
zj09QbwC2Ek,https://www.youtube.com/watch?v=zj09QbwC2Ek,Ep #02 Parques da parte baixa - CONHECENDO A COVILHÃ - Interior de Portugal | Catarinas em Portugal,"Oie amiguinhos,


Hoje vamos dar continuidade a série: CONHECENDO A COVILHÃ.


Antes de nos mudarmos para Portugal, buscamos no Youtube conteúdos para decidirmos qual seria o nosso novo lar, mas não tinham muitos. Chegamos aqui e nos apaixonamos, dá vontade de fazer um vídeo por dia, então pensamos:


Vamos criar um série e mostrar para todo mundo, quem quer mudar de país, quem quer somente conhecer, para quem já passou por aqui e quer matar as saudades e para quem está por aqui e se sente tão orgulhosas quanto a gente de tanta belezura! 🎥



Começamos com a história da Covilhã e hoje vamos trazer os parques da parte baixa do município. preparado. Esperamos que vocês gostem!!!


Se gostou do vídeo, se inscreve no nosso canal, deixa um like bem lindo e um comentário ~respondemos todos 😍

Segue a gente nas nossas redes sociais:

Catarinas: https://www.instagram.com/catarinasemportugal/
Carol: https://www.instagram.com/caaroldana/
Rafa: https://www.instagram.com/rafaelawilke/

🚀🌏♥️",Catarinas em Portugal,2021-03-28T21:05:01Z,3927,225,39
X6Xi6HDwfIU,https://www.youtube.com/watch?v=X6Xi6HDwfIU,CAMINHADA PELAS RUAS DE COVILHÃ,"A Covilhã é uma cidade portuguesa pertencente ao distrito de Castelo Branco, na província da Beira Baixa, região estatística do Centro e sub-região das Beiras e Serra da Estrela.

Somos brasileiros, saímos do Brasil em 2017 para morar em Portugal, já passeamos pelos Estados Unidos, França, Espanha, Holanda, Alemanha, Reino Unido e mais um monte de outros lugares. Adoramos fazer turismo e esse canal foi criado para compartilhar esses momentos. Bora passear?!",Passeando Pelo Mundo,2022-12-28T16:13:02Z,129,10,0
wid4tPU4MAY,https://www.youtube.com/watch?v=wid4tPU4MAY,Encontro de Motas na Covilhã 2025,Encontro de Motas na Covilhã 2025,Beira Baixa TV,2026-03-09T17:51:18Z,15,1,0
17xF4z0ndP0,https://www.youtube.com/watch?v=17xF4z0ndP0,Covilhã. Centro Histórico - 2ª Parte. Castelo Branco. Portugal. #297,"Olá! Sejam Bem Vindos (as)!

2º Vídeo que fiz no Centro Histórico da Covilhã, já adianto que tem mais um lindo vídeo a ser lançado em breve, e já estará disponível para os Inscritos, quem não for Inscrito ainda, não perca tempo, se Inscreva agora ou espere até os dois próximos fins de semana quando os vídeos serão lançados automaticamente, pelo YouTube.

Link para a 1ª Parte: https://youtu.be/4vzbgr6afiw

Um Abraço",Wagner Costa em Portugal,2024-09-28T18:00:00Z,362,26,3
Dl3zPsE00S0,https://www.youtube.com/watch?v=Dl3zPsE00S0,Natal com Arte já está de regresso à Covilhã 2025,"Natal com Arte já está de regresso à Covilhã 
A tradição voltou a cumprir-se este domingo na Covilhã, com a inauguração de mais uma edição do Natal com Arte. O evento, promovido pelo Município, abriu oficialmente com o característico sabor do Bolo Nevão, atuações artísticas e o acender das luzes que marcam o arranque da quadra natalícia na cidade.
Foram muitos os que passaram pela Praça do Município para visitar o Mercadinho de Natal e a Aldeia Natal, dois dos principais polos de animação, presenciando a atuação da Kayser Ballet e a chegada do Pai Natal ao centro da cidade.
Seguiu-se a tradicional partilha do Bolo Nevão da Covilhã, numa iniciativa apoiada pela Sineiro Residence e com a participação de vários estabelecimentos locais, entre os quais a Nata Lisboa – Covilhã, Padaria Dias, Padaria do Centro, Padaria & Pastelaria Colmeia Doce e Pastelaria Padaria Pérola Doce. O doce, coberto por um manto de açúcar em pó que simboliza a neve da serra, foi apreciado por todos.
A música também marcou presença, com o Coro Misto da Covilhã a subir ao palco antes do acender oficial da iluminação natalícia. O destaque foi a árvore gigante instalada em frente aos Paços do Concelho, que voltou a brilhar e a atrair a atenção de residentes e turistas.
O programa do Natal com Arte prolonga-se até 6 de janeiro, com diversas atividades pensadas para famílias, visitantes e turistas. O Presidente da Câmara Municipal, Hélio Fazendeiro, sublinhou que a iniciativa pretende promover momentos de partilha num ambiente acolhedor, reforçando simultaneamente a dinamização económica da cidade.
O autarca destacou ainda a importância do Mercadinho de Natal, que acolhe pequenos artesãos até 24 de dezembro, permitindo-lhes expor e vender peças únicas que podem ser transformadas em presentes originais.",Beira Baixa TV,2026-03-17T16:00:15Z,5,2,0
3pvzlnLnA2E,https://www.youtube.com/watch?v=3pvzlnLnA2E,NOSSO TOUR COMPLETO PELO JARDIM DO LAGO - COVILHÃ,"Conheça esse ponto turístico da cidade de Covilhã que muitos não conhecem, mas que é um lugar maravilhos para passar o dia e momentos em família.","Estamos prontos, vamos!",2022-12-01T22:00:02Z,376,26,6
Zlh-qkdb9v4,https://www.youtube.com/watch?v=Zlh-qkdb9v4,Tuna-MUs |  Doce Covilhã  (XII FITUCB),"Interpretação Tuna-MUs do tema original  ""Doce Covilhã"",  no XII FITUCB.

Acompanhem-nos também em https://www.facebook.com/tunamus
Instagram: tuna_mus.
E-mail: tuna.mus@gmail.com",Tuna-MUs - Tuna Médica da UBI,2022-05-01T17:55:39Z,1375,18,1
re_23JRKB5w,https://www.youtube.com/watch?v=re_23JRKB5w,Situação do aluguel de Imóveis na Covilhã - Portugal 2024 #88,"VLOG 88 - Hoje vamos falar sobre a situação do arrendamento de imóveis aqui na Covilhã em Portugal.

Fique a vontade em comentar, o seu comentário é muito importante. 😀

AJUDE o canal a crescer compartilhe este vídeo!

Não clique aqui hein! https://tinyurl.com/53uwv377 👀

_____________________________________

Vídeos que você deve assistir:

Custo de Vida no Interior de Portugal:
https://youtu.be/BXhVd4Ksg1Q

Tudo Sobre a Covilhã:
https://youtu.be/BVE2-yGA48g

Geração de empregos em 2024 na Covilhã:
https://youtu.be/zFCnp-sZ_KU

Situação do Trabalho em 2024:
https://youtu.be/p8UNmmlcef8

_____________________________________

Links Úteis:

Planilha Financeira 2024:
http://tinyurl.com/PlanilhaFinanceira2024

Site do Supermercado Pingo Doce:
https://www.pingodoce.pt/

Site do Supermercado Continente:
https://www.continente.pt/

Onde pesquisar Trabalho na Covilhã:
https://tinyurl.com/BuscarTrabalhosCovilha

Onde encontrar imóveis na Covilhã:
https://tinyurl.com/LinksImoveisCovilha

Lista das Empresas na Zona Industrial do Tortosendo:
https://tinyurl.com/ParqueIndustrialTortosendo

Lista das Empresas na Zona Industrial do Canhoso:
https://tinyurl.com/ParqueIndustrialCanhoso

_____________________________________

Canal no Telegram com informações gratuitas:
https://t.me/MaeToEmPortugal

Grupo para Interação no Telegram:
https://t.me/MaeEstamosEmPortugal

_____________________________________

Nosso Instagram: 

https://www.instagram.com/jeffisuh
https://www.instagram.com/karine.suzy

_____________________________________

WISE (app de câmbio )
Transferir 500 euros sem tarifa é só acessar o link👇🏻

https://wise.com/invite/u/jeffersond489

_____________________________________

Deus em todo tempo é bom!

#portugal #brasileirosemportugal #moraremportugal #covilha",Jeff e Karine Vida em Portugal ,2024-02-06T20:45:02Z,1781,132,48
x95uHUpM4oU,https://www.youtube.com/watch?v=x95uHUpM4oU,+10 Urban Arts in Covilhã  PORTUGAL Part 2 Walking Tour [FAST] - [4K Ultra HD/60fps],"00:00 Início!
00:20 WOOL 2023 Pitanga (PT)
00:30 Elisabete E. Jessica R. Sofia A. Susana P. 2007/2008
00:42 WOOL 2017 Coracao Third (PT) 
00:53 ""BEM-HAJAM"" Uma homenagem aos profissionais de Saude Pedro Leitao
01:01 WOOL 2017 Lata 65 Workshop de arte urbana para idosos
01:24 WOOL 2019 Vista para a Serra' Kruella d'Enfer (PT) 
01:37 Flores!
01:48 Materna Executada na Oficina das Pedras por Moreira Neves
01:57 WOOL 2011 Vhils (PT) disappeared
02:04 WOOL 2022 At Work Cinta Vidal (ES) 
02:13 Escultura Gafanhoto Paco 100 Pressa
02:38 WOOL 2019 O Observatório | Bicicleta Sem Freio Douglas Pereira (BR) 
03:02 WOOL 2023 Mariana Duarte Santos (PT)  '100 anos de Leões da Serra' 
03:08 Escada e Funicular de Santo Andre","Pé na Serra, Olho na Estrela",2023-08-27T19:11:51Z,122,10,3
1HKiu8lEEjo,https://www.youtube.com/watch?v=1HKiu8lEEjo,Uma Lua na Covilhã à conquista do Espaço,"Lua Afonso, covilhanense de 17 anos, integra a equipa nacional que participa na fase europeia do Space Design Competition. As equipas organizam-se em departamentos e vão apresentar propostas para projetos espaciais que implicam competências em várias áreas. Lua, que já foi Astronauta Por um Dia e fez um voo onde experimentou a gravidade zero, vai disputar um lugar na final, que se realiza na sede da NASA, nos Estados Unidos da América.",Conta Lá,2026-03-06T14:39:32Z,171,7,0
YB_x06Ytxew,https://www.youtube.com/watch?v=YB_x06Ytxew,Carnaval da Neve na Covilhã 2025,"Carnaval da Neve 2025 promete cinco dias de festa e tradição na Covilhã
A cidade da Covilhã e as Penhas da Saúde preparam-se para receber mais uma edição do Carnaval da Neve, que decorrerá de 28 de fevereiro a 4 de março. O evento, organizado pela Câmara Municipal da Covilhã e pelo Clube Nacional de Montanhismo, promete ser o maior dos últimos anos, com mais de 1.500 participantes e a colaboração de mais de 30 entidades, coletividades, escolas e instituições sociais.
O programa inclui eventos tradicionais que já fazem parte da identidade carnavalesca do concelho, como o Corso Social, que reúne diferentes gerações em torno do tema deste ano, “Serra da Estrela”, e o Carnaval do Mundo, com a participação das associações locais. Destaque ainda para o Enterro do Entrudo, acompanhado da tradicional Queimada à Montanheiro, o Open Ski – Carnaval da Neve e o Carnaval no Gelo – Patinagem de Mascarados.
A festa estende-se pela cidade com dois grandes bailes de mascarados: o primeiro acontece no sábado, 1 de março, na Pousada da Juventude, e o segundo na segunda-feira, 3 de março, no Pavilhão da ANIL, com animação de Virgílio Faleiro & Banda.
Para a vereadora da Cultura, Regina Gouveia, o crescimento do evento demonstra a sua importância para a comunidade:
“Este envolvimento crescente evidencia a importância do desenvolvimento de projetos com e para a comunidade, culturalmente relevantes e diversos.”
Além do aspeto cultural, a autarquia destaca a importância turística e económica do evento, que atrai visitantes e contribui para a dinamização da hotelaria, restauração e comércio local.
Com uma oferta diversificada e um envolvimento cada vez maior da população, o Carnaval da Neve promete ser novamente um sucesso, celebrando a tradição, a cultura e a alegria na Covilhã.",Beira Baixa TV,2026-03-19T16:44:18Z,22,0,0
0aQ4Hq8BBu0,https://www.youtube.com/watch?v=0aQ4Hq8BBu0,CENTRO HISTÓRICO DA COVILHÃ - PARTE I,"As pessoas são a alma das cidades, das vilas ou das aldeias e os centros históricos são uma extensão dessa mesma alma. Uma cidade, uma vila ou uma aldeia que não cuida do seu centro histórico, perde pessoas, perde a sua identidade e a sua alma. Para que isso não aconteça de forma irreversível na Covilhã, é necessário ter na Câmara Municipal uma equipa que saiba cuidar do seu centro histórico. Uma equipa com projetos, com ideias, com arrojo para fazer regressar as pessoas, as famílias, as empresas, o comércio, a arte, a cultura e a vida ao centro histórico da Covilhã. Para concretizar tudo isso deixamos aqui algumas das nossas ideias, que serão colocadas em prática após o dia 26 de Setembro de 2021, porque na Covilhã juntos, fazemos melhor e todos juntos vamos fazer muito melhor pelos Covilhanenses.
#covilhã #covilhã2021 #covilhajuntosfazemosmelhor #covilhanenses #pedrofarromba #pedrofarromba2021 #adolfomesquitanunes #adolfomesquitanunes2021 #covilhanensesnocentrodaspoliticas #autarquicas2021 #juntosfazemosmelhor #essencialsãooscovilhanenses",Covilhã Juntos fazemos melhor,2021-09-07T21:26:04Z,144,1,0
PIrIRUKXHGw,https://www.youtube.com/watch?v=PIrIRUKXHGw,Inaugurado o Primeiro Balcão Mutualista do País na Covilhã 2025 - Direto 01,"Inaugurado o Primeiro Balcão Mutualista do País na Covilhã
A Covilhã acolheu a inauguração do primeiro Balcão Mutualista do país, um novo espaço localizado na Rua Comendador Campos Melo (Rua Direita). A cerimónia contou com intervenções de Nelson Silva, presidente da associação promotora, Regina Gouveia, vereadora da Câmara Municipal da Covilhã, e Luís Miranda, da União das Mutualidades Portuguesas.
O Balcão Mutualista integra também o CLAIM – Centro Local de Apoio à Integração de Migrantes, reforçando o compromisso de proximidade e apoio à comunidade. Segundo a associação, este novo espaço representa “mais do que uma porta aberta” — é um passo decisivo na missão de estar mais perto dos associados, parceiros e cidadãos.",Beira Baixa TV,2026-03-11T15:28:46Z,9,0,0
nuo4mg33EFA,https://www.youtube.com/watch?v=nuo4mg33EFA,Banda da Covilhã - 152º Aniversário Banda da Covilhã,"4 de dezembro de 2022
Hastear da Bandeira e Romagem ao Cemitério",Banda da Covilhã,2022-12-05T19:31:36Z,1195,20,1
ZOPQugvP4Lo,https://www.youtube.com/watch?v=ZOPQugvP4Lo,Inaugurado o Primeiro Balcão Mutualista do País na Covilhã 2025 - Direto 02,"Inaugurado o Primeiro Balcão Mutualista do País na Covilhã
A Covilhã acolheu a inauguração do primeiro Balcão Mutualista do país, um novo espaço localizado na Rua Comendador Campos Melo (Rua Direita). A cerimónia contou com intervenções de Nelson Silva, presidente da associação promotora, Regina Gouveia, vereadora da Câmara Municipal da Covilhã, e Luís Miranda, da União das Mutualidades Portuguesas.
O Balcão Mutualista integra também o CLAIM – Centro Local de Apoio à Integração de Migrantes, reforçando o compromisso de proximidade e apoio à comunidade. Segundo a associação, este novo espaço representa “mais do que uma porta aberta” — é um passo decisivo na missão de estar mais perto dos associados, parceiros e cidadãos.",Beira Baixa TV,2026-03-11T15:42:57Z,3,0,0
LjThNMNM2YA,https://www.youtube.com/watch?v=LjThNMNM2YA,Continuação do Aniversário 150 anos dos bombeiros da Covilhã. ,"Perdão por não ter postado antes, pois estávamos com problemas técnicos.
Infelizmente no dia de ontem perdemos um bombeiro que estava indo para o local onde havia fogo. Nossos sentimentos. 

Mas fica registrado aqui a nossa gratidão por tudo que estamos vivendo com os nossos filhos na escolinha! 

Gratidão!

Portugal precisa valorizar os Bombeiros, eles fazem um trabalho incrível!",Somos Peixotos,2025-08-18T17:40:02Z,87,6,2
6tpwmJJnkAE,https://www.youtube.com/watch?v=6tpwmJJnkAE,Pedro Farromba 2021 Candidato a Presidência da Câmara da Covilhã - Apoio de Luís Taborda Barata,"Vídeo de apoio do Professor Luís Taborda Barata a Pedro Farromba, candidato à presidência da Câmara Municipal da Covilhã 2021 #juntos,fazemosmelhor #covilhãjuntosfazemosmelhor",Covilhã Juntos fazemos melhor,2021-03-28T22:45:12Z,80,1,0
FnRHH8v3iv0,https://www.youtube.com/watch?v=FnRHH8v3iv0,"Gustavo Galil, do Covilhã, foi uma muralha e defendeu tudo frente ao Atlético!","Gustavo Galil, do Covilhã, foi uma muralha e defendeu tudo frente ao Atlético!
#portugal #futebol #football #footballshorts #footballedits #foryou #foryoupage #fyp #viral #viralvideo #viralshorts #purofutebol #goal #golazo #liga3 #atleticocp #covilha #sccovilha #goalkeeper #keeper #save",LusoFut Edits,2025-10-29T20:55:00Z,976,7,0
RjjdIPqG7Bw,https://www.youtube.com/watch?v=RjjdIPqG7Bw,Praia Fluvial do Paul Covilhã 2025 HD,"PRAIA FLUVIAL DO PAÚL - COVILHÃ
A vila do Paul tipicamente serrana, acolhe um fantástico poço, que origina a Praia Fluvial do Paul. Situada na parte sul da Serra da Estrela é banhada pela Ribeira da Caia. Esta Ribeira nasce nas Taliscas e é a fusão da Ribeira das Cortes e Unhais da Serra. Ao descer as colinas da Serra da Estrela, esta água límpida e fria moldou a rocha ao longo dos anos, criando este poço magnífico.
No local encontra uma pequena ponte que dá acesso a uma zona de areia e a uma extensa variedade de rochas onde pode estender a sua toalha. Ná época balnear o acesso à agua é facilitado por um local menos profundo na zona do areal. É um espaço bastante calmo para fugir ao stress citadino rodeado de sombras. Para os mais aventureiros as rochas servem como pranchas de mergulho. Toda a zona é propícia a piqueniques devido à sua abundância em penedos. O estacionamento é de terra batida e é uma praia não indicada a pessoas com mobilidade reduzida. Não se encontra vigiada por nadador salvador pelo que qualquer acidente ocorrido é da responsabilidade da própria pessoa.
IN: https://www.praiafluvial.pt/praia-fluvial-do-paul/",OlharesNaturais,2025-07-08T21:01:28Z,90,0,0
668r75CSJ3c,https://www.youtube.com/watch?v=668r75CSJ3c,Liga 3 (14.ª Jorn. Apuram. Campeão): SC Covilhã 0 - 2 FC Felgueiras 1932,Liga 3 (14.ª Jorn. Apuram. Campeão): SC Covilhã 0 - 2 FC Felgueiras 1932,Federação Portuguesa de Futebol,2024-05-19T17:07:23Z,2639,23,0
Z5_BpbVajIQ,https://www.youtube.com/watch?v=Z5_BpbVajIQ,Mutualista da Covilhã: instituição pioneira na resposta à fibromialgia,"A Mutualista da Covilhã consolida a sua posição na vanguarda do mutualismo em Portugal. Destaca-se a Unidade de Fibromialgia — infraestrutura pioneira no país no combate à dor crónica.
Neste final de 2025, a instituição reforçou o compromisso social com o lançamento de novas valências na Saúde da Mulher, reafirmando um modelo de cuidados de proximidade e excelência. A reportagem é da Beatriz Botelho e da Maria Cerdeira.",JornalismoUBI,2025-12-27T12:48:49Z,21,1,0
isRQlDGMamM,https://www.youtube.com/watch?v=isRQlDGMamM,Final do dia lindo na #covilhã ✨,,Brígida Paulo,2024-01-22T05:39:09Z,20,0,1
Cf5tyczD-O0,https://www.youtube.com/watch?v=Cf5tyczD-O0,#portugal #covilhã #imigrante #brasileirosemportugal #morarfora #liberdade #makeup,,Viajando com Caroline Mevie,2025-01-12T17:13:30Z,450,8,2
XjqMyujyMDQ,https://www.youtube.com/watch?v=XjqMyujyMDQ,Verão no Centro Histórico começa em agosto na Covilhã.,,Canal Bem Haja,2025-07-11T12:52:57Z,106,0,0
tAy0J6wpRX8,https://www.youtube.com/watch?v=tAy0J6wpRX8,Primeiras impressões - Covilhã/Portugal,,Maria Conde Gama,2022-10-21T21:59:37Z,2460,96,13
AltqYDAbg40,https://www.youtube.com/watch?v=AltqYDAbg40,Sinalizações e proteção: os desafios da CPCJ da Covilhã,"A Presidente da CPCJ da Covilhã, Solange Franco analisa os desafios da proteção de menores na região, depois de, no ano passado, terem sido acompanhados 341 casos. Nesta entrevista, abordamos a eficácia da rede de apoio, os riscos digitais e a urgência de uma intervenção cada vez mais precoce e humanizada. Entrevista de Luís Alves e de Rafael Silva.",JornalismoUBI,2025-12-27T10:36:22Z,89,1,1
tK-Eu8B5Paw,https://www.youtube.com/watch?v=tK-Eu8B5Paw,"Mutualista da Covilhã - Reportagem SIC ""Dia da Saúde Mental""",,Mutualista da Covilhã,2024-11-04T15:41:34Z,236,0,0
NgV5NIB3n7U,https://www.youtube.com/watch?v=NgV5NIB3n7U,Luísa Raposo - Vontade de Mudar @ Covilhã | Autárquicas 2017,"Há uma vontade geral de mudar a Covilhã, de inverter o rumo de desastre levado a cabo nos últimos três anos e de criar uma alternativa que devolva a esperança e o rumo de crescimento àquela que já foi a Manchester Portuguesa.",Vontade de Mudar,2017-05-29T17:13:12Z,31,0,0
KIHFOQvaxtg,https://www.youtube.com/watch?v=KIHFOQvaxtg,Desertuna - Covilhã (XVII FESTUBI),"Covilhã (Rodrigo Raposo, arr. Desertuna)

------------------------------------

Excerto da actuação da Desertuna - Tuna Académica da Universidade da Beira Interior no XVII FESTUBI - Festival de Tunas da Universidade da Beira Interior™.

Organização: Associação Cultural Desertuna
Grande Auditório da FCS-UBI | 19 e 20 de Novembro de 2021

© Associação Cultural Desertuna, 2021",Desertuna TAUBI,2022-04-17T19:50:00Z,4655,65,5
E2YdoacW5YY,https://www.youtube.com/watch?v=E2YdoacW5YY,10+ Urban Arts in Covilhã - Portugal 4K Walking Tour - Immersive Sound [4K Ultra HD/60fps],"Check the part 1 here:

https://www.youtube.com/watch?v=7gMuL17J-BI&ab_channel=P%C3%A9naSerra%2COlhonaEstrela","Pé na Serra, Olho na Estrela",2023-08-19T16:06:45Z,281,10,2
n96tfX-R1Hw,https://www.youtube.com/watch?v=n96tfX-R1Hw,☃️ PREPARE-SE para o INVERNO aqui na Covilhã 🇵🇹 Portugal 2022 #27,"VLOG 27

Olá pessoal aqui é o Jeff e a Karine e sejam bem vindos a mais um vlog do Mãe tô em Portugal! Neste vídeo queremos ajudar você a se preparar para o inverno aqui de Portugal especificamente na cidade da Covilhã que fica no Distrito de Castelo Branco, bem pertinho aqui da Serra da Estrela onde NEVA E MUITO aqui no interior de Portugal.

Então prepare os seus agasalhos, cachecóis e luvas e bora para mais um vídeo!

Moramos em Portugal já faz 8 meses e escolhemos Covilhã para ser atualmente nossa cidade e nosso lar.

Fique a vontade em comentar, o seu comentário é muito importante. 😀

Não clique aqui hein! https://tinyurl.com/53uwv377 👀

_____________________________________
Nosso Instagram: 

https://www.instagram.com/jeffisuh
https://www.instagram.com/karine.suzy

_____________________________________
Localização do Balcão do Migrante:
https://goo.gl/maps/ikS9nrmMXmGoJ1M39

_____________________________________

WISE (app de câmbio )
Transferir 500 euros sem tarifa é só acessar o link👇🏻

https://wise.com/invite/u/jeffersond489

_____________________________________

Deus em todo tempo é bom!

#portugal #viveremportugal #brasileirosemportugal",Jeff e Karine Vida em Portugal ,2022-10-21T21:00:28Z,949,85,26
ncrNobDEAco,https://www.youtube.com/watch?v=ncrNobDEAco,Covilhã capital da Cherovia,"A Covilhã volta a ser a “capital da Cherovia”,  um legume típico da região da Cova da Beira que é motivo para um festival com música e gastronomia.
O Festival da Cherovia nas ruas íngremes da Covilhã... no seu casco histórico.


Festival da Cherovia

o Festival da Cherovia promete muita animação, com espectáculos musicais, tasquinhas, exposições e artesanato.  Este festival da Cherovia pretende ser «um projecto gastronómico, cultural e pedagógico».O que é a Cherovia? A cherovia é uma raiz que é cozinhada como legume, tem um sabor adocicado, assemelha-se a uma cenoura mas tem a cor do nabo.Portanto caro leitor um óptimo evento a não faltar.",Beira Baixa TV,2014-10-10T20:34:27Z,6359,50,2
FTbDbpi6Hq8,https://www.youtube.com/watch?v=FTbDbpi6Hq8,Viriatours Covilhã,"Viriatours Covilhã
Rotas - Arte Urbana, Arte Sacra, Museus, Rota Industrial, Covilhã Histórica, Azulejaria, Arte Nova
Music - www.bensound.com","TECNAT , Lda",2019-07-24T15:18:44Z,709,13,0
ozGQVrCfcCA,https://www.youtube.com/watch?v=ozGQVrCfcCA,"🇵🇹 Covilhã,a Cidade da Arte Urbana! #arteurbana #streetart #covilhã #brasileirosemportugal",Covilhã Cidade Rota da Arte Urbana!,Narramundos,2023-03-12T21:27:11Z,1268,67,3
spVHx4rJ73k,https://www.youtube.com/watch?v=spVHx4rJ73k,Resumo: CD Nacional 2-0 SC Covilhã - Liga Portugal SABSEG | SPORT TV,"#SportTV #LigaSabseg 
CD Nacional-SC Covilhã: Fim da partida!

http://www.sporttv.pt
http://www.facebook.com/SPORTTVportugal
http://twitter.com/SPORTTVportugal
http://www.instagram.com/SPORTTVportugal
https://www.linkedin.com/company/sporttv/

Subscreve o nosso canal Youtube:
http://www.youtube.com/subscription_center?add_user=sporttv",sport tv,2023-03-05T22:43:51Z,1137,24,0
ruUTuaXM18Y,https://www.youtube.com/watch?v=ruUTuaXM18Y,Senhor dos Passos da Covilhã,"Provided to YouTube by CDBaby

Senhor dos Passos da Covilhã · Banda da Covilhã

Covilhã Cidade Neve

℗ 2024 Afinaudio

Released on: 2024-10-26

Auto-generated by YouTube.",Banda da Covilhã - Topic,2024-10-30T05:29:49Z,1565,12,0
W4gEMOFsyV0,https://www.youtube.com/watch?v=W4gEMOFsyV0,"Vila do Paúl (Covilhã), Portugal","Vila do Paúl (Covilhã), Portugal

http://donabeatriz.org/
Dona Beatriz est un réseau social et solidaire dont la vocation première est la lutte contre l’illettrisme et l’analphabétisme.
Née d’une volonté d’apporter un soutien aux différentes populations qui sont dans le besoin, l’association Dona Beatriz a pour ambition d’intervenir en France et à l’étranger, partout, où elle peut être amenée à contribuer.",Association Dona Beatriz,2019-10-25T13:16:11Z,10570,177,8
AfcS3uLDOTM,https://www.youtube.com/watch?v=AfcS3uLDOTM,TREKKING DA ROSA NEGRA NA SERRA DA ESTRELA T3ep.46 COVILHÃ PORTUGAL,"Estamos viajando pelo mundo, nos acompanhe:
https://www.travellivre.com.br/
https://www.instagram.com/travellivre
________________________________________________________
Apoiadores:
https://www.rotobr.com.br/  Peças para gás, Manômetros, Reguladores, Refrigeração
http://resfriar.com.br/   Geladeiras Automotivas, climatizadores
https://tendaro.com.br/  Barracas de teto, toldos
https://offlimits.com.br/ Amortecedores Especiais Offshox
Tecnocesca: Freio Hidrobuster  (48)99976-2668
https://mundopickup.com.br  Acessórios para pickups, Calhas de chuva (Prescalhas), capotas, Racks
_______________________________________________________________________
Vídeo mais Assistido: https://www.youtube.com/watch?v=qwDxqEU_EDs
________________________________________________________________________",Travel Livre,2022-12-08T16:23:03Z,235,9,2
C0lGvLsMPAo,https://www.youtube.com/watch?v=C0lGvLsMPAo,Pero da Covilhã e o Preste João,"A extraordinária trajetória de um português simples: Pero da Covilhã, o homem que mapeou o Índico disfarçado como comerciante islâmico. 
As lendas sobre o Preste João, o líder religioso e governante de um reino cristão isolado da Cristandade Europeia; e a realidade sobre a Etiópia, lar do verdadeiro Preste João.
Como essas trajetórias se cruzam e acabam unidas.

Apresentação: Aurélio Schommer",Enciclopédia de História,2024-04-21T20:57:37Z,3099,337,72
_2gLo3QNe6g,https://www.youtube.com/watch?v=_2gLo3QNe6g,Covilhã,,Covilhã Município,2020-01-07T16:09:17Z,3289,60,0
7gMuL17J-BI,https://www.youtube.com/watch?v=7gMuL17J-BI,20+ Artes Urbanas de Covilhã! Portugal Walking Tour - Immersive Sound [4K Ultra HD/60fps],"Covilhã, aninhada no coração da Serra da Estrela, é um baú de tesouros históricos e culturais. Carinhosamente conhecida como a ""Cidade Neve"" de Portugal, Covilhã foi outrora lar de exploradores audaciosos e o centro vibrante da indústria da lã que moldou o país. Aqui, cada rua, cada edifício, respira histórias - algumas esquecidas no tempo, outras ainda vivas e vibrantes nas tradições e no orgulho do povo.

Neste passeio guiado, caminhamos pelas charmosas ruas de paralelepípedos e entre as impressionantes arquiteturas de Covilhã. Vamos apresentar um lugar que fascinou viajantes durante séculos, a imponente Igreja de Santa Maria, um marco que já serviu de farol para aqueles que procuravam abrigo e consolo nas frias montanhas.

Então, calce seus sapatos mais confortáveis, prepare-se para ser encantado e junte-se a nós nesta exploração incrível da mágica Covilhã. Vamos descobrir juntos por que esta pequena cidade portuguesa se tornou uma pérola brilhante na coroa da história da Europa.

Está pronto? Vamos lá, vamos nos aventurar pelas charmosas ruas de Covilhã!

00:15 extra WOOL | Gijs Vanhee (BE) 'estrela' 2016.02
02:36 WOOL 2020 | Alberto Montes (ES) 'About proximity' 2020.09
03:05 WOOL 2020 | Catarina Glam (PT) 'Covilhocos à espreita' 2020.09
03:17 ??
03:21 ??
03:43 WOOL 2021 | TheCaver (PT) 'Olhar de Cima' 2021.07
04:11 WOOL 2017 | Bosoletti (AR) 'Arrebatamento' 2017.06
Sou a Mulher, sou a Terra. Sou o sangue que brota do ventre.
Sou a alma que foi raptada, a seiva vital das raízes.
Sou o que resta da tua sedução, a luz reflectida na caverna.
Sou a ovelha que carrega o cordeiro, e tudo em volta à pastagem é teu.
Covilhã, Portugal.
Texto: Giuseppina Ottieri
Perante um olhar e observação sempre muito NEGATIVA que temos perante a nossa sociedade, as nossas cidades, ele pretende que olhemos um pouco mais além, com mais atenção, sendo esta a única forma de percepcionar o POSITIVO, a beleza que nela existe. É esta dicotomia entre positivo e negativo que ele aplica à sua pintura.
Na Covilhã, Bosoletti também constatou esta necessidade urgente de um novo olhar, de uma valorização da realidade, face ao passado e a composição que é possível observar na parede, reflecte essa mesma necessidade, de força, de poder e entreajuda para a elevação.
04:22 Ovelha Me
05:18 Azulejos
05:38 WOOL 2021 | Colectivo Licuado (URU) 'Expedição à Serra da Estrela' 2021.07
06:35 WOOL 2018 | Frederico Draw (PT) 'Estruturalho' 2018.06
09:53 WOOL off fest 2011 | Adres (PT) 2011.11
10:22 WOOL 2020 | Catarina Glam (PT) 'Covilhocos à espreita' 2020.09
10:42 WOOL off fest 2012 | PFFF (NL) 2012.08 pieter frank de jong aka pfff
11:35 WOOL 2018 | Pastel (AR) 'Hidden' 2018.06
12:02 WOOL off fest 2017 | Adres (PT) 2017.06
12:37 WOOL 2017 | Halfstudio (PT) 'cidade flor' + 'em ti mora o meu amor' + 'amor' 2017.06
Este mural criado para a 4º edição do WOOL, foi inspirado no fado de Amália Rodrigues ""Covilhã, cidade neve"", que canta sobre a cidade da Covilhã, a sua tradição de lanifícios e os seus costumes.
12:58 Bica d agua
13:04 WOOL 2011 | Btoy (ES) WOOL edition 01 - 2011.11
13:40 Tv. do Castelo
14:47 WOOL 2022 | Reskate (ES) 'Ouro'  2022.06
15:05 WOOL 2022 | Ruído (PT) 'A Serra e a Neve'  2022.06
15:23 WOOL 2020 | Catarina Glam (PT) 'Covilhocos à espreita'  2020.09
15:50 Azulejos, n os originais 
16:08 Aqui mora gente brasileira feliz 
16:25 WOOL off fest 2017 | Las Medianeras (AR) 2017.05
16:42 WOOL off fest 2016 | Animalito Land (AR) 2016.10
17:30 WOOL 2014 | Bordalo II (PT) WOOL on residence | Bordalo II 'owl eyes'  2014.10
17:52  WOOL off fest 2019 | Gabriel Coca (ES) 2019.06
18:48 WOOL 2023 | Tiago Hesp (PT) 'Lã de Rocha' 2023.06
20:02 WOOL 2017 | Doa Oa (ES) 'Indigofera Tinctoria + Rubia Tinctorium'  2017.06
Dentro da sua temática de trabalho ‘Reflorestando’ e após uma das visitas do acolhimento aos artistas, ao Museu de Lanifícios, recuperou 2 espécies de plantas utilizadas no tingimento tradicional (de azul e vermelho) dos tecidos na Real Fábrica dos Panos da Covilhã.
22:21 WOOL 2023 | Helen Bur (UK) 'WEIGHT'  2023.06
26:03  ja n existe  WOOL 2011 | Btoy (ES) WOOL _ edition 01 - 2011.11 (disappeared)
27:35 WOOL 2021 | TheCaver (PT) 'Ser Serrano' 2021.07
29:11 WOOL off fest 2019 | Magi (BE) 2019.04","Pé na Serra, Olho na Estrela",2023-08-05T14:50:44Z,527,35,2
sKKz6NXuDEU,https://www.youtube.com/watch?v=sKKz6NXuDEU,Serra shopping e os jardins da Covilhã - tour pela Covilhã,"Uma visita ao jardim do lago, serra shopping e ao jardim das artes na Covilhã",Gabriella Azevedo,2020-08-10T13:57:50Z,989,32,0
a4M6_TW5lbo,https://www.youtube.com/watch?v=a4M6_TW5lbo,"Covilhã, cidade neve","Provided to YouTube by IIP-DDS

Covilhã, cidade neve · Amália Rodrigues

Oiça lá ó senhor vinho

℗ Edições Valentim de Carvalho, SA

Released on: 1992-06-16

Music Publisher: SPA
Composer: Nóbrega e Sousa
Lyricist: Joaquim Pedro Gonçalves

Auto-generated by YouTube.",Amália Rodrigues - Topic,2021-03-31T18:37:46Z,8184,107,0
yzoTF34-WNY,https://www.youtube.com/watch?v=yzoTF34-WNY,Covilhã - Categoria Documentário,Covilhã - Serra da Estrela,Jovem Kuriakos,2019-11-16T16:00:08Z,116,5,0
9ll39w75Eeg,https://www.youtube.com/watch?v=9ll39w75Eeg,"Spiritus Sanctus, marcha de procissão de Carlos Almeida - Banda da Covilhã","Partitura e partes ▶ https://afinaudio.ink/44R2OFR
Playlist 👉 https://bit.ly/music-carlos-almeidav
Banda da Covilhã
Composição e direção: Carlos Almeida
Spiritus Sanctus - Marcha de Procissão

═══════════════════════════════════════
🔀 Playlist MARCHAS 👉 https://afinaudio.ink/452qoPQ
🔀 Playlist MARCHAS PROCISSÃO 👉  https://afinaudio.ink/3ViumRk
🔀 Playlist MEDLEYS-RAPSÓDIAS 👉 https://afinaudio.ink/3KDdo9T
🔀 Playlist PASODOBLES 👉 https://afinaudio.ink/pasodobles
═══════════════════════════════════════

https://www.youtube.com/@canal.afinaudio
Gravação, mistura, edição e masterização pela editora Afinaudio
https://www.afinaudio.pt
═══════════════════════════════════════
▬▬▬▬»» Contactos ««▬▬▬▬
Associação Recreativa Musical Covilhanense - Banda Da Covilhã
Av. Frei Heitor Pinto 1 6200, 6200-113 Covilhã
https://www.facebook.com/bandadacovilhaa
http://www.bandadacovilha.pt/
📞  960 119 969
═══════════════════════════════════════ 
Banda Filarmónica; banda musicale; духовой оркестр; Orchestre d'harmonie; Blasorchester; Concert band; Wind Band; 吹奏楽: blasorchester; harmonieorkest; Musikkapelle; blaskapelle #afinaudiorecording #windband",AfinaudioTube,2023-12-22T11:20:36Z,40717,205,16
JDbeQ3m_Y8A,https://www.youtube.com/watch?v=JDbeQ3m_Y8A,"Miradouro do Sanatório, Covilhã, Portugal",,Gama Discovery,2025-07-27T17:22:07Z,42,2,0
SyjsnTCFQns,https://www.youtube.com/watch?v=SyjsnTCFQns,Casa Isabel Dias - Covilhã - Portugal,"Casa Isabel Dias hotel city: Covilhã - Country: Portugal 
Address: Rua 1 de Dezembro n.1; zip code: 6200-651 
 
Casa isabel dias is situated in Teixoso, 5 km from Covilhã and 30 km from Guarda.  Some rooms have views of the mountains or city. All rooms are equipped with a private bathroom.
 -- Le Casa Isabel Dias vous accueille à Teixoso, à 5 km de Covilhã et à 30 km de Guarda.  Certaines chambres offrent une vue sur les montagnes ou la ville. Toutes disposent d'une salle de bains privative.
 -- A Casa Isabel Dias situa-se no Teixoso, a 5 km da Covilhã e a 30 km da Guarda.  Alguns quartos apresentam vistas para as montanhas ou para a cidade. Cada quarto inclui uma casa de banho privativa.
 --",World Top Destinations,2017-12-31T05:47:40Z,199,2,0
r0r0W8EPqfU,https://www.youtube.com/watch?v=r0r0W8EPqfU,WOOL 2025 | Covilhã Urban Art,"WOOL 2025 _ 12th edition
Covilhã, Portugal

21 - 29 June


Video
Director _ Mariana Vasconcelos
Camera Operation _ Mariana Vasconcelos + Doug  Gillen 
Editor _ Mariana Vasconcelos
Music _ Artlist + mobygratis
Interviews _ Graça Rojão + Helena Lucas + José Carlos Campos + Rafaela Ciríaco da Graça 
Voice-over _ Lara Seixo Rodrigues + Mariana Vasconcelos 
Translation _ Mariana Vasconcelos


+ info
Organization _ WOOL - Covilhã Urban Art
Support _ Câmara Municipal da Covilhã / Covilhã Cidade Criativa UNESCO + Visit Portugal  + Turismo Centro Portugal + BPI | Fundação “la Caixa” + Embaixada de Espanha em Portugal
Institutional Support  _ Visit Center of Portugal 
Patrons _ REN - Redes Energéticas Nacionais + Farmácia Covilhã  + União de Freguesias de Covilhã e Canhoso
Sponsor _ CIN
Official Hotel _ Sport Hotel Gym & Spa
Official Vehicle _ Caetano City
Logistics Partners _ Taberna A Laranjinha + Casa das Muralhas + Montiel + Meeat! + Nata Lisboa Covilhã + 100 Montaditos + par.mi.gia.no + Fogolar + Epicentro + MXC + Kraxas + Graph&Co + PCP + J. Gomes + Twintex + Natura IMB Hotels + amb + Coviclass
Programming Partners _ A Tentadora + Burel Factory + Centro de Ativ’idades + CISMA + Coolabora  + Museu da Covilhã + New Hand Lab
Media Partners _ Street Art Cities + Blocal + Fitfh Wall TV + Público + Gerador + Antena 3 + Canal180 + Rimas e Batidas + Portugal Manual + Jornal do Fundão + Notícias da Covilhã + Fórum + Jornal do Centro + Rádio Cova da Beira + Carma
Communication _ Ricardo Rodrigues
Graphic Design _ Losers Studio

Artists _ Boa Mistura (ES) + Stelios Pupet (GR) + Lidia Cao (ES) + Ligia Fernandes (PT) + Ampparito (ES) 
Community art action _ ""We Are All the Other"" oriented by A Avó Veio Trabalhar (PT)
Artistic Residencies (music) _ Surma (PT) + Bia Maria & Coro Viés - Vozes em Intervenção (PT) 
Music _ Vasco Fazendeiro & João Semedo (PT) + Má-Hora (PT) + LX30 (PT)
Exhibitions _ ""WOOL x Museu da Covilhã"" (permanent) + ""Good and bad ideas"" by Hugo Makarov (PT) 
Movies _ ""Crossroads: the circular journey of Boa Mistura"" (ES) + ""Grand Tour"" (PT) 
Masterclass _ ""Ephemeral Drawings: drawing as performance"" oriented by António Jorge Gonçalves (PT) + ""Good and bad ideas"" oriented by Hugo Makarov (PT)
Capacity-building action _ ""The mission of cultural organisations"" oriented by Maria Vlachou (GR/PT)
Real-time drawing show _ ""Ephemeral Drawings"" by António Jorge Gonçalves (PT) 
WOOL Talks _ Maria Vlachou (GR/PT) + Paulo Fernandes (PT) + Olivier landes (FR) + Doug Gillen (UK)
WOOL Street _ Valice Atelier (PT) + Marta Amaro (PT) + Luana Lobato (BR) + Oficina da Rita (PT) + Adufeiras da Casa do Povo do Paul (PT) +  Coé Tattoo (BR/PT) + ""Contos e Lenga Lendas"" by Gil Dionísio (PT) + Fanfarra 4XX (PT) + Tear Sonoro (IT/PT) + DJ's Studios CISMA + Portugal Manual + ""Cardápio Poético"" by Alice Neto de Sousa (PT) + ""Memurial: efémero mural"" by Umbra (PT) + Jogos do Helder (PT) + WOOL 2025 - participatory mural + Ana Isabel Albuquerque + Tertúlia + Coletivo Desfoque + Gregory Betermann
Quizz WOOL
Community Lunch
Guided Tours 

Photography _ Miguel Oliveira
  
  
#woolfest #wool2025 #wool_urbanartfestival #covilhã #portugal #publicart #artepública #urbanart #arteurbana #streetart #art #arte #socialart #community #comunidade #curadoria #curatorship #visitportugal #centrodeportugal #bancobpi #fundaçãolacaixa",WOOL | Covilhã Urban Art,2025-08-29T10:02:35Z,182,3,0
La2OinISHSM,https://www.youtube.com/watch?v=La2OinISHSM,COVILHÃ : EVEN AFTER DEATH | A FILM BY UJJWAL GOVINDA DULAL,"After making my first short film, a time loop friendship story. I wanted to explore something completely different.This time, it’s horror.

On New Year’s, I was planning to visit a new place here in Portugal, Covilhã. That same night, I watched Dies Irae. Not once. Not twice. But three times. Something about its atmosphere stayed with me… and that’s where this story began. I wrote the script, gathered everything needed for the shoot. New mics, ghost masks, props and brought this idea to life. This is my second short film, and I’m genuinely so happy to share it with you all. And trust me… this is only the beginning. If you’re reading this entire description, here’s something special, I’m officially announcing my next two projects:

🎬 THE OSCAR SPEECH
🎬 Untitled (an experimental project with two different endings)

Let’s see how many of you actually read this far 😉

Synopsis:
A man visits a new place and begins to experience the supernatural. As the day unfolds, so do the mysteries and not everything is what it seems.

Tracks Used🎶 

🎵 “Mas Que Tudo Isso Faz Sentido” by J3zi3l : https://pixabay.com/music/pop-mas-que-tudo-isso-faz-sentido-371631/

Since I’m currently in Portugal, I wanted to include something that connects to where I am. I fell in love with this track the very first time I heard it and it fit the mood perfectly.


🎵 “Zara Sa – Orchestral Version” by Cineforge Music & Karjan Parsad : https://youtu.be/SqnXcpsvT3w?is=J9u9JRIdWKp2wc3a

Background music credits: Epidemic Sound

I absolutely loved the orchestral depth of this version. It added emotional weight and tension exactly where it was needed. Also, today March 15, 2026 marks something personal. After five years of everything, I’m finally eligible for something I’ve wanted for a long time. That’s a story for another time. For now… enjoy the film.",UJJWAL GOVINDA DULAL,2026-03-15T05:00:06Z,178,27,20
BbO5TmBYIIQ,https://www.youtube.com/watch?v=BbO5TmBYIIQ,"Covilhã, Cidade Neve","Provided to YouTube by IIP-DDS

Covilhã, Cidade Neve · Amália Rodrigues

É ou não É?

℗ Edições Valentim de Carvalho, S.A.

Released on: 2018-06-29

Music  Publisher: SPA
Composer: Nóbrega e Sousa
Lyricist: Joaquim Pedro Gonçalves

Auto-generated by YouTube.",Amália Rodrigues - Topic,2021-03-31T17:30:27Z,1987,13,1
aELeB_Affls,https://www.youtube.com/watch?v=aELeB_Affls,🏡 TUDO sobre ALUGAR Imóvel e Quarto na Covilhã em Portugal 🇵🇹 2022 #28,"VLOG 28 - Neste vídeo vamos AJUDAR você com informações sobre arrendamento (aluguel) de quartos e imóveis na Covilhã cidade localizada no Distrito de Castelo Branco em Portugal!

Vamos tirar todas as suas dúvidas sobre o valor dos quartos e imóveis, como e onde encontrar, quanto tempo demora para conseguir arrendar (alugar) um imóvel na Covilhã e muito mais!

Então prepare os seus agasalhos, cachecóis e luvas e bora para mais um vídeo!

Moramos em Portugal já faz 9 meses e escolhemos Covilhã para ser atualmente nossa cidade e nosso lar.

Fique a vontade em comentar, o seu comentário é muito importante. 😀

Não clique aqui hein! https://tinyurl.com/53uwv377 👀

_____________________________________
Canal no Telegram:
https://t.me/+yV26kriSsIcxNTFh

_____________________________________
Link dos Grupos do Facebook e Imobiliárias na Covilhã:
https://tinyurl.com/LinksImoveisCovilha

_____________________________________
Nosso Instagram: 

https://www.instagram.com/jeffisuh
https://www.instagram.com/karine.suzy

_____________________________________
WISE (app de câmbio )
Transferir 500 euros sem tarifa é só acessar o link👇🏻

https://wise.com/invite/ata/jeffersond489

_____________________________________

Deus em todo tempo é bom!

#portugal #moraremportugal #brasileirosemportugal",Jeff e Karine Vida em Portugal ,2022-10-28T21:00:09Z,2563,191,42
J9eL5iJAR2Q,https://www.youtube.com/watch?v=J9eL5iJAR2Q,T3 venda ou arrendamento | Covilhã,"T3 totalmente equipado e mobilado para venda ou arrendamento próximo ao Serra Shopping
Venda- €185000
Arrendamento-€800",Quinas Imobiliária,2024-01-14T01:37:07Z,216,0,0
r8igXxabetc,https://www.youtube.com/watch?v=r8igXxabetc,"Apartamento para venda no centro da cidade da Covilhã, Portugal",,Teresa Domingues - Remax Ideias ,2023-10-18T14:33:50Z,247,3,0
JZXvunEf-1M,https://www.youtube.com/watch?v=JZXvunEf-1M,"Portugal,covilha, walking 4K",#portugal #covilhã #walking #4k,A million miles away,2023-04-24T15:55:07Z,457,9,1
moyffmaXH7E,https://www.youtube.com/watch?v=moyffmaXH7E,Excelente Moradia T5 com Piscina e Campo de Ténis na Covilhã 9839JF,"O imóvel encontra-se inserido num ambiente calmo e rodeado de natureza, a 5 minutos do centro da Covilhã e a 20 minutos da Torre, na Serra da Estrela.

Esta proximidade com a Serra da Estrela é garantia de uma vida ao ar livre, em longas caminhadas.

Porque espera? Venha visitar esta que pode ser a sua morada de sonho.

Troque o morar pelo viver.

Composição do Imóvel

Piso 0: Sala de jantar, sala de estar, cozinha, casa de banho, uma suíte, lavandaria, salão de jogos, salão de festas, garagem, alpendre semi-fechado em vidro temperado, zona de refeições exterior com churrasqueira, jardim, piscina e campo de ténis.

Piso 1: Hall, dois quartos, uma suíte, uma casa de banho, uma sala e um escritório.

Piso 2: Sótão em open space.

Extras / Equipamentos

Cozinha totalmente equipada.

Aquecimento central a gasóleo.

Recuperador de calor na lareira da sala.

Alarme.

Ar condicionado.

Furo com aproveitamento das águas para a piscina e rega.

Descrição das Redondezas

Bons acessos rodoviários e proximidade com:

Centro da cidade.

Farmácias.

Polícia.

Escolas.

Supermercados.",Live in Portugal,2025-10-15T15:34:08Z,43,2,0
RYWUQ8xvwXw,https://www.youtube.com/watch?v=RYWUQ8xvwXw,Maskarilha - Passagem de Ano (Companhia Club - Covilhã) #djmaskarilha #companhiaclub,"Maskarilha - Passagem de Ano (Companhia Club - Covilhã) 

+ informações em 
info@wka.pt 
ou em site 
/wka.pt 

Video: Andrezzo 

#MASKvibes 
#PDAcompanhiaclub",WE KNOW AGENCY TV,2024-01-08T17:44:52Z,123,3,0
YlIfOfjxTdM,https://www.youtube.com/watch?v=YlIfOfjxTdM,"Latada 2025 da UBI, Covilhã a 15-10-2025","Latada 2025 da UBI, Covilhã a 15-10-2025, desfile dos caloiros e alunos da Universidade da Beira Interior, recepção....
-UBI Latada 2025, Covilhã op 15-10-2025, parade van eerstejaarsstudenten en studenten van de Universiteit van Beira Interior, receptie....
-UBI Latada 2025, Kovilʹyan, 15-10-2025, parad pershokursnykiv ta studentiv Universytetu Beyry Vnutrishnikh Departamentiv, pryyom....
-UBI Latada 2025, Covilhã am 15.10.2025, Parade der Erstsemester und Studenten der Universität Beira Interior, Empfang....
-UBI Latada 2025, Covilhã le 15-10-2025, défilé des étudiants de première année et de l'Université de Beira Interior, réception....
-UBI Latada 2025, Covilhã on 15-10-2025, parade of freshmen and students of the University of Beira Interior, reception...
http://videos.sapo.pt/beites/playview/2
https://www.dailymotion.com/jabeiteslp
https://jabeiteslp.blogs.sapo.pt/
https://anjodaesquina.blogs.sapo.pt/",TheBeites,2025-10-16T06:52:53Z,731,6,4
HhZe-l7_eeM,https://www.youtube.com/watch?v=HhZe-l7_eeM,Dos cantinhos preferidos❤️🌅🧣#covilhã #brasileirosemportugal #imigrantebrasileiro #saudemental,,Viajando com Caroline Mevie,2025-01-07T17:51:56Z,409,10,0
pvgAAk2d204,https://www.youtube.com/watch?v=pvgAAk2d204,Nosso presente de Natal para todos de casa. #razer @razer #covilhã #portugal,,CANAL TAS A VER OFICIAL,2024-12-17T09:49:56Z,41,1,0
_fEOe-Jn04c,https://www.youtube.com/watch?v=_fEOe-Jn04c,SOU CRIANÇA | Coro Infantil do Conservatório de Música da Covilhã,"Para assinalar o Dia Mundial da Criança, o Coro Infantil do Conservatório de Música da Covilhã preparou uma música bem divertida: ""SOU CRIANÇA""

SOU CRIANÇA

Com uma caixa de cartão 
Vou construir um avião,
E tudo vou explorar 
Vou voar, vou sonhar

Com uma caixa de papel
E ajuda dum pincel
Vou pintar e colorir
Uma criança a sorrir

Com todas as cores do mundo 
Onde encontro a esperança 
um sorriso bem profundo 
E verdadeiro … sou criança!!

(Refrão)
Sou criança, 
Pequenina,
Serei sempre , sempre assim!
A brincar,
Sem receios,
Ser feliz sem ter fim!


Tenho medos tenho sonhos
Faz parte do crescimento
Faço birras e amuos
Brinco a todo o momento

E pego no avião 
E lá vou eu a voar
Seguindo o meu coração
Continuo a explorar.

Lá vou eu com os meus amigos
Levo-os sempre na lembrança 
Rebuliços, brincadeiras
Sou assim.. Sou criança 

(Refrão)

Quero ser sempre feliz
E correr o mundo inteiro
Conquistar tudo o que quero 
E chegar sempre em primeiro

Sou assim e serei sempre
Com um sorriso bem rasgado
P'rós papás sou um presente
Que os segue em todo o lado.

E no meu rico avião,
com bravura e bonança,
Sigo sempre com um sorriso
Sou arisco… sou criança 

(Refrão)

Sou criança, 
Pequenina,
Serei sempre , sempre assim!
A brincar,
Sem receios,
Ser feliz sem ter fim!

_____________________
Música | Bruno Martins
Letra | Liliana Conceição 

Piano | Bruno Martins
Bateria | Edgar Araújo
_____________________
01 | JUN'23",Conservatório de Música da Covilhã,2023-06-01T08:30:09Z,1427,24,0
iRDcUVyIIZg,https://www.youtube.com/watch?v=iRDcUVyIIZg,"PORTUGAL, PORTUGAL.       #covilhã #portugal #imigração",Instagram: https://instagram.com/henrique_roger_?igshid=OGQ5ZDc2ODk2ZA==,Rick Roger,2023-09-16T13:28:07Z,18,1,0
tn3qSSBrLFI,https://www.youtube.com/watch?v=tn3qSSBrLFI,Mais desfibriladores na Covilhã.,,Canal Bem Haja,2025-06-02T20:03:08Z,87,0,0
zFCnp-sZ_KU,https://www.youtube.com/watch?v=zFCnp-sZ_KU,MAIS EMPREGOS na Covilhã a partir de 2024 em Portugal #79,"VLOG 79 - A cidade da Covilhã está cada vez a crescer e receber mais investimentos aqui em Portugal!

Seja membro deste canal e ganhe benefícios:
https://www.youtube.com/channel/UCma88yiABaXXwceE1q5-KlA/join

Fique a vontade em comentar, o seu comentário é muito importante. 😀

AJUDE o canal a crescer compartilhe este vídeo!

Não clique aqui hein! https://tinyurl.com/53uwv377 👀

_____________________________________
Nosso Instagram: 

https://www.instagram.com/jeffisuh
https://www.instagram.com/karine.suzy

_____________________________________

WISE (app de câmbio )
Transferir 500 euros sem tarifa é só acessar o link👇🏻

https://wise.com/invite/u/jeffersond489

_____________________________________

Deus em todo tempo é bom!

#portugal #moraremportugal #brasileirosemportugal",Jeff e Karine Vida em Portugal ,2023-12-03T15:00:52Z,4588,359,68
0FG87zFg5LU,https://www.youtube.com/watch?v=0FG87zFg5LU,Ancient City SURROUNDED BY FIRE: Covilhã Portugal Explored,"#portugal #covilhã #travel 

I take a lot of trips during times of Natural Forces - hurricanes, floods and fire. I don't plan on this, just it is the way that life happens for me. So, I roll with it.

Today I am in the middle of a 135,000 acre wild fire in the mountains between Portugal and Spain. We are in the midieval city of Covilhã. The higher up we go in the mountains the more ancient are the surroundings.",Cowboy Steve Builds a HomeStead,2025-08-24T03:08:58Z,87,6,2
1p-ph_QuANA,https://www.youtube.com/watch?v=1p-ph_QuANA,Teaser 2 T3 Apartamento nos Penedos Altos | Covilhã | 129.000€,"Apartamento T3 nos Penedos Altos, Covilhã, Portugal. Muito espaçoso e luminoso. Áreas generosas. Em muito bom estado. Constituído por: 3 quartos, 2 casas de banho completas, uma com banheira e outra com poliban, um salão com lareira, cozinha muito bem mobilada, com muita arrumação e ainda uma despensa. Tem um armário embutido no segundo hall e um roupeiro embutido num dos quartos. Sótão. Muito estacionamento público. Apartamento no rés-do-chão em prédio sem elevador.",Teresa Domingues - Remax Ideias ,2024-01-19T17:04:17Z,40,0,0
hRhfKjRVWm4,https://www.youtube.com/watch?v=hRhfKjRVWm4,"Arquitectura ao Centro #12 - Ponte pedonal sobre a Ribeira da Carpinteira, Covilhã","PONTE PEDONAL SOBRE A RIBEIRA DA CARPINTEIRA
COVILHÃ, COVILHÃ
João Luís Carrilho da Graça e AFAConsult, Lda. (António Adão da Fonseca e Carlos Quinaz, Engenheiros)
Pedro Abreu Pereira, João Rosado Baptista, Porfirio Pontes, Yutaka Shiki
Carrilho da Graça Arquitectos
2009
https://objectourbanoemespacorural.blogspot.com/2017/09/arquitectura-ao-centro-12.html

fotos: Fernando Guerra | FG+SG
http://ultimasreportagens.com/403.php",Ex-Delegação Centro OA-SRS,2017-09-03T17:28:25Z,189,3,0
AsJHga6exjU,https://www.youtube.com/watch?v=AsJHga6exjU,Município Covilhã - III Congresso Nacional,"III Congresso Cidades e Vilas que Caminham

Hélio Fazendeiro, Chefe de Gabinete do Presidente da Câmara Municipal da Covilhã",Instituto Cidades e Vilas com Mobilidade,2025-04-01T16:40:44Z,48,1,0
peslKYyGLqo,https://www.youtube.com/watch?v=peslKYyGLqo,06 02 2025 Hospital da Covilhã com novas terapêuticas mais rápidas e seguras   SIC,"Os cuidados de cardiologia são um dos maiores carências no interior do país. Mas no hospital de Covilhã foi criado um serviço que está a fazer grande diferença. Em cerca de um ano, realizou mais de 1.500 intervenções em doentes que antes tinham de ser transferidos para outras zonas do país.

Após um ano de atividade, a unidade de intervenção cardiovascular da ULS da Cova da Beira avança com novas terapêuticas. A cirurgia cardíaca estrutural garante maior segurança para o doente e recuperação mais rápida.

O trabalho no tratamento de situações de elevado risco, como arritmias, acidente vascular cerebral e insuficiência cardíaca, tem sido feito ao longo do último ano e tem feito a diferença.

Por detrás dos números há rostos. António Oliveira tem 62 anos e uma vida dedicada ao desporto. O cansaço extremo deu sinais de alerta. Hoje, reconhece que a rapidez na cirurgia salvou-lhe a vida.

Serviço referência no país
A unidade de intervenção cardiovascular veio colmatar uma das falhas que existia na região do interior do país.

O serviço é já referência na região e no país na prevenção e tratamento de doenças cardiovasculares com uma taxa de sucesso que ultrapassa os 95%.","Unidade Local de Saúde da Cova da Beira, EPE",2025-02-07T15:32:20Z,83,0,0
cIDwbNIml7w,https://www.youtube.com/watch?v=cIDwbNIml7w,Europeias 2024: Comício Covilhã com Inês Antunes,"Catarina Martins e Mariana Mortágua no Comício do Interior, com a participação da candidata Inês Antunes e do candidato André Barata.
Covilhã, 25 de maio de 2024.",Interior Do Avesso,2024-05-28T07:52:04Z,37,3,0
H5fqh6QPCv4,https://www.youtube.com/watch?v=H5fqh6QPCv4,#imigrantesemportugal #vidaemportugal #brasileirosnaeuropa #imigrant #brasileira #covilhã,,Viajando com Caroline Mevie,2025-01-25T12:27:07Z,416,10,0
NrpkDXDLfgE,https://www.youtube.com/watch?v=NrpkDXDLfgE,#imigrantesemportugal #vidaemportugal #covilhã #viveremportugal #castelobrancoportugal,,Viajando com Caroline Mevie,2025-01-26T14:18:23Z,31,1,0
av16RifhIoE,https://www.youtube.com/watch?v=av16RifhIoE,Quando me perguntam se estou gostando da cidade de covilhã-Portugal 🇵🇹 #covilhã #portugal,,Cris Andrade,2023-06-14T22:28:29Z,95,7,3
lHiwL5kdYug,https://www.youtube.com/watch?v=lHiwL5kdYug,Inauguração Doutor Finanças na Covilhã 2025,"Doutor Finanças é uma marca nacional, de renome, que chega agora às Beiras, mais concretamente, ao Concelho da Covilhã.
O Doutor Finanças marca presença na Loja Serra da Estrela, desde o dia 28 de Março.
“Fazer o bem, bem feito”, é o grande propósito com a abertura desta Loja, que irá abranger a região da Beira Baixa.
Loja Serra da Estrela, Covilhã
Rua Marques de Ávila e Bolama nº 191, 6200-053 Covilhã
Dias úteis das 9h às 12h e das 13h às 18h.
.",Beira Baixa TV,2026-03-19T17:09:25Z,8,0,0
mq5SxAWOnUY,https://www.youtube.com/watch?v=mq5SxAWOnUY,Bom dia! #goodmorning #covilhã #portugal,,Ricardo Santos (Hizpain),2022-01-10T08:09:15Z,18,1,0
z7RPwuNCDFU,https://www.youtube.com/watch?v=z7RPwuNCDFU,✨👐🏼#covilhã #vidaemportugal #massagemrelaxante #imigrantesemportugal #vidadeimigrante,,Viajando com Caroline Mevie,2025-02-05T15:05:20Z,11,0,0
tsfPviU9D84,https://www.youtube.com/watch?v=tsfPviU9D84,#covilhã #brasileirosemportugal #imigração #bruxa #nature #natureza,,HIVivendo - Caroline Mevie,2025-03-31T22:08:13Z,17,1,0
eJjOUWsYzpM,https://www.youtube.com/watch?v=eJjOUWsYzpM,FC Alverca 2-2 SC Covilhã | Flash Interview,"O mister João Pereira faz um rescaldo da partida da 14ª Jornada frente ao SC Covilhã, que culminou na divisão pontal. 2-2 foi o resultado final, tendo os dois golos do FC Alverca sido marcados por Luiz Miguel.

#VoaAlverca",Alverca TV,2023-12-16T20:25:16Z,151,10,0
i49louvk2U4,https://www.youtube.com/watch?v=i49louvk2U4,Covilhã Sustentável - Lançamento da Recolha de Biorresíduos 2024,"Covilhã Sustentável - Lançamento da Recolha de Biorresíduos
Esta iniciativa da empresa municipal Águas da Covilhã, em colaboração com a Câmara Municipal da Covilhã, marca o início do programa: Covilhã Sustentável.
Com a implementação deste projeto, a AdC e a autarquia, acreditam que será possível diminuir a deposição de resíduos em aterro, potenciando a sua valorização, na ótica do cumprimento da política dos 5 R's: Repensar, Recusar, Reduzir, Reutilizar e Reciclar, cumprindo os objetivos e políticas estabelecidas pela União Europeia.",Beira Baixa TV,2026-03-24T13:19:20Z,29,3,0
ma5hjlYKopQ,https://www.youtube.com/watch?v=ma5hjlYKopQ,Walk in the park #park #city #fountain #portugal #covilhã #autumnvibes #colours #soundsofwater,,Nelson Almeida Creations ,2022-03-01T01:45:05Z,86,5,0
0Ce2cv9uaak,https://www.youtube.com/watch?v=0Ce2cv9uaak,APE 58 em: Como é a vida noturna de Covilhã | Episódio 2,"Primeiras impressões sobre as baladinhas portuguesas.

Para mais episódios:

APE 58: https://www.youtube.com/playlist?list=PLsN_L2BcgVp5mQbLckHnPCfdT5cRt4UhR

Portugal: https://www.youtube.com/playlist?list=PLsN_L2BcgVp7r8hviYgQGvHmfw7f8j3kz

Paris: https://www.youtube.com/playlist?list=PLsN_L2BcgVp5bnX4_Mf0dDaBSoUHLSoa4",RotaBlueShow,2017-03-15T20:31:37Z,5075,90,5
o4Ky0SIXeiw,https://www.youtube.com/watch?v=o4Ky0SIXeiw,Mais Alto! no Teatro Municipal da Covilhã sábado (7).,,Canal Bem Haja,2025-06-06T13:12:12Z,52,0,0
WpN2ojCD1K8,https://www.youtube.com/watch?v=WpN2ojCD1K8,"Covilhã recebe ""A Montanha Desce aos Reis""","Covilhã recebe “A Montanha Desce à Cidade com os Reis” este fim de semana

A Covilhã celebra as tradições serranas este fim de semana com mais uma edição do evento “A Montanha Desce à Cidade com os Reis”, que tem lugar na Praça do Município. Esta iniciativa, promovida pela Câmara Municipal da Covilhã, traz ao centro histórico uma fusão de animação cultural, produtos locais, artesanato e jogos tradicionais das aldeias e vilas de montanha.

O evento contou com a participação das localidades de Cantar Galo e Vila do Carvalho, Erada, São Jorge da Beira, Verdelhos e Unhais, bem como do Geopark Estrela e da ADIRAM – Associação de Desenvolvimento Integrado da Rede de Aldeias de Montanha.

No âmbito das celebrações natalícias do programa “Natal com Arte”, destaca-se o Cantar das Janeiras.",Beira Baixa TV,2025-03-07T16:40:28Z,133,1,0
L6QZf3ksv3w,https://www.youtube.com/watch?v=L6QZf3ksv3w,Abertura oficial do primeiro balcão mutualista do país | Balcão Mutualista da Covilhã,"Veja, através deste curto vídeo, os melhores momentos da inauguração do Balcão Mutualista da Covilhã, com excertos das intervenções de Nelson Silva, Presidente da nossa associação, Regina Gouveia, Vereadora no Município da Covilhã, e Luís Miranda, da União das Mutualidades Portuguesas.
Localizado no coração da cidade, na Rua Comendador Campos Melo (Rua Direita), este novo espaço acolhe também as novas instalações do CLAIM – Centro Local de Apoio à Integração de Migrantes.
Mais do que uma porta aberta, é um novo passo na nossa missão de estar mais perto de quem mais importa: os associados, os parceiros e toda a comunidade.",Mutualista da Covilhã,2026-01-22T10:23:27Z,82,0,0
FyQlfL8ce90,https://www.youtube.com/watch?v=FyQlfL8ce90,Festival de Matemática Covilhã Cidade Do Pi,"Este vídeo sobre o Festival de Matemática Covilhã Cidade do Pi foi realizado para uma aula de MACS do #EstudoEmCasa no âmbito do dia Internacional da Matemática.


A aula pode ser visualizada em:
https://www.rtp.pt/play/estudoemcasa/p7883/e530627/matematica-aplicada-as-ciencias-sociais-matematica-10-ano?fbclid=IwAR1E9WCUSJWcfLVL8_q4As3R8zSTmmyNFbyKhpN562bofUb4O5_Db2qultI",F Pi,2021-03-20T11:51:11Z,169,2,0
a3VpY9OXR5Y,https://www.youtube.com/watch?v=a3VpY9OXR5Y,Pedagogia da Dignidade. Covilhã outubro 2025,"Apresentação do livro Pedagogia da Dignidad em Covilhã UBI pelo Professor Henrique Pereira, Presidente do Departamento de Psicologia e Educação da FCSH - Fac. Ciências Sociais e Humanas UBI,",Mario Viché,2025-10-18T12:58:54Z,35,2,0
UpfXIyapHRc,https://www.youtube.com/watch?v=UpfXIyapHRc,Viagem Covilhã e Aveiro #aveiro #covilhã #viagem #vlog,,Dessa&Veroo🌈,2023-02-07T01:13:25Z,48,0,0
CqNd5zLKqRQ,https://www.youtube.com/watch?v=CqNd5zLKqRQ,Um dia na Covilhã e na Bilbioteca Central da UBI,"Neste video, convido-vos a dar um passeio básico pelas ruas íngremes e cheias de arte urbana da Covilhã, fiz uma passagem obrigatória na Biblioteca Central da UBI. Se gostaste do Video, não te esqueças de deixar o teu like e Subscrever para mais roteiros pela covilhã /Portugal. @ubiuniversidadedabeirainte6120",Mr Aldemar,2026-03-18T23:22:03Z,30,2,0
RMaJ5UuAjiI,https://www.youtube.com/watch?v=RMaJ5UuAjiI,Viver em Covilhã: A Cidade Universitária nas Montanhas,"Viver em Covilhã: A Cidade Universitária nas Montanhas

#Covilhã, #CidadeUniversitária, #UniversidadeDaBeiraInterior, #EstudarEmPortugal, #VidaEstudantil, #SerraDaEstrela, #CulturaPortuguesa, #HistóriaDeCovilhã, #IndústriaTêxtil, #BeiraInterior, #EstudantesInternacionais, #CustoDeVida, #AventuraUniversitária, #NaturezaEmPortugal, #TurismoEmCovilhã, #CidadesDePortugal, #QualidadeDeVida, #EducaçãoSuperior, #ExperiênciaAcadêmica, #VidaNoturnaCovilhã, #ComidaTradicional, #BairrosDeCovilhã, #TradiçõesPortuguesas, #AtividadesAoArLivre, #PatrimônioCultural, #JovensEmPortugal, #IntercâmbioEstudantil, #CidadesHistóricas, #ExplorandoCovilhã, #MontanhasDePortugal, #ComunidadeEstudantil, #EstudarNoExterior, #CulturaETradição, #MorarEmCovilhã, #UniversidadePública, #CaminhadasNaSerra, #DescubraCovilhã",Family Fun Travel ,2024-11-14T19:00:14Z,12,4,0
UQxJMT5cBrQ,https://www.youtube.com/watch?v=UQxJMT5cBrQ,O frio de Portugal 🇵🇹 #portugal #covilhã #invernoemportugal,,Cris Andrade,2024-12-11T21:12:24Z,556,24,4
xYuy1LSoGJ4,https://www.youtube.com/watch?v=xYuy1LSoGJ4,COVILHÃ-CASTELO BRANCO PT 🇵🇹,"CONVITE TODO MUNDO AMA O CHRIS:https://linktr.ee/chrisportugal

Grupo Whatsapp 1: https://chat.whatsapp.com/GzLAxIDoldLFQwguYoDQVd

Grupo Whatsapp 2:https://chat.whatsapp.com/DbHUEXoLPJo4mgwEEE9GBx

Instagram: https://www.instagram.com/Chris.Portugall/
Grupo Telegram:https://t.me/+z9zm-XuWudA2Mzc0

Converter Real Para Euro 💶 WISE:https://wise.com/invite/ath/christianc2238



Olá amigos! vídeo de hoje, irei mostrar, falar sobre temas mais perguntados sobre Covilhã Castelo Branco, onde atualmente eu moro!



índice:
00:00 Introdução
1:48 Centro Covilhã 
4:30 parte nova Covilhã 
8:15 Worten
11:12 Tem Trabalho em Covilhã?
18:27 Pouco Da minha Casa 🏠





#brasileirosemportugal #morandoemportugal #covilhã #africa #brasil #castelobranco #trabalhoemportugal ,#imigrantesemportugal #brasileirosemlisboa #brasileirospelomundo #cuidadoresdeidosos  #brasileirosemportugal #trabalharemportugal #vivendonaeuropa.",Todo Mundo Ama o Chris!,2022-10-12T20:33:19Z,523,65,25
VQAa8peMtVc,https://www.youtube.com/watch?v=VQAa8peMtVc,Relembrando nossa visita à mágica#Covilhã #Portugal #Viagem #Vlog #Natureza #Travel #YouTube #Shorts,,Eai Lucas Fernandes,2025-08-21T12:23:47Z,193,5,0
ladsZkxgPOM,https://www.youtube.com/watch?v=ladsZkxgPOM,COMO FUNCIONA CASH BACK EM PORTUGAL | #03 VLOG Covilhã | Catarinas em Portugal,"Oie amiguinhos,

Nesse Vlog vamos compartilhar com vocês um pouco do caminho da nossa casa até a parte de baixo da Covilhã.
Vamos aproveitar para falar um pouco sobre o cash back do Continente, pagamos quase tudo com cupom, quase aquelas pessoas da série: Os Muquiranas 😹😹😹

Espero que gostem e se quiserem saber um pouco mais sobre cupom de desconto ou outras curiosidades, mandem para gente nos comentários 😍

Se gostou do vídeo, se inscreve no nosso canal, deixa um like bem lindo e um comentário ~respondemos todos 😍

Segue a gente nas nossas redes sociais:

Catarinas: https://www.instagram.com/catarinasemportugal/
Carol: https://www.instagram.com/caaroldana/
Rafa: https://www.instagram.com/rafaelawilke/

🚀🌏♥️",Catarinas em Portugal,2021-04-08T21:05:00Z,615,68,41
66d8I5DsQjg,https://www.youtube.com/watch?v=66d8I5DsQjg,Sp. Covilhã vs Porto - Taça de Portugal 86/87,"Jogo para a Taça de Portugal na época de 86/87 entre o Sporting Clube da Covilhã e o Futebol Clube do Porto no Estádio José Santos Pinto, na Covilhã. No final do encontro o resultado foi 0-2, vitória para a equipa nortenha. 
Visite: http://www.historiascc.com",História Sp Covilhã,2013-02-21T23:38:43Z,9169,42,5
KOwn2Jgrrqg,https://www.youtube.com/watch?v=KOwn2Jgrrqg,"Nesta quinta-feira (3) começa o Festival Portas do Sol, na Covilhã.",,Canal Bem Haja,2025-07-02T22:17:26Z,77,0,0
sr19ZSqjPdQ,https://www.youtube.com/watch?v=sr19ZSqjPdQ,Nova Loja Yes Energy na Covilhã!,"Covilhã ganhou uma nova energia ⚡

A Yes Energy abriu a sua loja na Covilhã!

Visite-nos na loja da Covilhã e conheça as nossas soluções de eletricidade e gás com preços claros, proximidade e atendimento personalizado.

📍 Loja Yes Energy – Covilhã
👉 Passe por lá ou fale conosco",Yes Energy ,2026-03-24T09:54:16Z,4797,1,0
8lYPAYk-ON0,https://www.youtube.com/watch?v=8lYPAYk-ON0,Aniversário 2025 Mutualista da Covilhã,"Homenagens durante a cerimónia comemorativa do 95º aniversário da nossa associação e, simultaneamente, dos 130 anos da sua história associativa.",Mutualista da Covilhã,2025-06-16T16:01:11Z,283,0,0
PGp1KWASPos,https://www.youtube.com/watch?v=PGp1KWASPos,Mutualista da Covilhã: Proximidade com os associados,"Há mais de três anos que felicitamos diariamente os nossos associados que fazem anos, pela voz da nossa técnica Paula Charro! Uma iniciativa simples, mas cheia de significado.
Com mais de 4.000 associados, são muitas as chamadas feitas ao longo do ano e, em muitos casos, a voz de Paula Charro é a única que os aniversariantes ouvem nesse dia.
É um gesto diário que expressa o nosso cuidado, a nossa proximidade e o compromisso que assumimos com cada um dos nossos associados.
Neste vídeo, partilhamos testemunhos de associados sobre este gesto que reforça aquilo em que acreditamos: cada associado conta!",Mutualista da Covilhã,2026-01-22T09:40:11Z,74,0,0
Nj0WHj-rmbE,https://www.youtube.com/watch?v=Nj0WHj-rmbE,150 anos dos Bombeiros Da Covilhã / Escola Infantes e Cadetes. (BVC)pt1,"É uma honra fazer parte dessa história, Gratidão a todos. 

 #bombeirosvoluntarios #covilha #portugal #serradaestrela",Somos Peixotos,2025-07-24T21:29:43Z,160,4,0
YsZs5c0lqiQ,https://www.youtube.com/watch?v=YsZs5c0lqiQ,Covilhã #portugal #covilhã #covilha,,Germán Solís Gómez ,2023-05-13T12:46:03Z,1257,50,0
nBma-v6LK84,https://www.youtube.com/watch?v=nBma-v6LK84,"Liga 3 Placard | Resumo | CF Os Belenenses 2 - 2 SC Covilhã | Jornada 14, Série B","Liga 3 Placard | Puro Futebol

Acompanha as competições da FPF na app ou em https://canal11.pt 

Vê todos os resultados em https://resultados.fpf.pt

Redes sociais: 
Instagram https://www.instagram.com/liga3fpf 
Facebook https://www.facebook.com/FPFLiga3

Site Oficial FPF | https://www.fpf.pt
Bilheteira Oficial | https://bilheteira.fpf.pt
Loja Oficial | https://portugalstore.fpf.pt
Clube de fãs | https://portugal.fpf.pt
Vem jogar| https://vemjogar.fpf.pt

#Liga3Placard  #PuroFutebol  #CFOsBelenenses  #SCCovillhã",Federação Portuguesa de Futebol,2024-12-13T23:13:55Z,1739,41,5
QuKMAGXWnC4,https://www.youtube.com/watch?v=QuKMAGXWnC4,Travel - Serra Estrela - Short #travel #serradaestrela  #covilhã  #travelwithkid,Travel - Serra Estrela - Short #travel #serradaestrela  #covilhã  #travelwithkid,Bruno Motion Films,2024-01-10T18:15:50Z,16,1,0
QhC96vsUpGw,https://www.youtube.com/watch?v=QhC96vsUpGw,🥵 #brasileirosemportugal #imigrantesemportugal #vidaemportugal #covilhã #brasileirosnaeuropa,,Viajando com Caroline Mevie,2025-03-14T15:21:00Z,522,29,2
RiKrGTDiYus,https://www.youtube.com/watch?v=RiKrGTDiYus,Apartamento T2 - Covilhã agende a sua visita!‪+351 936374653‬📲Licença AMI 11653,,Adelta Agente imobiliário ,2025-10-30T07:39:45Z,219,4,1
OS4JVN3KASU,https://www.youtube.com/watch?v=OS4JVN3KASU,Neve e quadra festiva impulsionam hotelaria na Covilhã e na Guarda,"A proximidade à Serra da Estrela e os programas de Natal e Passagem de Ano estão a encher hotéis na Covilhã e na Guarda, com taxas de ocupação elevadas e expectativas positivas para o setor. A reportagem é do João Milhano e do Lucas Nogueira.",JornalismoUBI,2025-12-26T16:55:42Z,16,0,0
ReRTC6J6ujY,https://www.youtube.com/watch?v=ReRTC6J6ujY,Brevemente disponível mais um imóvel Equipa António Carlos na Covilhã !,"👉 BREVEMENTE ‼️🤩

Disponível para si mais um imóvel da Equipa António Carlos 3 B‼️

👉 Boa Localização.✔️
👉 Bom Preço.✔️
👉 Boas Áreas.✔️

Todos os imóveis à distância de um click no nosso site e clique e veja por si mesmo; 

https://agente.remax.pt/apcarlos/index.html 

EQUIPA ANTÓNIO CARLOS AO SEU DISPÔR!! 

📞 António Carlos / +351 919 672 302 (chamada para rede móvel nacional)
📧 apcarlos@remax.pt 

📞 Tânia Gonçalves /+351 927 794 976 (chamada para rede móvel nacional)
📧 tr.goncalves@remax.pt 

📞 Ricardo Andrade /+351 913 200 157 (chamada para rede móvel nacional)
📧 ricardo.andrade@remax.pt 

Assistente da Equipa Marta Cardoso 
📞 +351 961 130 133 (chamada para rede móvel nacional)
📧 apcarlos.assistente@remax.pt 

#antoniocarlosremax #equipaantoniocarlos #remax #taniagoncalvesremax #remaxideias  #martacardosoremax #ricardoandraderemax #investimento #somosremax  #investirnointerior #serradaestrela #Belmonte #Covilha #obalaonaopara #belmonteenosso #aldeiashistoricas #aldeiasdeportugal #aldeiashistoricasdeportugal #aldeiasdemontanha  #rentabilizar #reinvest #retornofinanceiro #oseuparceirodeconfianca #rumoaoobjectivo #oseuconsultorimobiliário

Re-Inventar Soluções Imobiliárias Unip. Lda - AMI 10325",Equipa António Carlos,2024-02-22T14:47:35Z,2,1,0
eTAEum-yDrQ,https://www.youtube.com/watch?v=eTAEum-yDrQ,Apartamento T3 no Canhoso/ Covilhã,"🏡 Oportunidade Única no Canhoso, Covilhã! 🌟 

Se está à procura do apartamento perfeito, este T3 no Canhoso é exatamente o que precisa! Com uma área útil de cerca de 104m² e uma área total de 161,65m², este imóvel é a combinação perfeita de espaço, conforto e uma localização incomparável. 
🌿 ✨ Características Imperdíveis: 
-Cozinha Mobilada e Semi-Equipada: Funcionalidade e estilo para as suas refeições diárias. 
-3 Quartos Amplos: Espaço e conforto para toda a família. 
-2 Casas de Banho: Praticidade e comodidade para o seu dia a dia. 
-Sala com Salamandra a Pellets: Ambiente acolhedor e sustentável para os meses mais frios. 
-2 Varandas com Vistas Panorâmicas: Desfrute de uma vista espetacular sobre a Serra da Estrela e Cova da Beira. 
-Sótão e Lugar de Garagem: Espaço extra para armazenamento e conveniência no estacionamento. 

-Tudo isto por apenas 129,950€! Um valor incrível para um apartamento com estas características e localização privilegiada. 

🌟 Não perca esta oportunidade! Agende já a sua visita e descubra o potencial deste maravilhoso apartamento. Permita-se viver o melhor de Covilhã com conforto e qualidade de vida. Se deseja vender ou comprar, Já sabe em quem confiar!!! 

📞 Contacte-me hoje mesmo e marque a sua visita! 📞

  Tiago Martins
📞960394805📞
(chamada rede móvel nacional)",Tiago Martins e Teresa Micaela  Remax ,2024-07-02T09:32:02Z,105,2,0
upQSdAS474g,https://www.youtube.com/watch?v=upQSdAS474g,Covão da ametade #serradaestrela #manteigas #seia #covilhã #portugal #inverno,,Henival Campos,2024-02-22T23:24:39Z,111,2,0
XfcwIsh3VIw,https://www.youtube.com/watch?v=XfcwIsh3VIw,Essa vista... ⛰️ #brasileirosemportugal #covilhã #interiordeportugal #vidaemportugal,,Viajando com Caroline Mevie,2025-04-24T16:36:31Z,33,0,0
4q-CE5r406w,https://www.youtube.com/watch?v=4q-CE5r406w,Covilhã prepara comemoração para 25 de Abril.,,Canal Bem Haja,2025-04-22T11:46:11Z,79,0,0
xag-OvBUo3U,https://www.youtube.com/watch?v=xag-OvBUo3U,Dia da Criança na Covilhã 2025,"Covilhã
Covilhã celebrou o Dia da Criança com festa para toda a família
O Município da Covilhã assinalou o Dia Mundial da Criança com uma grande festa no Complexo Desportivo da cidade, num evento aberto à comunidade que reuniu centenas de participantes de todas as idades.
O dia foi marcado por um ambiente de alegria e convívio, com um programa recheado de atividades pensadas especialmente para os mais pequenos. Piscinas, insufláveis e várias iniciativas promovidas por entidades locais proporcionaram momentos de diversão e entretenimento ao longo de todo o dia.
A iniciativa teve como objetivo celebrar a infância e fortalecer os laços familiares, promovendo uma vivência partilhada num ambiente festivo e descontraído.",Beira Baixa TV,2026-03-09T17:37:14Z,10,0,0
4KRsbGVzvx4,https://www.youtube.com/watch?v=4KRsbGVzvx4,Um elevador no meio da cidade? Só em Covilhã! 🇵🇹 #Covilhã #Portugal #Elevador #CuriosidadesUrbanas,,Eai Lucas Fernandes,2025-06-12T11:46:19Z,895,19,2
eS8MnmWQQI4,https://www.youtube.com/watch?v=eS8MnmWQQI4,Passeio em Família Covilhã 🇵🇹,#portugal #castelobrancoportugal #viveremportugal,Família Fussatogawa ,2023-04-05T00:18:02Z,154,17,10
PGPnEZ0KCQU,https://www.youtube.com/watch?v=PGPnEZ0KCQU,"Apresentação Pública do Projeto: ""Alô...275!"" da Mutualista da Covilhã 2025","Covilhã 
Apresentação Pública do Projeto: ""Alô...275!"" da Mutualista da Covilhã
Cerca de 500 contactos telefónicos efetuados, mais de 100 consultas de Psicologia com 20 indivíduos seguidos regularmente e 30 voluntários inscritos na Bolsa de Voluntariado.
É este o balanço do Projeto: ""Alô...275!"", da Mutualista da Covilhã, na área do combate ao isolamento social e prevenção da saúde mental.
Um Projeto no terreno e vencedor do Prémio: BPI Fundação ""La Caixa Séniores"".",Beira Baixa TV,2026-03-17T12:52:17Z,4,1,0
jRkA_UvOV_g,https://www.youtube.com/watch?v=jRkA_UvOV_g,Incêndios em Portugal: bombeiro morre na Covilhã e Governo prolonga situação de alerta,"Incêndios em Portugal: bombeiro morre na Covilhã e Governo prolonga situação de alerta 

Um bombeiro morreu no domingo na sequência de um acidente de viação quando se dirigia para o combate a um incêndio no Fundão. Mais de dois mil operacionais no terreno combatem, esta segunda-feira, cinco grandes incêndios em curso com o Governo a prolongar a situação de alerta até terça-feira. 

LEIA MAIS : http://pt.euronews.com/2025/08/18/incendios-em-portugal-bombeiro-morre-na-covilha-e-governo-prolonga-situacao-de-alerta

Subscreva: https://www.youtube.com/c/euronewsportugues?sub_confirmation=1
Euronews TV em direto: https://www.youtube.com/c/euronewsportugues/live

euronews está disponível em 12 línguas: https://www.youtube.com/user/euronewsnetwork/channels",Euronews em Português,2025-08-18T09:07:30Z,999,21,6
6ZXqAkrUu-4,https://www.youtube.com/watch?v=6ZXqAkrUu-4,"Apartamento T4 para VENDA na Calçada das Poldras, zona baixa da Covilhã","Apartamento T4 para VENDA na Calçada das Poldras, zona baixa da Covilhã
149 000 €
Ref: SG.005.2025
Área útil 97 m²
Área bruta (inclui o sótão) 135 m²
Área bruta privativa 116,5 m²
🏡 Apartamento T4 luminoso na Calçada das Poldras - Covilhã

Com potencial para se transformar no lar dos seus sonhos!

Apresentamos este apartamento T4 localizado na prestigiada Calçada das Poldras, na Covilhã – uma zona tranquila e central, com fácil acesso a escolas, comércio e serviços.

O imóvel é composto por:
✔️ Quatro quartos, sendo um deles uma suíte e outro de dimensões mais reduzidas (cerca de 9 m²), ideal como quarto de criança, escritório ou closet
✔️ Duas casas de banho, incluindo a da suíte
✔️ Varandas em dois quartos
✔️ Cozinha em open space com a sala – um ambiente espaçoso e cheio de potencial
✔️ Marquise junto à cozinha – prática para lavandaria ou arrumação
✔️ Sótão de uso exclusivo – excelente para arrumação 

🛗 Prédio com elevador

🛠️ O apartamento encontra-se habitável, mas necessita de obras de atualização, o que representa uma excelente oportunidade para remodelar ao seu gosto.

✨ Veja nas imagens de home-staging como este imóvel pode tornar-se num espaço moderno, acolhedor e funcional.

💡 Ideal para habitação própria ou investimento, numa zona com grande procura, especialmente pela sua proximidade a escolas e Jardins de Infância.


Valor negociável.  

📞 Marque já a sua visita e venha descobrir todo o potencial desta casa!
+351 963404940",Syleide Gadanho,2025-10-15T14:37:01Z,127,1,0
i4DDyzB8nEc,https://www.youtube.com/watch?v=i4DDyzB8nEc,Covilhã 📍 Random Portugal Cities 🇵🇹 | Episode 34 | #portugal #covilhã #beirabaixa #beiras #shorts,"Covilhã 📍 Random Portugal Cities 🇵🇹 | Episode 34 | Unveil your treasured town memory! Share, comment, and seize the moment! 🌎❤️ #portugal #covilhã #beirabaixa #beiras #shorts #foryou #paravocê #randomearthtowns",Random Earth Towns,2024-03-05T20:45:00Z,130,1,0
bPNCN5lqLwo,https://www.youtube.com/watch?v=bPNCN5lqLwo,ESTRADA DA SERRA DA ESTRELA ESTAVA INTERDITADA + FICAMOS EM COVILHÃ ,"✅ A Covilhã é uma cidade portuguesa pertencente ao distrito de Castelo Branco e integrando a região estatística do Centro e sub-região das Beiras e Serra da Estrela, na antiga província da Beira Baixa",Viajando na Natureza,2026-03-10T23:48:11Z,50,3,1
52OiCZi5TeA,https://www.youtube.com/watch?v=52OiCZi5TeA,Curtindo o Natal em Covilhã,Então é Natal! #portugal #moraremportugal #covilhã #brasileirosemportugal #imigrantesemportugal #covilha #compramosnossacasa,CANAL TAS A VER OFICIAL,2024-12-03T16:42:13Z,255,6,0
8NfT4HZBH2I,https://www.youtube.com/watch?v=8NfT4HZBH2I,#Continente #Serra Shopping #Covilhã #Portugal,#Continente #Serra shopping #covilhã #Portugal,Keerti Mishra,2024-06-02T18:52:06Z,996,14,2
LfDpIGJmAp8,https://www.youtube.com/watch?v=LfDpIGJmAp8,Portugal Covilhã to Serra da Estrela Road Trip ❄️ Snowfall Mein Full Masti | Full Day Travel Vlog 🇵🇹,"Portugal Covilhã to Serra da Estrela Road Trip ❄️ | Snowfall Mein Full Masti | Full Day Travel Vlog 🇵🇹

#covilha
#serradaestrela
#portugal
#portugaltravel
#portugalvlog
#roadtrip
#snowroadtrip
#snowfall
#snowfun
#barf
#fullmasti
#travelvlog
#fulldayvlog
#wintertravel
#snowvibes
#snowday
#mountainroad
#wintervibes
#travelportugal
#exploreportugal
#discoverportugal
#europewinter
#europevibes
#travelgram
#wanderlust
#adventuretime
#travelreels
#instatravel
#vloglife
#roadtripvibes
#scenicdrive
#naturelovers
#mountainviews
#coldweather
#snowadventure
#holidayvibes
#vacationmode
#travelcontent
#travelstory
#winterfun
#snowtrip
#portugalvibes
#snowmountains
#winterroadtrip
#traveladdict
#travellover
#travelinspiration
#beautifuldestinations
#naturetravel
#mountainlife
#snowexperience
#europeantravel
#roadtriplife
#traveljourney
#vloggers
#travelvlogger
#dailyvlog
#snowlife
#snowtime
#snowlove
#coldvibes
#wintermagic
#mountaintrip
#roadtripfun
#travelindia
#hindivlog
#hinditravelvlog
#desivlogger
#familyvlog
#couplevlog
#travelwithfamily
#fullonmasti
#snowfallvibes
#snowroad
#winterholiday
#travelmemories
#tripvibes
#travelmoments
#adventurevlog
#exploremore
#journey
#travelgoals
#bucketlist
#snowtour
#portugaltrip
#serradaestrelanaturalpark
#covilhacity
#mountainadventure
#winterscape
#snowdrive",Chigu Kaavya,2025-12-31T21:20:42Z,46,5,1
Yy37teewSBg,https://www.youtube.com/watch?v=Yy37teewSBg,"Liga 3 Placard | Resumo | SC Covilhã 1 - 1 Lusitano GC | Jornada 6, Série B","Liga 3 Placard | Puro Futebol

Acompanha as competições da FPF na app ou em https://canal11.pt

Vê todos os resultados em https://resultados.fpf.pt

Redes sociais:
Instagram https://www.instagram.com/liga3fpf
Facebook https://www.facebook.com/FPFLiga3

Site Oficial FPF | https://www.fpf.pt
Bilheteira Oficial | https://bilheteira.fpf.pt
Loja Oficial | https://portugalstore.fpf.pt
Clube de fãs | https://portugal.fpf.pt
Vem jogar | https://vemjogar.fpf.pt

#Liga3Placard  #PuroFutebol  #SCCovilhã  #LusitanoGC  #Highlights",Federação Portuguesa de Futebol,2025-09-28T16:37:01Z,434,8,0
ma1G4DDuwjo,https://www.youtube.com/watch?v=ma1G4DDuwjo,COVILHÃ 📍 O SEU PRÓXIMO GRANDE INVESTIMENTO É AQUI! 🏭,"🏭 Terreno Industrial PREMIUM no Parque Industrial do Tortosendo, Covilhã. Uma oportunidade única para expandir ou criar a sua nova unidade estratégica.

✅ Localização Estratégica: Junto à A23! 🛣️
- Lisboa: 2h30
- Fronteira Espanha: 1h
- Perfeito para Logística Nacional e Ibérica!

✨ Lote N.º 112 / Área Total 4181m2

💡 PORQUÊ ESTE PARQUE?
- Ecossistema Consolidado (Têxtil, Agroindústria, Logística).
- Infraestruturas COMPLETAS (Gás Natural, Fibra Ótica, Saneamento).
- Agilidade no licenciamento.

Este é o *hub* onde a sua empresa está destinada a prosperar. Não perca tempo!

📞 Contate-me hoje para mais detalhes!
RITA FREIRE | +351 962 983 404 | rita.freire@remax.pt
#TerrenoIndustrial #Investimento #Covilhã #Tortosendo #ImobiliárioIndustrial #A23 #Logística #OportunidadeDeNegócio
AMI 7772",Rita Freire,2025-11-26T15:22:20Z,47,0,0
M8x0SNNpCdU,https://www.youtube.com/watch?v=M8x0SNNpCdU,#covilhã #portugal,,Cris Andrade,2023-06-15T11:18:18Z,87,9,5
Cvu42rSYbw8,https://www.youtube.com/watch?v=Cvu42rSYbw8,#covilhã #portugal,,Cris Andrade,2023-06-06T04:56:20Z,126,12,3
zNvYPmABQTU,https://www.youtube.com/watch?v=zNvYPmABQTU,Serra da Estrela y Covilhã: Los secretos de la montaña más alta de Portugal,"🌟 Serra da Estrela y Covilhã: Un viaje inolvidable 🌟
En este video, te llevamos con nosotros, a explorar Serra da Estrela, la montaña más alta de Portugal, y el encantador pueblo de Covilhã. Te mostramos lo mejor de este destino, desde sus paisajes, hasta sus senderos naturales y los sabores únicos de la región.

📍 ¿Qué ver en Serra da Estrela?

- Los miradores más impresionantes con vistas panorámicas.
- Las rutas de senderismo perfectas para amantes de la naturaleza.
- La famosa Torre, el punto más alto de Portugal continental.
📍 ¿Qué hacer en Covilhã?

- Descubrir sus puntos verdes y su historia.
- Utilizar sus elevadores publicos con vistas impresionantes.
- Perderse en sus callecitas llenas de historia y encanto.
💡 Tips para tu visita:

- Cuándo es el mejor momento para visitar Serra da Estrela: Invierno para la nieve, resto del año para paisajes hermosos.
- Consejos prácticos si viajas en invierno: ropa abrigada, hay mucho viento.  
- Recomendaciones gastronómicas: ¡No te pierdas el queso de la región!
 
🎥 Acompañanos en esta aventura llena de naturaleza, historia y cultura, mientras descubrimos lo que hace de Serra da Estrela y Covilhã un destino único en Portugal. https://youtube.com/@Conectandoviajes?si=QaVhiWA34VpRiLJx

Seguinos en instagram para conocernos y ver los adelantos! ♥ https://www.instagram.com/conectandoviajes_/",Conectando viajes,2025-01-24T10:30:36Z,1286,33,0
JyWLaiXKET8,https://www.youtube.com/watch?v=JyWLaiXKET8,Dica importante para quem está vindo para Portugal 🇵🇹 #covilhã #portugal #levotiroxina,,Cris Andrade,2023-06-08T18:43:18Z,152,13,0
-MMYs06Yy5k,https://www.youtube.com/watch?v=-MMYs06Yy5k,#miradouro #covilhã #portugal Miradouro portas do sol 🇵🇹,Miradouro portas do sol Covilhã Portugal 🇵🇹,Mateus em Portugal,2022-09-16T21:37:19Z,85,3,0
m7ZcdUeSKBw,https://www.youtube.com/watch?v=m7ZcdUeSKBw,🌨️É muita #neve 🤣 #brasileirosemportugal #serradaestrela #vidaemportugal #covilhã #vidadeimigrante,,Viajando com Caroline Mevie,2025-03-16T12:13:41Z,731,19,0
ebZznqGfHFU,https://www.youtube.com/watch?v=ebZznqGfHFU,Tosando em Portugal 🇵🇹 ​⁠ #covilhã #tosquiaspt #tosquiasemportugal #sergipe #portugal  #spitz,,Europacomoeuvejo,2025-04-21T20:53:43Z,1689,36,0
C0kpvvTWoQA,https://www.youtube.com/watch?v=C0kpvvTWoQA,ABERTURA DO NATAL EM COVILHÃ + BOLO NEVÃO COM + de 100 METROS 🎅🏻🎄🇵🇹,ABERTURA DO NATAL 2024 EM COVILHÃ COM BOLO NEVÃO DE MAIS DE 100 METROS ...,Viagens e Aventuras - Família Bordini,2024-12-02T21:08:58Z,182,9,0
UdmO0ZakzJE,https://www.youtube.com/watch?v=UdmO0ZakzJE,"Portugal, Covilha Walking Tour - Immersive Sound [4k Ultra HD/60fps)",,"Pé na Serra, Olho na Estrela",2023-08-10T22:33:19Z,1507,41,4
WGDUZWfF2Gw,https://www.youtube.com/watch?v=WGDUZWfF2Gw,"Liga 3 Placard | Resumo | Caldas SC 2 - 1 SC Covilhã | Jornada 1, Série B","Liga 3 Placard | Puro Futebol

Acompanha as competições da FPF na app ou em https://canal11.pt
 
Vê todos os resultados em https://resultados.fpf.pt

Redes sociais: 
Instagram https://www.instagram.com/liga3fpf 
Facebook https://www.facebook.com/FPFLiga3

Site Oficial FPF | https://www.fpf.pt
Bilheteira Oficial | https://bilheteira.fpf.pt
Loja Oficial | https://portugalstore.fpf.pt
Clube de fãs | https://portugal.fpf.pt
Vem jogar| https://vemjogar.fpf.pt

 #Liga3Placard  #PuroFutebol  #CaldasSC  #SCCovilhã  #Highlights",Federação Portuguesa de Futebol,2025-08-09T19:43:58Z,1329,39,4
Tk4lhqYxPI4,https://www.youtube.com/watch?v=Tk4lhqYxPI4,Covilhã na visão do Homem Em Cartase.,,Canal Bem Haja,2025-04-27T20:02:34Z,269,0,0
EeLzBeFAuzg,https://www.youtube.com/watch?v=EeLzBeFAuzg,1 Minute Vlog: The city of Wool 🦙 & Snow ❄️ #covilhã 🇵🇹,,sunray061,2025-02-25T14:45:20Z,23,5,0
lySxDUr0p2o,https://www.youtube.com/watch?v=lySxDUr0p2o,O que Vimos em Covilhã NOS SURPREENDEU! 🇵🇹,"Visitamos Covilhã, uma das cidades mais surpreendentes de Portugal, e ficamos encantados com tudo que encontramos por lá! Desde as paisagens incríveis até a cultura local, essa experiência foi simplesmente inesquecível. 😍

No vídeo de hoje, mostramos os principais pontos turísticos, compartilhamos nossas primeiras impressões e revelamos o que realmente nos surpreendeu. Será que você também vai se apaixonar por Covilhã?

📍 Descubra o que fazer em Covilhã
🏞️ Veja as paisagens mais lindas da região da Serra da Estrela

💬 Comenta aqui se você já conhecia Covilhã ou se tem vontade de visitar!

🔔 Inscreva-se no canal e ative o sininho para não perder os próximos vídeos de nossas aventuras por Portugal!

📸 Nos siga também no Instagram: @eailucasfernandes

#Covilhã #Portugal #ViagemEmPortugal #VlogDeViagem #SerraDaEstrela #TurismoPortugal #CasalViajante",Eai Lucas Fernandes,2025-06-23T20:00:06Z,105,9,1
uPqvO6hiXw0,https://www.youtube.com/watch?v=uPqvO6hiXw0,Star Mountain - Central Portugal - Covilhã,"Holiday home in the Serra da Estrela mountains, in one of the most sought-after and rare locations – Penha da Saúde.

Properties in this category and location are extremely scarce, which makes this opportunity even more rare and valuable.

Located at an altitude of around 1,500 metres, Penhas da Saúde is a charming mountain village in the municipality of Covilhã. Winter here is known for its stunning scenery and convenient access to the heart of Serra da Estrela, making it the ideal destination for those seeking nature, leisure and exclusivity.

This is an excellent option for developing a charming tourist project or building that dream chalet in the mountains, in perfect harmony with the surrounding landscape.

For more details and immediate booking, please contact us. We are ready to move forward with your proposal!",Covilha House,2025-10-02T13:06:13Z,23,1,0
MOGFcyHArN8,https://www.youtube.com/watch?v=MOGFcyHArN8,"105ª Emissão - Rubrica ""Mais vale prevenir..."" - Apresentação programa ""Crescer Saudável - Covilhã""","105ª emissão - Rubrica ""Mais Vale Prevenir..."" (12-12-2024) 
Participação de Teresa Beirão  -  Diretora do Centro de Respostas Integradas de Castelo Branco

A Beira Serra dinamiza desde o dia 11 de novembro de 2022 a rubrica semanal “Mais Vale Prevenir…”, um Programa emitido pela Rádio Cova da Beira no âmbito do projeto de prevenção em meio escolar ""Abraça a Escola"" financiado pelo Serviço de Intervenção nos Comportamentos Aditivos e nas Dependências – SICAD. 
Esta rubrica, decorrerá até ao início do ano 2024 e será emitida semanalmente às quintas-feiras entre as 10h00 e as 11h00, com reposição às terças-feiras entre as 17h00 e as 18h00.",Beira Serra - Associação de Desenvolvimento,2025-06-06T11:10:17Z,2,0,0
jiIfe-0YV48,https://www.youtube.com/watch?v=jiIfe-0YV48,Redemoinho de fogo em Covilhã,"🚨Redemoinho de fogo em Covilhã 🌪🚨


Foi registrado este Redemoinho de fogo no incêndio de grandes proporções que atinge Covilhã.

Está é a época dos incêndios em Portugal, o país esta em alerta devido a altas temperaturas associadas a seca. Estes componentes podem contribuir para incêndios sem precedentes.

Atenção e cuidado é preciso da parte de todos.

Qual é  sua opinião sobre o que poderia ser feito para evitar estas situacoes?

Eu sou o Wil e moro em Portugal👍🏼
Sempre posto vídeos mostrando como é a vida de imigrante aqui em terras lusitanas, se você tem vontade de morar em Portugal já passa a se inscrever aqui no canal e me seguir no insta @wilemportugal para eu te mostrar como pode ser sua vida aqui também 👍🏼 

Encaminha este vídeo para quem você sabe quer morar em Portugal e para quem já mora aqui, assim divulgamos esta situação e ja menos se esta tudo bem com quem conhecemos 🙏🏼

Respeite sempre as leis de imigração 👍🏼 

Eu ja estou na sua torcida 🙏🏼

Um abraço do Wil 😉

#wilemportugal 
#incendios 
#fogo 
#queimadas 
#portugal 
#noticias 
#noticia 
#breaknews 
#news 
#news24 
#covilhã 
#lisboa 
#porto 
#braga 
#guimaraes 
#aveiro 
#leiria",Wil em Portugal,2025-08-12T12:29:05Z,3013,33,1
hA99XwoYCbk,https://www.youtube.com/watch?v=hA99XwoYCbk,Deus é maravilhoso!#brasilemportugal #covilhã #castelobranco #natureza #paz,,Davi Patriota Castelo Branco Portugal ,2024-07-12T02:16:58Z,442,13,2
sahJFM7OwZU,https://www.youtube.com/watch?v=sahJFM7OwZU,Pena que só tem eu pra jogar comigo 😢 #futebol #imigrantesemportugal #covilhã #jardimdolago #europe,,Viajando com Caroline Mevie,2024-12-25T11:27:44Z,588,5,0
hMRz9Evibbc,https://www.youtube.com/watch?v=hMRz9Evibbc,Homenagem da União das Freguesias da Covilhã e Canhoso à Mutualista da Covilhã_21.12.2024,"A União das Freguesias de Covilhã e Canhoso homenageou a Mutualista da Covilhã ""pelo trabalho de excelência que tem realizado, em prol da comunidade e daqueles que mais necessitam, nomeadamente os idosos e mais carenciados. Criada com o objectivo de amparar os fracos que caíssem na doença, nomeadamente os trabalhadores têxteis, desempenha um papel vital, desde 1895, na acção social da nossa freguesia e cidade.
Pautada por um crescimento sustentável e dinâmico, ao nível do trabalho desenvolvido e dos serviços prestados, a Mutualista dispõe hoje de várias outras valências, que coloca ao dispor da população"".
A homenagem decorreu no dia 21 de dezembro.",Mutualista da Covilhã,2025-01-02T10:08:50Z,138,0,0
xVijcOAb5Qc,https://www.youtube.com/watch?v=xVijcOAb5Qc,💰🏦💵 #covilhã #novobancopt #brasileirosemportugal #imigrantesemportugal #vidaemportugal,,Viajando com Caroline Mevie,2025-03-05T14:14:30Z,434,18,2
qziiJl5Bgcs,https://www.youtube.com/watch?v=qziiJl5Bgcs,"✨📖 Igreja evangélica em Portugal – #Covilhã#Fé #Bíblia #Portugal""",,Olhar viajante ,2025-03-10T00:37:29Z,131,10,4
ZY3Ahh9JO2g,https://www.youtube.com/watch?v=ZY3Ahh9JO2g,Secando roupas na lavanderia em Portugal. #covilhã #lavandería #europa #visitportugal #portugal,,Márcio Lopes na Europa,2023-12-26T22:13:30Z,224,7,2
5VbeiZfuEco,https://www.youtube.com/watch?v=5VbeiZfuEco,Uma das vistas mais bonitas q pude contemplar #miradourodosanatorio #brasileirosemportugal #covilhã,,Vanessa Pires,2023-07-02T21:24:12Z,19,1,0
nOfvur7XK6U,https://www.youtube.com/watch?v=nOfvur7XK6U,Covilhã | Pt | Sunset,"O pôr do sol na Covilhã é especialmente bonito por causa da vista para a Serra da Estrela — o sol desce atrás das montanhas, criando cores intensas no céu. #covilhã #portugal #sunset #2026",Viagem 5.0,2026-04-01T20:16:03Z,8,0,0
asOClHkvwbU,https://www.youtube.com/watch?v=asOClHkvwbU,Casegas Covilhã #brasilemportugal#automobile#turismo#covilhã#fundaoflife,,Davi Patriota Castelo Branco Portugal ,2024-07-07T14:00:30Z,211,16,2
Is8LszhyprQ,https://www.youtube.com/watch?v=Is8LszhyprQ,#covilhã #serra #estrellas #portugal #snow #views #natureza #centrodeportugal #serradaestrela #fyp,,Around the earth ,2025-02-21T21:29:45Z,101,4,0
RM59nWK_jNo,https://www.youtube.com/watch?v=RM59nWK_jNo,3 anos em Portugal! Conquistas e Desafios que passamos na Covilhã! #100,"VLOG 100 - Hoje queremos resumir toda a nossa jornada de conquistas e desafios nestes 3 anos morando cá na Covilhã em Portugal e dizer que sim valeu muito a pena mudar para o interior de Portugal.

Fique a vontade em comentar, o seu comentário é muito importante. 😀

AJUDE o canal a crescer compartilhe este vídeo!

Não clique aqui hein! https://tinyurl.com/53uwv377 👀

_____________________________________
Transporte Público Covilhã e Fundão:

Covilhã Mobilidade (Transdev):
https://covilhamobilidade.pt/

Horários do Autocarro do Fundão:
https://atf.pt/Horarios.html

_____________________________________
Vídeos que você deve assistir se pensa em morar na Covilhã:

Custo de Vida no Interior de Portugal:
https://youtu.be/BXhVd4Ksg1Q

Tudo Sobre a Covilhã:
https://youtu.be/BVE2-yGA48g

_____________________________________
Bolsa de Empregos e Formação Profissional:

Associação Empresarial da Beira Baixa:
https://www.aebb.pt/

Instituto do Emprego e Formação Profissional:
https://iefponline.iefp.pt/IEFP/index2.jsp

_____________________________________
Links Úteis para sua estadia ou visita em Portugal:

Planilha Financeira 2024:
http://tinyurl.com/PlanilhaFinanceira2024

Onde pesquisar Trabalho na Covilhã:
https://tinyurl.com/BuscarTrabalhosCovilha

Onde encontrar imóveis na Covilhã:
https://tinyurl.com/LinksImoveisCovilha

Veja a média de valores dos imóveis pelo Idealista:
https://www.idealista.pt/arrendar-casas/castelo-branco/covilha/covilha/mapa-google

Lista das Empresas na Zona Industrial do Tortosendo:
https://tinyurl.com/ParqueIndustrialTortosendo

Lista das Empresas na Zona Industrial do Canhoso:
https://tinyurl.com/ParqueIndustrialCanhoso

_____________________________________
Supermecados para comparar preços Online:

Site do Supermercado Pingo Doce:
https://www.pingodoce.pt/

Site do Supermercado Continente:
https://www.continente.pt/

Site do Supermercado Auchan:
https://www.auchan.pt/

_____________________________________
Instagram:
https://www.instagram.com/karine.suzy

https://www.instagram.com/jeffisuh

Canal no Telegram com informações gratuitas:
https://t.me/MaeToEmPortugal

Grupo para Interação no Telegram:
https://t.me/MaeEstamosEmPortugal

_____________________________________
WISE (app de câmbio )
Transferir 500 euros sem tarifa é só acessar o link👇🏻

https://wise.com/invite/u/jeffersond489

_____________________________________

Deus em todo tempo é bom!

#portugal #brasileirosemportugal #moraremportugal #covilhã",Jeff e Karine Vida em Portugal ,2025-03-03T20:30:07Z,2644,269,50
rXCdcPnool0,https://www.youtube.com/watch?v=rXCdcPnool0,PATRÍCIA SANTOS - Covilhã Juntos Fazemos Melhor,"Os Covilhanenses têm que voltar a estar no centro das políticas municipais e para isso precisam que a equipa candidata à Câmara Municipal da Covilhã, seja formada por pessoas que os coloquem em primeiro lugar. Esse é o caso da Patrícia Santos, que para a além da sua vida pessoal e profissional, tem um forte empenho no associativismo e no apoio social a todos que dele necessitam. O trabalho pelos Covilhanenses nunca se esgota e juntos vamos com certeza fazer uma Covilhã melhor.",Covilhã Juntos fazemos melhor,2021-09-17T08:36:54Z,31,0,0
WdF5598LSmo,https://www.youtube.com/watch?v=WdF5598LSmo,"SERRA DA ESTRELA- PORTUGAL I Melhores passeios, roteiro e DICAS","Este é um GUIA COMPLETO de Serra da Estrela, com dicas de hospedagem, locomoção, melhores passeios e muito mais… Assista o vídeo e fique por dentro de todas as dicas de Serra da Estrela

Abaixo, seguem as minhas indicações de empresas que CONFIO e RECOMENDO. 
==============================

MINHAS RECOMENDAÇÕES↴

Seguro viagem:
+Seguro Viagem 5% de desconto - Cupom: ROTEIROPRONTO5
https://bit.ly/segurospromoroteiropronto   

Hospedagem em Serra da Estrela:
+ Puralã - Wool Valley Hotel & SPA: https://bit.ly/3FfGCwb 
+ Hotéis em Covilhã: https://bit.ly/3DxNowV  

Conta Internacional Gratuita:
+Abra a sua conta na Wise e faça sua primeira transferência de até £ 500 (~R$ 3.000 ) GRÁTIS: https://wi.se/roteiropronto-youtubegen  

Alugue o seu carro:
+Alugue seu carro: https://bit.ly/rentcarsroteiropronto  
  
Passeios em Serra da Estrela: 
💰Passeios com 10% de DESCONTO baixando o App com o meu link e aplicando o cupom roteiroprontooficial10
https://gyg.me/roteiroprontooficial   

+ Tour Serra da Estrela e Covão D'metade saindo de Covilhã
: https://gyg.me/sDZJisht 
+ Visita guiada à Serra da Estrela com almoço saindo de Covilhã
: https://gyg.me/dk2yfAyK 
+ Passeio de 4x4 em Serra da Estrela: https://gyg.me/86AzjssT 

Chip Internacional:
+Chip Internacional 10% de desconto - CUPOM: ROTEIROPRONTO10 
https://www.americachip.com/?oid=1&affid=241 

==============================

ME ACOMPANHE  ↴

+Blog: https://bit.ly/blogROTEIROPRONTO 
+Instagram: https://bit.ly/instagramROTEIROPRONTO 
+ Email comercial: blogroteiropronto@gmail.com 

==============================

MENU DO VÍDEO ↴

00:00 - Introdução
00:43 - Como chegar
01:11 - Hospedagem
02:48 - Lagoa Comprida
06:04 - Museu do Pão
08:55 - Foz D’Égua
11:22 - Piódão
13:32 - Miradouro da Varanda dos Carqueijais
13:48 - Miradouro do Covão
14:59 - Nossa Senhora da Boa Estrela
16:39 - Torre
18:51 - Estância de Esqui
19:35 - Covão da Ametade
21:43 - 100 Montaditos
22:29 - INSCREVA-SE NO CANAL

INSCREVA-SE no canal e ATIVE as NOTIFICAÇÕES!

#portugal #serradaestrela #europa #lisboa #lisboaportugal",Roteiro Pronto ,2025-03-16T13:00:44Z,10744,316,7
4GTZ2PQTfS8,https://www.youtube.com/watch?v=4GTZ2PQTfS8,Acho que não tem graça assim 🥶 #brasileirosemportugal #imigrantesemportugal #covilhã #serradaestrela,,Viajando com Caroline Mevie,2025-03-12T18:24:09Z,438,12,0
snekF17oPzc,https://www.youtube.com/watch?v=snekF17oPzc,"Liga 3 Placard | Resumo | SC Covilhã 1 - 1 Académica OAF | Jornada 7, Fase Manutenção","Liga 3 Placard | Puro Futebol

Acompanha as competições da FPF na app ou em https://canal11.pt
Vê todos os resultados em https://resultados.fpf.pt

Redes sociais: 
Instagram https://www.instagram.com/liga3fpf 
Facebook https://www.facebook.com/FPFLiga3

Site Oficial FPF | https://www.fpf.pt
Bilheteira Oficial | https://bilheteira.fpf.pt
Loja Oficial | https://portugalstore.fpf.pt
Clube de fãs | https://portugal.fpf.pt
Vem jogar| https://vemjogar.fpf.pt

#Liga3Placard  #PuroFutebol  #SCCovilhã  #AcadémicaCoimbra/OAF  #Highlights",Federação Portuguesa de Futebol,2025-04-06T20:12:14Z,767,18,0
auyKCCWIqAw,https://www.youtube.com/watch?v=auyKCCWIqAw,Muito frio em Portugal. #covilhã #portugal #europa,,Márcio Lopes na Europa,2023-12-28T10:53:45Z,647,21,1
f76hpXG2sog,https://www.youtube.com/watch?v=f76hpXG2sog,AD OVARENSE vs SC COVILHÃ,2ª Eliminatória Taça de Portugal Generali Tranquilidade,ADO TV,2025-09-20T18:14:07Z,12909,138,1
8KK6GenbJIM,https://www.youtube.com/watch?v=8KK6GenbJIM,RUI CLARO - Covilhã Juntos fazemos Melhor,"Os Covilhanenses e o sentimento generalizado de que o nosso Concelho está completamente parado, leva a que, pessoas como Rui Claro tomem a decisão de ter uma posição mais interventiva na nossa sociedade. A causa pública, o desejo de fazer melhor pela Co-vilhã e pelos Covilhanenses é o que nos une. Juntos vamos fazer melhor pelos Covilhanenses e pela Covilhã.",Covilhã Juntos fazemos melhor,2021-09-17T08:34:20Z,21,0,0
W2ywTKIvaMw,https://www.youtube.com/watch?v=W2ywTKIvaMw,Isso é Covilhã gente...  olha o mar de nevoeiro,,JEANE&FAMÍLIA NA ESPANHA,2025-01-09T17:32:08Z,601,15,0
4DzY4bNtjkE,https://www.youtube.com/watch?v=4DzY4bNtjkE,Ele não é perfeito! É incrível pra mim♥️ #brasileirosemportugal #imigrantesemportugal #covilhã,,Viajando com Caroline Mevie,2025-03-12T18:07:00Z,169,4,0
zAyUZao2AOo,https://www.youtube.com/watch?v=zAyUZao2AOo,⛄ #imigrantesemportugal #covilhã #brasileirosemportugal #vidaemportugal #morarforadobrasil,,Viajando com Caroline Mevie,2025-02-10T14:53:12Z,221,5,0
WwY8vMR0V-8,https://www.youtube.com/watch?v=WwY8vMR0V-8,#imigrantesemportugal #vidaemportugal #covilhã #tempestadeherminia #brasileira,,Viajando com Caroline Mevie,2025-01-28T10:38:14Z,430,12,0
wPJyxNQhmsQ,https://www.youtube.com/watch?v=wPJyxNQhmsQ,Não é uma beleza?!! 😁#covilhã #portugal,,Rê Vlogs,2022-11-26T19:01:57Z,175,15,5
zYsvjRN_Iww,https://www.youtube.com/watch?v=zYsvjRN_Iww,Amplo T0 I Covilhã,"À procura de uma oportunidade sólida na Covilhã? ✨

Apresento-lhe este amplo T0, inserido num condomínio cuidado, a apenas 2 minutos do polo principal da Universidade da Beira Interior e da Faculdade de Engenharia.

O apartamento, totalmente remodelado no ano passado, encontra-se equipado e pronto a habitar. Dispõe de ar condicionado, aquecimento central e excelente exposição solar, garantindo máximo conforto durante todo o ano. ☀️❄️

Conta ainda com lugar de garagem privativo 🚗 e varanda soalheira, perfeita para desfrutar de uma vista ampla e desafogada sobre a cidade e a serra 🌄.

Com localização estratégica e procura crescente na zona universitária, este imóvel representa uma excelente oportunidade de investimento, com rendimento estável e potencial de valorização futura.

📄 O imóvel encontra-se atualmente arrendado, com contrato de duração de 1 ano.

Contacte-nos e venha conhecer aquele que pode ser o seu próximo investimento de sucesso!

📞 Marca já a tua visita 211 962 131/ 969 023 821",Kasulo,2025-10-07T09:55:24Z,8,0,0
WFslJxKYINM,https://www.youtube.com/watch?v=WFslJxKYINM,Marchas Populares CCD Oriental de São Martinho 2023 Covilhã,,Joao Fernandes,2023-08-15T03:27:33Z,676,5,0
TNys_ByguNU,https://www.youtube.com/watch?v=TNys_ByguNU,COVILHÃ FÉRIAS #3 - FOMOS AO FUNDÃO E VIMOS UM REBANHO DE OVELHAS!,"SOCIALS
insta:: @rjno0797
twitch:: @propzrjpt",rpkoliver,2025-03-11T23:19:01Z,73,6,2
2um1HWUH90Q,https://www.youtube.com/watch?v=2um1HWUH90Q,Madeiro de Natal. Dia 24 na Covilhã. @covilha_municipio  #covilhã  #portugal,,CANAL TAS A VER OFICIAL,2024-12-22T21:55:16Z,650,24,1
uMC4Ay_klnI,https://www.youtube.com/watch?v=uMC4Ay_klnI,Qualidade de Vida✨🙌🏼🇵🇹 #brasileirosemportugal #imigrantesemportugal #vidaemportugal #covilhã,,Viajando com Caroline Mevie,2025-03-17T23:08:54Z,147,7,0
oZNFIKoamK4,https://www.youtube.com/watch?v=oZNFIKoamK4,Conheça a cidade COVILHÃ Portugal 🇵🇹 #portugal #covilhã#serradaestrela #portugal ,,Cris Andrade,2025-07-02T20:05:10Z,117,13,4
aXQWXuLktrQ,https://www.youtube.com/watch?v=aXQWXuLktrQ,FIZ UMA RESERVA E NÃO CONSEGUI CANCELAR 😱+ PASSEIO EM COVILHÃ 🏔,"📸 segue no insta: @Jaquelinesgama 


#portugal #imigracao #europa #booking #montanha #anitta #neve #covilhã",Jaqueline Souza,2022-05-02T22:00:13Z,22,3,2
en0cbHBb9YQ,https://www.youtube.com/watch?v=en0cbHBb9YQ,☀️ #imigrantesemportugal #brasileira #brasileirosemportugal #covilhã #pordosol #miradouro,,Viajando com Caroline Mevie,2024-12-30T17:42:28Z,444,23,0
ChoEZcx4wKM,https://www.youtube.com/watch?v=ChoEZcx4wKM,Cuidando do maracujá. #covilhã #brasileirosemportugal #plantas  #nossaquinta,,CANAL TAS A VER OFICIAL,2025-06-07T20:55:49Z,1043,14,0
fUWwCunitgA,https://www.youtube.com/watch?v=fUWwCunitgA,"Projeto de via entre Bairro do Rodrigo e Eixo TCT, na Covilhã",Video by Kathleen Magno.,Historia da Cidade,2025-06-03T17:39:32Z,4,0,0
sQVM_dK2PpQ,https://www.youtube.com/watch?v=sQVM_dK2PpQ,"Serra da Estrela - Ep. 1: Covilhã, a busca pelo melhor mural","O início de uma aventura em busca do que temos de mais bonito no nosso Portugal.
Começamos pela Serra da Estrela e as terras em seu redor.
Neste primeiro episódio exploramos a Covilhã e os maravilhosos miradouros e incríveis paisagens até chegarmos ao nosso Hotel.

Subscrevam o canal e sigam-me nas redes sociais para ficarem a par desta e de futuras aventuras.

Insta: https://www.instagram.com/ruben_joliveira/
TikTok: https://www.tiktok.com/@ruben_joliveira?is_from_webapp=1&sender_device=pc",Rúben Oliveira,2025-11-23T11:01:39Z,24,2,0
jBZivd8IS-A,https://www.youtube.com/watch?v=jBZivd8IS-A,Posto de COMBUSTÍVEL ESPANHOL NA COVILHÃ PORTUGAL,Posto de Combustível na Covilhã #portugal #brasileirosemportugal #moraremportugal #covilhã #covilha,CANAL TAS A VER OFICIAL,2024-12-01T09:13:43Z,79,6,0
h2gJI9H5hJ4,https://www.youtube.com/watch?v=h2gJI9H5hJ4,Será que a gente cai rolando ou deslizando 😬😯 #Covilhã,,Viajando com Caroline Mevie,2025-10-24T17:53:16Z,770,3,0
-Hm3X4IqqNk,https://www.youtube.com/watch?v=-Hm3X4IqqNk,Portugal - Visita Covilhã,,Nickson Oliveira,2025-08-20T20:57:17Z,11,0,0
1jRiZvOk1zQ,https://www.youtube.com/watch?v=1jRiZvOk1zQ,Miradouro Portas do Sol - COVILHÃ,"Venha conhecer o Miradouro Portas do Sol localizado no centro da Covilhã. Tem uma vista espetacular.
#portugal #covilhã #moraremportugal",CANAL TAS A VER OFICIAL,2025-02-12T19:33:37Z,83,5,1
s0xux1q-B_k,https://www.youtube.com/watch?v=s0xux1q-B_k,Laser Tag Arena Covilhã,"A maior arena de Laser Tag indoor da Península Ibérica é na Covilhã.
Um espaço de diversão, com mais de 400m2 e 100 obstáculos, para momentos de adrenalina pura e um cenário futurista, com piso térreo, túnel e plataforma em altura.
Na nossa arena podes divertir-te jogando com blasters que disparam feixes de infravermelhos (laser).

Podem ser feitos diferentes tipos de jogos com diferentes objetivos: o de eliminar os adversários, o de conquistar zonas, o de proteger zonas, entre outros …",Animactiva,2022-02-24T15:23:41Z,9964,41,0
vt2GMehST_U,https://www.youtube.com/watch?v=vt2GMehST_U,Ganhei 500 euros do Continente onde trabalho. Covilhã#portugal #imigrantesemportugal #covilhã,,CANAL TAS A VER OFICIAL,2024-12-09T20:01:57Z,628,13,0
WHUOtE_e39g,https://www.youtube.com/watch?v=WHUOtE_e39g,Me ajuda a escolher ‼️Comenta 👇🏼 #brasileirosemportugal #imigração #brasileirosnaeuropa #covilhã,,Viajando com Caroline Mevie,2025-04-05T18:53:43Z,1686,11,0
YLdBGVGd_Vk,https://www.youtube.com/watch?v=YLdBGVGd_Vk,#brasileirosemportugal #vidadeimigrante #vidaemportugal #portugal #imigrantesemportugal #covilhã,,Viajando com Caroline Mevie,2025-02-03T19:26:33Z,68,0,0
nYLlZFbLN8U,https://www.youtube.com/watch?v=nYLlZFbLN8U,Desertuna - Covilhã (som ao vivo XI FESTUBI),"""Covilhã"", esta música significa muito para todos os elementos desta tuna bem como todos os estudantes da Universidade da Beira Interior, pois caracteriza bem o melhor momento vivido desta vida, o tempo de Estudante. Obrigado Covilhã.

(Sim ao vivo. Momento protagonizado no XI FESTUBI).",Desertuna TAUBI,2012-06-02T11:46:14Z,89800,695,8
abmp3gl9BHs,https://www.youtube.com/watch?v=abmp3gl9BHs,Poco da fatela  #covilhã #portugal #shorts #trending #summer,"Covilha best places to explore 
Poco da fatela nice place to visit in summer",Portugal 🇵🇹 ,2024-08-28T23:43:17Z,504,8,2
LH1KRf1PZyo,https://www.youtube.com/watch?v=LH1KRf1PZyo,🥶 #brasileirosemportugal #imigrantesemportugal #serradaestrela #covilhã #vidaemportugal,,Viajando com Caroline Mevie,2025-02-22T18:53:55Z,31,2,0
trZxg3aJ_b0,https://www.youtube.com/watch?v=trZxg3aJ_b0,VLOG | SERRA DA ESTRELA | ONDE SE HOSPEDAR | PET FRIENDLY | COVILHÃ | PORTUGAL | NEVE | 2026,"VLOG | SERRA DA ESTRELA | ONDE SE HOSPEDAR | PET FRIENDLY | COVILHÃ | PORTUGAL | NEVE | 2026

Acesse https://linktr.ee/familiavenditelli para econtrar o nosso Instagram, Passeios de Barco, TikTok, e muito mais!

No vídeo de hoje, levamos você para uma aventura especial em família rumo à Serra da Estrela, o ponto mais alto de Portugal continental, em pleno inverno de 2026. 

Saímos de casa, no distrito de Lisboa, com destino à Covilhã, onde começamos o dia com um café da manhã delicioso no The World Needs Nata. De lá, seguimos viagem subindo a Serra da Estrela, passando por paisagens incríveis até chegar à região de Penhas da Saúde.

Nos hospedamos em um lugar simplesmente encantador e pet friendly, perfeito para quem viaja em família: https://lajedabica.com/

Essa viagem ficou ainda mais marcante porque aconteceu durante a Tempestade Ingrid, que atingiu Portugal em janeiro de 2026. Por isso, todas as gravações externas foram feitas com MUITO vento, muuuuito vento mesmo! Mas isso só deixou o cenário ainda mais real e intenso, mostrando a força da mãe natureza. 

Fomos nessa aventura nós, nosso filho de apenas 2 meses, Carlos Eduardo, nossos dois bulldogs franceses Cookie e Coffee e a mãe da Dona Maisa, a Rose, que viu neve pela primeira vez na vida, um momento emocionante de presenciar!

Se você quer saber onde se hospedar na Serra da Estrela, viajar com bebê, pets e família, além de ver como é enfrentar a neve e o clima extremo em Portugal, esse vídeo é pra você.

Coloca os fones, aumenta a resolução e vem viver essa experiência com a gente!

Não esquece de deixar o like, comentar o que mais te chamou atenção nessa viagem e se inscrever no canal Família Venditelli para acompanhar nossas aventuras em Portugal e pelo mundo.",Familia Venditelli,2026-02-01T14:28:42Z,150,22,10
k72CUGaxa_M,https://www.youtube.com/watch?v=k72CUGaxa_M,OPORTUNIDADE #COVILHÃ 🇵🇹 #imigrantesemportugal #vidaemportugal #brasileirosemportugal #imigracao,Gosta de foto? Pra você então.,Viajando com Caroline Mevie,2025-02-07T20:24:36Z,42,1,0
yAwoAvpt9c4,https://www.youtube.com/watch?v=yAwoAvpt9c4,Bombeiros da Covilhã: o futuro está nos mais novos,"No quartel dos Bombeiros Voluntários da Covilhã, nasceu uma escolinha para ensinar os mais novos os valores que guiam os que vestem a farda vermelha. São já 28 os alunos. A reportagem é da Raquel Sequeira e do João Lima.",JornalismoUBI,2025-01-02T21:14:13Z,208,6,0
onIycFrM3xM,https://www.youtube.com/watch?v=onIycFrM3xM,🥵 #imigrantesemportugal #covilhã #serradaestrela #vidaemportugal #brasileirosemportugal,,Viajando com Caroline Mevie,2025-03-15T22:46:29Z,308,8,5
SbkNMp2d_fU,https://www.youtube.com/watch?v=SbkNMp2d_fU,BANDA DA COVILHÃ - XVIII Concerto de Primavera,"XVIII Concerto de Primavera da Banda da Covilhã
23 de março de 2025
Igreja de Santa Maria Maior

Direção Artística: Eduardo Cavaco
Produção Cultural: Bárbara Pereira
Som/Iluminação: Luz E Som
Design floral: Ricardo Malta
Maestro: Carlos Almeida
Instrumentistas: Banda da Covilhã

Solistas:
Marina Pacheco – soprano
Óscar Lucas – solista em trompete
Rita Gradim – solista em trompa

Organização:
Banda da Covilhã

Alto Patrocínio:
Funerária Moreira

Apoios:
Paróquia de Santa Maria
Paço 100 Pressa
New Hand Lab
Comfusão
Águas da Covilhã
União de Freguesias de Covilhã e Canhoso
Câmara Municipal da Covilhã",Banda da Covilhã,2025-03-27T11:21:25Z,456,15,1
QEBlUGJ4A34,https://www.youtube.com/watch?v=QEBlUGJ4A34,"Feira de S. Tiago 2025, Covilhã, noite de 13-7-2025","Feira de S. Tiago 2025, Covilhã, noite de 13-7-2025, 3º dia da feira que se estende até 27-7-2025, e onde há tudo...
-Feira de S. Tiago 2025, Covilhã, nacht van 13-7-2025, 3e beursdag die loopt tot 27-7-2025, en waar alles te vinden is...
-Feira de S. Tiago 2025, Kovilʹyan, nich 13-7-2025, 3-y denʹ yarmarku, yakyy tryvatyme do 27-7-2025, i de ye vse...
-Feira de S. Tiago 2025, Covilhã, nuit du 13-7-2025, 3ème jour de la foire qui se déroule jusqu'au 27-7-2025, et où il y a de tout...
-Feira de S. Tiago 2025, Covilhã, Nacht vom 13.07.2025, 3. Tag der Messe, die bis zum 27.07.2025 läuft und wo es alles gibt...
-Feira de S. Tiago 2025, Covilhã, night of 13-7-2025, 3rd day of the fair that runs until 27-7-2025, and where there is everything...
http://videos.sapo.pt/beites/playview/2
https://www.dailymotion.com/jabeiteslp
https://jabeiteslp.blogs.sapo.pt/
https://anjodaesquina.blogs.sapo.pt/",TheBeites,2025-07-14T10:05:05Z,417,5,9
ikGr04RKKHU,https://www.youtube.com/watch?v=ikGr04RKKHU,"🇵🇹 Covilhã, a Cidade da Arte Urbana. #arteurbana #streetart #brasileirosemportugal #covilhã","Tour por Covilhã a cidade Neve, próximo a Serra da Estrela na região central de Portugal.
Cidade rota da arte urbana. Brasileiros em Portugal",Narramundos,2023-03-14T19:40:46Z,1581,92,3
_Gk9Jzl6w1E,https://www.youtube.com/watch?v=_Gk9Jzl6w1E,Quando me perguntam como é morar em Portugal 🇵🇹 #covilhã #portugal #brasileirosemportugal,,Cris Andrade,2023-08-22T20:59:30Z,122,9,2
959DGX3NHtU,https://www.youtube.com/watch?v=959DGX3NHtU,Ep #01 História da cidade - CONHECENDO A COVILHÃ - Interior de Portugal | Catarinas em Portugal,"Oie amiguinhos,


Hoje vamos iniciar a série: CONHECENDO A COVILHÃ.


Antes de nos mudarmos para Portugal, buscamos no Youtube conteúdos para decidirmos qual seria o nosso novo lar, mas não tinham muitos. Chegamos aqui e nos apaixonamos, dá vontade de fazer um vídeo por dia, então pensamos:


Vamos criar um série e mostrar para todo mundo, quem quer mudar de país, quem quer somente conhecer, para quem já passou por aqui e quer matar as saudades e para quem está por aqui e se sente tão orgulhosas quanto a gente de tanta belezura! 🎥



Começamos com a história da Covilhã e o próximo episódio já está sendo preparado. IHA!


Se gostou do vídeo, se inscreve no nosso canal, deixa um like bem lindo e um comentário ~respondemos todos 😍

Segue a gente nas nossas redes sociais:

Catarinas: https://www.instagram.com/catarinasemportugal/
Carol: https://www.instagram.com/caaroldana/
Rafa: https://www.instagram.com/rafaelawilke/

🚀🌏♥️",Catarinas em Portugal,2021-03-21T22:05:00Z,8353,429,54
3udR1q1f-4c,https://www.youtube.com/watch?v=3udR1q1f-4c,Serra da Estrela #serradaestrela #covilhã #walkingtour,"Uma das lendas que explicam o nome Serra da Estrela, enquanto pegamos a estrada de Covilha até a Serra! Inscrevam-se para receberem as outras lendas!","Pé na Serra, Olho na Estrela",2023-08-21T17:52:44Z,161,10,0
BSG2x2a4Y3E,https://www.youtube.com/watch?v=BSG2x2a4Y3E,MM | WOOL - Covilhã Urban Art 2025,"WOOL 2025 - 12th edition
Covilhã, Portugal
21 - 29 June 2025

WOOL returned to Covilhã in 2025 for the 12th edition of Portugal's oldest urban art festival. With the ambition of continuing to set an example of decentralisation, inclusion, social cohesion and transformation of the territory and community through art, we once again presented an edition with a multidisciplinary programme, intense creativity and occupation of public space.
The result could not have been more positive: thousands of visitors, new murals and art installations, more than 45 creative and cultural activities, the consolidation of RUA WOOL and, most importantly, the certainty that it is possible to build a more participatory and cohesive community through art and culture.


| video
Director _ Mariana Vasconcelos
Image capture - Mariana Vasconcelos + Doug Gillen
Editor  _ Mariana Vasconcelos
Music _ Artlist + mobygratis 
Interviews _ Graça Rojão + Helena Lucas + José Carlos Campos + Rafaela Ciríaco da Graça
Voice-off _ Lara Seixo Rodrigues + Mariana
Translation _ Mariana Vasconcelos


| + info
Organization _ WOOL - Covilhã Urban Art
Support _ Visit Portugal + Covilhã Município / Covilhã Cidade Criativa da Unesco + BPI - Fundação ""la Caixa"" + Embaixada de Espanha em Lisboa + Acção Cultura Espanhola 
Institutional Support  _  Center of Portugal 
Patrons _ REN + Farmácia Covilhã + União de Freguesias da Covilhã e Canhoso
Sponsor _ CIN
Official vehicle _ Caetano City
Official hotel _ Sport Hotel Gym & Spa
Logistics Partners _  Taberna A Laranjinha + Casa das Muralhas + Nata Lisboa Covilhã + Montiel + Meeat! + par.mi.gia.no + Epicentro + Fogolar + MXC + Kraxas + Graph & Co + J. Gomes + Twintex + amb + Coviclass + PCP 
Programme Partners _ A Tentadora + Burel Factory + Centro de Ativ'idades + CISMA + Coolabora +  Museu da Covilhã + New Hand Lab  
Media Partners _ Street Art Cities + Blocal + Fitfh Wall TV + Público + Antena3 + Canal180 + Gerador + Portugal Manual + Notícias da Covilhã + Jornal do Centro + Rádio Cova da Beira + Fórum + Carma
Communication _ Ricardo Rodrigues
Graphic Design _ Losers Studio

Artists _ Boa Mistura (ES) + Stelios Pupet (GR) + Lidia Cao (ES) + Ligia Fernandes (PT) + Ampparito (ES) 
Community Artistic Action _ ""Todos Somos o Outro"" orientada por A Avó Veio Trabalhar (PT)
Artistic Residencies (music) _ Surma (PT) + Bia Maria & Coro Viés - Vozes em Intervenção (PT) 
Misc _ Vasco Fazendeiro & João Semedo (PT) + Má-Hora (PT) + LX30 (PT)
Exhibitions _ ""WOOL x Museu da Covilhã"" (permanente) + ""Boas e Más Ideias"" de Hugo Makarov (PT) 
Movies _ ""Crossroads: el viaje circular de Boa Mistura"" (ES) + ""Grand Tour"" (PT) 
Masterclass _ ""Desenhos Efémeros: o desenho como performance"" orientada por António Jorge Gonçalves (PT) + ""Boas e Más Ideias"" orientada por Hugo Makarov (PT)
Capacity building action _ ""A missão das organizações culturais"" orientada por Maria Vlachou (GR/PT)
Real-time drawing show _ ""Desenhos Efémeros"" de António Jorge Gonçalves (PT) 
WOOL Talks _ Maria Vlachou (GR/PT) + Paulo Fernandes (PT) + Olivier landes (FR) + Doug Gillen (UK)
Street WOOL _ Valice Atelier (PT) + Marta Amaro (PT) + Luana Lobato (BR) + Oficina da Rita (PT) + Adufeiras da Casa do Povo do Paul (PT) +  Coé Tattoo (BR/PT) + ""Contos e Lenga Lendas"" by Gil Dionísio (PT) + Fanfarra 4XX (PT) + Tear Sonoro (IT/PT) + DJ's Studios CISMA + Portugal Manual + ""Cardápio Poético"" by Alice Neto de Sousa (PT) + ""Memurial: efémero mural"" by Umbra (PT) + Jogos do Helder (PT) + WOOL 2025 - mural participativo + Ana Isabel Albuquerque + Tertúlia + Coletivo Desfoque + Gregory Betermann
Quizz WOOL
Community Lunch
Guided Tours 

Photography _ Miguel Oliveira

www.woolfest.org 

#mistakermaker #community #comunidade #arteurbana #streetart #art #publicart #artepública #wool2025",Mistaker Maker,2026-01-04T14:09:06Z,27,0,0
PjtkSH7XWEU,https://www.youtube.com/watch?v=PjtkSH7XWEU,Serra da estrela. #covilhã #serradaestrela,,Márcio Lopes na Europa,2024-02-20T12:46:44Z,186,9,0
ZiuNKHCK4a0,https://www.youtube.com/watch?v=ZiuNKHCK4a0,"Marcha LGBTQIA+ será sábado (24), na Covilhã.",,Canal Bem Haja,2025-05-22T15:59:39Z,49,0,0
GAjMA8A69m0,https://www.youtube.com/watch?v=GAjMA8A69m0,LATADA 2024 #portugal #covilhã #shorts,,Portugal 🇵🇹 ,2024-10-18T06:57:48Z,642,6,0
JHcpTbgpPCI,https://www.youtube.com/watch?v=JHcpTbgpPCI,Na Covilhã mora gente brasileira feliz #travel #viagem #viajar #brasileirospelomundo #covilhã,,Casal Da hora,2024-09-22T13:15:43Z,431,9,1
AQyJLv2vY6s,https://www.youtube.com/watch?v=AQyJLv2vY6s,Como está sendo nossas últimas semanas na Covilhã em Portugal #96,"VLOG 96 - Depois de um bom tempo estamos aqui novamente para bater aquele papo gostoso com vocês e sempre informar o que se passa conosco nessa aventura que é viver na Covilhã em Portugal.

Fique a vontade em comentar, o seu comentário é muito importante. 😀

AJUDE o canal a crescer compartilhe este vídeo!

Não clique aqui hein! https://tinyurl.com/53uwv377 👀

_____________________________________
Transporte Público Covilhã e Fundão:

Covilhã Mobilidade (Transdev):
https://covilhamobilidade.pt/

Horários do Autocarro do Fundão:
https://atf.pt/Horarios.html

_____________________________________
Vídeos que você deve assistir se pensa em morar na Covilhã:

Custo de Vida no Interior de Portugal:
https://youtu.be/BXhVd4Ksg1Q

Tudo Sobre a Covilhã:
https://youtu.be/BVE2-yGA48g

_____________________________________
Bolsa de Empregos e Formação Profissional:

Associação Empresarial da Beira Baixa:
https://www.aebb.pt/

Instituto do Emprego e Formação Profissional:
https://iefponline.iefp.pt/IEFP/index2.jsp

_____________________________________
Links Úteis para sua estadia ou visita em Portugal:

Planilha Financeira 2024:
http://tinyurl.com/PlanilhaFinanceira2024

Onde pesquisar Trabalho na Covilhã:
https://tinyurl.com/BuscarTrabalhosCovilha

Onde encontrar imóveis na Covilhã:
https://tinyurl.com/LinksImoveisCovilha

Veja a média de valores dos imóveis pelo Idealista:
https://www.idealista.pt/arrendar-casas/castelo-branco/covilha/covilha/mapa-google

Lista das Empresas na Zona Industrial do Tortosendo:
https://tinyurl.com/ParqueIndustrialTortosendo

Lista das Empresas na Zona Industrial do Canhoso:
https://tinyurl.com/ParqueIndustrialCanhoso

_____________________________________
Supermecados para comparar preços Online:

Site do Supermercado Pingo Doce:
https://www.pingodoce.pt/

Site do Supermercado Continente:
https://www.continente.pt/

Site do Supermercado Auchan:
https://www.auchan.pt/

_____________________________________
Instagram:
https://www.instagram.com/karine.suzy

Canal no Telegram com informações gratuitas:
https://t.me/MaeToEmPortugal

Grupo para Interação no Telegram:
https://t.me/MaeEstamosEmPortugal

_____________________________________
WISE (app de câmbio )
Transferir 500 euros sem tarifa é só acessar o link👇🏻

https://wise.com/invite/u/jeffersond489

_____________________________________

Deus em todo tempo é bom!

#portugal #brasileirosemportugal #moraremportugal #covilhã",Jeff e Karine Vida em Portugal ,2024-11-19T21:00:06Z,1388,110,39
UHtNzt0WZks,https://www.youtube.com/watch?v=UHtNzt0WZks,Banda da Covilhã - XVI Concerto de Primavera,"Banda da Covilhã e Sociedade Musical Gouveense Pedro Amaral Botto Machado - Maestros Carlos Almeida e Hélder Abreu
Solista em violino: Inês Fabião
Soprano: Paulina Sampaio
19 de março de 2023 - Igreja de Santa Maria Maior",Banda da Covilhã,2024-01-09T16:20:46Z,249,6,0
olfEkK7pOKs,https://www.youtube.com/watch?v=olfEkK7pOKs,Ele merece 🤩 #imigrantesemportugal #vidaemportugal #covilhã #brasileirosemportugal,,Viajando com Caroline Mevie,2025-01-25T11:55:15Z,416,9,0
-hFaWRdCODg,https://www.youtube.com/watch?v=-hFaWRdCODg,A neve veio dando bom dia! ❄️🤍 #portugal #covilhã #nevada #inverno #2024 #jesus #shorts #viralvideo,,𝙶𝚒sa 𝙽𝚊𝚜𝚌𝚒𝚖𝚎𝚗𝚝𝚘 🌸🍒,2024-03-08T07:44:39Z,131,8,0
oWzsTZXMx-M,https://www.youtube.com/watch?v=oWzsTZXMx-M,Praia fluvial Vila do Carvalho - Covilhã Portugal #covilhã #portugal,,Cris Andrade,2023-08-01T20:57:44Z,1231,31,2
ckHhrur08EM,https://www.youtube.com/watch?v=ckHhrur08EM,"Clima Portugués, paisaje rural     # nature   #portugal #visitportugal #covilhã #serradaestrela","Para los curiosos que desean saber como es Portugal
si queres más info, visita  @LosProyectosdePatricia ​",Los Proyectos de Patricia,2023-02-03T14:34:58Z,356,19,3
HT8fhtZVf5g,https://www.youtube.com/watch?v=HT8fhtZVf5g,Em breve água na Quinta #covilhã,,CANAL TAS A VER OFICIAL,2025-05-31T20:30:36Z,3197,15,0
ubfnlNlxtPU,https://www.youtube.com/watch?v=ubfnlNlxtPU,Apartamentos T0 novos na Covilhã,"Empreendimento com 40 T0s na Covilhã | Últimas unidades disponíveis ✨️

- Mobilados e equipados
- Prontos a escriturar
- 700m da UBI (Universidade)
- Áreas 30m² a 41m²
- Ar-condicionado
- Jardim (área comum)
- Sala de estudo (área comum)
- Ginásio (área comum)

+ info www.zome.pt/EMPT194858

📍 https://maps.app.goo.gl/LZFA8euRekS5gE1A8

📲 (+351) 968120054
claudiovilarinho@zome.pt

Angariação 222
Cláudio Vilarinho Consultores Imobiliários Zome",Cláudio Vilarinho Consultores Imobiliários,2026-03-31T17:47:10Z,61,1,0
EOMxCK_SSq8,https://www.youtube.com/watch?v=EOMxCK_SSq8,Comida brasileira na Maria Cereja Covilhã #portugal #covilhã #brasileirosemportugal,,CANAL TAS A VER OFICIAL,2024-12-07T12:17:01Z,470,25,0
ED62wSmnHJ4,https://www.youtube.com/watch?v=ED62wSmnHJ4,Cidade da Covilhã - Castelo Branco,"🚍 A Covilhã é uma cidade portuguesa pertencente ao distrito de Castelo Branco.
Covilhã, uma cidade serrana muito especial
Na encosta sul da Serra da Estrela, a Covilhã abre caminho para chegar aos 1.993 metros de altitude da Torre, o topo da serra mais alta de Portugal Continental.
Chegar à Covilhã traduz-se em, pelo menos, seis vantagens: conhecer a indústria dos lanifícios e o património judaico de grande valor deixado na região, vestir um casaco de lã fabricado aqui mesmo, respirar fundo o bom ar da Serra, aproveitar as águas termais e praticar atividades ao ar livre, em pleno Parque Natural da Serra da Estrela.",Mira Portugal,2021-09-17T08:04:56Z,1644,26,0
l6zuKxeAeDI,https://www.youtube.com/watch?v=l6zuKxeAeDI,Quem vai conhecer? #imigrantesemportugal #vidaemportugal #covilhã #brasileirosemportugal #imigracao,,Viajando com Caroline Mevie,2025-02-06T16:35:09Z,94,1,0
xKoJaqxfxvo,https://www.youtube.com/watch?v=xKoJaqxfxvo,#ribeira #paul #covilhā #shorts,,João Carmo,2025-04-16T10:10:27Z,666,17,19
yPeHJ0AJjdc,https://www.youtube.com/watch?v=yPeHJ0AJjdc,Miradouro da Varandas dos Carqueijais #shorts #covilhã  #portugal #serradaestrela  #haveaniceday,,ViagensPennagov,2024-03-04T20:00:20Z,310,14,6
lxY40PijfX0,https://www.youtube.com/watch?v=lxY40PijfX0,🌺💓🥰#covilhã #imigrantesemportugal #brasileirosemportugal #vidaemportugal #funk,,Viajando com Caroline Mevie,2025-02-01T18:05:47Z,747,32,0
ziuioVOO6O4,https://www.youtube.com/watch?v=ziuioVOO6O4,#imigrantesemportugal #vidaemportugal #tempestadeherminia #covilhã #brasileirosemportugal,,Viajando com Caroline Mevie,2025-01-27T19:48:27Z,16,0,0
YWelll5knVw,https://www.youtube.com/watch?v=YWelll5knVw,🚨 TUDO sobre EMPREGO e TRABALHOS na Covilhã em Portugal 🇵🇹 2022 #29,"VLOG 29 - Fizemos uma pesquisa com os imigrantes na Covilhã e vamos AJUDAR você com informações sobre trabalho e emprego na Covilhã cidade localizada no Distrito de Castelo Branco em Portugal e também nas cidade do Fundão e Castelo Branco, vale a pena conferir até o final!

Vamos tirar todas as suas dúvidas sobre como é a situação para quem busca trabalho na cidade e região.

Então prepare os seus agasalhos, cachecóis e luvas e bora para mais um vídeo!

Moramos em Portugal já faz 9 meses e escolhemos Covilhã para ser atualmente nossa cidade e nosso lar.

Fique a vontade em comentar, o seu comentário é muito importante. 😀

Não clique aqui hein! https://tinyurl.com/53uwv377 👀

_____________________________________
Canal no Telegram:
https://t.me/+yV26kriSsIcxNTFh

English Course (Curso de Inglês):
https://wa.link/g8wc3j

_____________________________________
Cursos que SUPER recomendamos: 

Curso Depilação Profissional
https://go.hotmart.com/N78453599J

Curso Sobrancelhas Perfeitas
https://go.hotmart.com/Q78444794K

Curso de Cutilagem para Manicures com Faby Cardoso
https://go.hotmart.com/W78448596L

Curso de Maquiagem Técnicas Profissionais do Básico ao Avançado!
https://go.hotmart.com/K78464215A

Pacote Full-Stack da Danki Code (Área de TI)
https://go.hotmart.com/G78449386C

_____________________________________
Link dos Grupos do Facebook de Trabalho na Covilhã:
https://tinyurl.com/BuscarTrabalhosCovilha

Lista das empresas do Parque Industrial de Canhoso:
https://tinyurl.com/ParqueIndustrialCanhoso

_____________________________________
Navegação Rápida:

00:00 Introdução
00:59 Algumas áreas de atuação na Covilhã 
03:08 Documentos que as pessoas chegam na Covilhã
04:00 Documentos que as empresas solicitam na Covilhã
05:28 Trabalhos que podem pedir ou aceitar Manifestação de Interesse
06:55 Sobre a situação das fábricas aceitarem turistas
08:59 Sobre a possibilidade de trabalhar em supermercado
10:24 Prioridade nas contratações de trabalhadores
11:20 Áreas que priorizam Autorização de Residência, Cartão Cidadão e Visto
12:08 Áreas que valorizam o Inglês falado, ouvido, escrito e lido
14:26 Quanto tempo demora para conseguir trabalho e sobre o SEF.
18:10 Conselho de Ouro, Dica de Milhões!
19:42 Onde procurar emprego?
22:46 Sobre ter carro na Covilhã
24:29 Um sinal de ALERTA para você!

_____________________________________
Nosso Instagram: 

https://www.instagram.com/jeffisuh
https://www.instagram.com/karine.suzy

_____________________________________
WISE (app de câmbio )
Transferir 500 euros sem tarifa é só acessar o link👇🏻

https://wise.com/invite/ata/jeffersond489

_____________________________________

Deus em todo tempo é bom!

#portugal #viveremportugal #brasileirosemportugal",Jeff e Karine Vida em Portugal ,2022-11-04T22:00:22Z,6270,438,115
L9pXmIBtn04,https://www.youtube.com/watch?v=L9pXmIBtn04,Eu PINTO MEU CABELO SOZINHA #moraremportugal #covilhã,,CANAL TAS A VER OFICIAL,2024-12-14T12:29:10Z,526,10,0
2bAYH9R8dI8,https://www.youtube.com/watch?v=2bAYH9R8dI8,Conseguimos financiar nosso carro em 🇵🇹 Graças a CPLP! #covilhã #portugal #brasileirosemportugal,,Vanessa Pires,2023-05-08T15:08:17Z,354,9,3
6LJNHN60Ykk,https://www.youtube.com/watch?v=6LJNHN60Ykk,#serradaestrela #brasileirosemportugal #imigrantesemportugal #covilhã #brasileirosnaeuropa,,Viajando com Caroline Mevie,2025-03-08T16:55:37Z,70,0,0
D4QMEC52Zyc,https://www.youtube.com/watch?v=D4QMEC52Zyc,Tangerina encore Compramos mais plantas para nossa Quinta. #covilhã #covilha #nossaquinta,,CANAL TAS A VER OFICIAL,2025-04-22T22:04:35Z,755,9,0
WlkMaMOlUUE,https://www.youtube.com/watch?v=WlkMaMOlUUE,Universidade da Beira Interior - 2ª Parte. Covilhã. Castelo Branco. Portugal. #295,"Olá! Sejam bem vindos (as)

1º Vídeo que fiz nesta região onde fica a Universidade da Beira Interior na Covilhã.

Segue o Link Para a 1ª Parte: https://youtu.be/U4sNo5WmTSU

Abaixo estão os Cursos ministrados pela Universidade:

1ºs Ciclos/Licenciaturas
  •   Bioengenharia *
  •   Bioquímica
  •   Biotecnologia
  •   Ciência Política e Relações Internacionais
  •   Ciências Biomédicas
  •   Ciências da Comunicação
  •   Ciências da Cultura
  •   Ciências do Desporto
  •   Cinema
  •   Computação Criativa e Realidade Virtual — NOVO | 1.ª Edição (2024/25)
  •   Design de Moda
  •   Design Industrial
  •   Design Multimédia
  •   Economia
  •   Engenharia Aeronáutica
  •   Engenharia Civil
  •   Engenharia e Gestão Industrial
  •   Engenharia Eletromecânica
  •   Engenharia Eletrotécnica e de Computadores
  •   Engenharia Informática
  •   Engenharia Mecânica Computacional
  •   Estudos Portugueses e Espanhóis
  •   Filosofia
  •   Física e Aplicações
  •   Gestão
  •   Informática Web, Móvel e na Nuvem
  •   Inteligência Artificial e Ciência de Dados
  •   Marketing
  •   Matemática e Aplicações
  •   Optometria e Ciências da Visão
  •   Psicologia
  •   Química Industrial
  •   Química Medicinal *
  •   Sociologia
  •   Tecnologia e Produto de Moda Sustentável

Mestrados Integrados
  •   Arquitetura
  •   Ciências Farmacêuticas
  •   Engenharia Aeronáutica *
  •   Engenharia Civil *
  •   Medicina

2ºs Ciclos/Mestrados

  •   Bioengenharia
  •   Bioquímica
  •   Biotecnologia
  •   Branding e Design de Moda (Associação)
  •   Ciência Política
  •   Ciências Biomédicas
  •   Ciências do Desporto
  •   Cinema
  •   Comunicação Estratégica: Publicidade e Relações Públicas
  •   Design de Moda
  •   Design e Desenvolvimento de Jogos Digitais
  •   Design Industrial
  •   Design Multimédia
  •   Economia
  •   Empreendedorismo e Criação de Empresas
  •   Empreendedorismo e Inovação Social
  •   Engenharia Aeronáutica
  •   Engenharia Civil
  •   Engenharia e Gestão Industrial
  •   Engenharia Eletromecânica
  •   Engenharia Eletrotécnica e de Computadores
  •   Engenharia Informática
  •   Ensino de Educação Física nos Ensinos Básico e Secundário **
  •   Ensino de Filosofia no Ensino Secundário **
  •   Ensino de Física e Química no 3º Ciclo do Ensino Básico e no Ensino Secundário **
  •   Ensino de Português e de Espanhol no 3º Ciclo do Ensino Básico e no Ensino Secundário **
  •   Estudos de Cultura
  •   Estudos Lusófonos
  •   Finanças e Contabilidade
  •   Gestão
  •   Gestão de Unidades de Saúde
  •   Jornalismo
  •   Marketing
  •   Matemática e Aplicações
  •   Optometria e Ciências da Visão
  •   Psicologia Clínica e da Saúde
  •   Química Industrial
  •   Relações Internacionais
  •   Sistemas de Informação Geográfica
  •   Sociologia: Exclusões e Políticas Sociais

3ºs Ciclos/Doutoramentos
  •   Arquitetura
  •   Biomedicina
  •   Bioquímica
  •   Ciência e Engenharia dos Materiais Fibrosos
  •   Ciência Política (Associação)
  •   Ciências da Comunicação
  •   Ciências do Desporto
  •   Ciências Farmacêuticas
  •   Design — NOVO | 1.ª Edição (2024/25)
  •   Design de Moda (Associação)
  •   Economia (Associação)
  •   Educação
  •   Engenharia Aeronáutica
  •   Engenharia Civil
  •   Engenharia e Gestão Industrial
  •   Engenharia Eletrotécnica e de Computadores
  •   Engenharia Informática
  •   Engenharia Mecânica
  •   Filosofia
  •   Física
  •   Gestão
  •   Marketing e Estratégia (Associação)
  •   Matemática e Aplicações
  •   Materiais e Processamento Avançados (Associação)
  •   Media Artes
  •   Medicina
  •   Psicologia Clínica e da Saúde
  •   Química
  •   Sociologia
 
Pós-Doutoramentos

  •   Arquitetura
  •   Biomedicina
  •   Bioquímica
  •   Ciência e Engenharia dos Materiais Fibrosos
  •   Ciência Política
  •   Ciências Aeroespaciais
  •   Ciências da Comunicação
  •   Ciências do Desporto
  •   Ciências Farmacêuticas
  •   Design
  •   Economia
  •   Educação
  •   Engenharia Civil
  •   Engenharia e Gestão Industrial
  •   Engenharia Electromecânica
  •   Engenharia Eletrotécnica e de Computadores
  •   Engenharia Informática
  •   Engenharia Mecânica
  •   Filosofia
  •   Física
  •   Gestão
  •   Letras
  •   Marketing e Estratégia
  •   Matemática e Aplicações
  •   Media Artes
  •   Medicina
  •   Psicologia Clínica e da Saúde
  •   Psicologia e Educação
  •   Química
  •   Sociologia

Fonte: https://www.ubi.pt/Cursos",Wagner Costa em Portugal,2024-09-14T20:00:08Z,249,21,2
DfnMcc2sUpY,https://www.youtube.com/watch?v=DfnMcc2sUpY,Snow in Portugal?! ❄️🇵🇹 You Won’t Believe Covilhã’s Winter Wonderland!,"Portugal isn’t just sunshine and beaches — it’s also home to magical winter scenes! 🌨️✨ Watch as Covilhã, the gateway to Serra da Estrela, transforms into a snowy paradise. From charming streets covered in white to breathtaking mountain views, this rare snowfall will leave you speechless.

Is this the most unexpected winter destination in Europe? 👀❄️ 👉 LIKE 👍, SUBSCRIBE 🔔, and COMMENT if you’ve ever seen snow in Portugal!
#Covilha #SnowInPortugal #PortugalWinter #SerraDaEstrela #WinterWonderland #PortugalTravel #SnowfallMagic #TravelPortugal #TrendingTravel #ExplorePortugal #SnowVibes #PortugalLife #WinterAdventure #SnowyPortugal #TravelGoals #DiscoverPortugal #SnowScenes #TravelViral #PortugalMountains #WinterInEurope #portugalwinter2025 #portugaltravel #portugalvibes",Travel Destination,2021-02-26T23:38:50Z,5815,70,2
MfaIVs24Qp4,https://www.youtube.com/watch?v=MfaIVs24Qp4,Era sol o que me faltava 🎶 #brasileirosemportugal #brasileirosnaeuropa #covilhã #morarforadobrasil,,Viajando com Caroline Mevie,2025-03-23T18:47:43Z,43,2,0
uMKvI2nIaxE,https://www.youtube.com/watch?v=uMKvI2nIaxE,Dica importante sobre as finanças em Portugal. #covilhã #nortedeportugal #centrodeportugal,,Márcio Lopes na Europa,2024-01-18T22:06:09Z,259,13,0
4DfZ2DBkv1Q,https://www.youtube.com/watch?v=4DfZ2DBkv1Q,Nevão com + 100m. Covilhã- Portugal,"Olá pessoal!
Está chegando o Natal e a abertura foi hoje dia 01/12 na Covilhã. Portugal #portugal  #imigrantesemportugal  #covilhã  #natalemportugal #moraremportugal",CANAL TAS A VER OFICIAL,2024-12-01T22:35:26Z,185,10,4
NDIv0odTVpU,https://www.youtube.com/watch?v=NDIv0odTVpU,#imigrantesemportugal #vidaemportugal #covilhã #brasileirosemportugal #imigracao,,Viajando com Caroline Mevie,2025-01-29T11:15:46Z,133,5,0
0cJmRP-Zr3U,https://www.youtube.com/watch?v=0cJmRP-Zr3U,Bonito é demais 😍❄️🤍 #imigrantesemportugal #serradaestrela #vidaemportugal #sigmaboy #covilhã,,Viajando com Caroline Mevie,2025-02-01T17:53:42Z,110,5,0
pjPU7kHBx2w,https://www.youtube.com/watch?v=pjPU7kHBx2w,Muda a cada 10 minutos! #brasileirosemportugal #covilhã #vidaemportugal #brasileirosnaeuropa,,Viajando com Caroline Mevie,2025-04-18T15:10:32Z,49,1,0
0Y7GDUZLf4c,https://www.youtube.com/watch?v=0Y7GDUZLf4c,Você trocaria? #covilhã  #quinta #quintapenaterrinha,Vida no mato,CANAL TAS A VER OFICIAL,2025-06-04T09:27:08Z,353,7,0
U4sNo5WmTSU,https://www.youtube.com/watch?v=U4sNo5WmTSU,Universidade da Beira Interior - 1ª Parte. Covilhã. Castelo Branco. Portugal. #294,"Olá! Sejam bem vindos (as)

1º Vídeo que fiz nesta região onde fica a Universidade da Beira Interior na Covilhã.

Segue o Link Para a 2ª Parte: Esperando

Abaixo estão os Cursos ministrados pela Universidade da Beira Interior:

1ºs Ciclos/Licenciaturas
  •   Bioengenharia *
  •   Bioquímica
  •   Biotecnologia
  •   Ciência Política e Relações Internacionais
  •   Ciências Biomédicas
  •   Ciências da Comunicação
  •   Ciências da Cultura
  •   Ciências do Desporto
  •   Cinema
  •   Computação Criativa e Realidade Virtual — NOVO | 1.ª Edição (2024/25)
  •   Design de Moda
  •   Design Industrial
  •   Design Multimédia
  •   Economia
  •   Engenharia Aeronáutica
  •   Engenharia Civil
  •   Engenharia e Gestão Industrial
  •   Engenharia Eletromecânica
  •   Engenharia Eletrotécnica e de Computadores
  •   Engenharia Informática
  •   Engenharia Mecânica Computacional
  •   Estudos Portugueses e Espanhóis
  •   Filosofia
  •   Física e Aplicações
  •   Gestão
  •   Informática Web, Móvel e na Nuvem
  •   Inteligência Artificial e Ciência de Dados
  •   Marketing
  •   Matemática e Aplicações
  •   Optometria e Ciências da Visão
  •   Psicologia
  •   Química Industrial
  •   Química Medicinal *
  •   Sociologia
  •   Tecnologia e Produto de Moda Sustentável

Mestrados Integrados
  •   Arquitetura
  •   Ciências Farmacêuticas
  •   Engenharia Aeronáutica *
  •   Engenharia Civil *
  •   Medicina

2ºs Ciclos/Mestrados

  •   Bioengenharia
  •   Bioquímica
  •   Biotecnologia
  •   Branding e Design de Moda (Associação)
  •   Ciência Política
  •   Ciências Biomédicas
  •   Ciências do Desporto
  •   Cinema
  •   Comunicação Estratégica: Publicidade e Relações Públicas
  •   Design de Moda
  •   Design e Desenvolvimento de Jogos Digitais
  •   Design Industrial
  •   Design Multimédia
  •   Economia
  •   Empreendedorismo e Criação de Empresas
  •   Empreendedorismo e Inovação Social
  •   Engenharia Aeronáutica
  •   Engenharia Civil
  •   Engenharia e Gestão Industrial
  •   Engenharia Eletromecânica
  •   Engenharia Eletrotécnica e de Computadores
  •   Engenharia Informática
  •   Ensino de Educação Física nos Ensinos Básico e Secundário **
  •   Ensino de Filosofia no Ensino Secundário **
  •   Ensino de Física e Química no 3º Ciclo do Ensino Básico e no Ensino Secundário **
  •   Ensino de Português e de Espanhol no 3º Ciclo do Ensino Básico e no Ensino Secundário **
  •   Estudos de Cultura
  •   Estudos Lusófonos
  •   Finanças e Contabilidade
  •   Gestão
  •   Gestão de Unidades de Saúde
  •   Jornalismo
  •   Marketing
  •   Matemática e Aplicações
  •   Optometria e Ciências da Visão
  •   Psicologia Clínica e da Saúde
  •   Química Industrial
  •   Relações Internacionais
  •   Sistemas de Informação Geográfica
  •   Sociologia: Exclusões e Políticas Sociais

3ºs Ciclos/Doutoramentos
  •   Arquitetura
  •   Biomedicina
  •   Bioquímica
  •   Ciência e Engenharia dos Materiais Fibrosos
  •   Ciência Política (Associação)
  •   Ciências da Comunicação
  •   Ciências do Desporto
  •   Ciências Farmacêuticas
  •   Design — NOVO | 1.ª Edição (2024/25)
  •   Design de Moda (Associação)
  •   Economia (Associação)
  •   Educação
  •   Engenharia Aeronáutica
  •   Engenharia Civil
  •   Engenharia e Gestão Industrial
  •   Engenharia Eletrotécnica e de Computadores
  •   Engenharia Informática
  •   Engenharia Mecânica
  •   Filosofia
  •   Física
  •   Gestão
  •   Marketing e Estratégia (Associação)
  •   Matemática e Aplicações
  •   Materiais e Processamento Avançados (Associação)
  •   Media Artes
  •   Medicina
  •   Psicologia Clínica e da Saúde
  •   Química
  •   Sociologia
 
Pós-Doutoramentos

  •   Arquitetura
  •   Biomedicina
  •   Bioquímica
  •   Ciência e Engenharia dos Materiais Fibrosos
  •   Ciência Política
  •   Ciências Aeroespaciais
  •   Ciências da Comunicação
  •   Ciências do Desporto
  •   Ciências Farmacêuticas
  •   Design
  •   Economia
  •   Educação
  •   Engenharia Civil
  •   Engenharia e Gestão Industrial
  •   Engenharia Electromecânica
  •   Engenharia Eletrotécnica e de Computadores
  •   Engenharia Informática
  •   Engenharia Mecânica
  •   Filosofia
  •   Física
  •   Gestão
  •   Letras
  •   Marketing e Estratégia
  •   Matemática e Aplicações
  •   Media Artes
  •   Medicina
  •   Psicologia Clínica e da Saúde
  •   Psicologia e Educação
  •   Química
  •   Sociologia

Fonte: https://www.ubi.pt/Cursos",Wagner Costa em Portugal,2024-09-08T11:47:48Z,871,32,4
qL413FEmlAU,https://www.youtube.com/watch?v=qL413FEmlAU,✨ #vidadeimigrante #brasileirosemportugal #viveremportugal #brasileirosnaeuropa #covilhã,,Viajando com Caroline Mevie,2025-02-19T20:11:53Z,69,1,0
IDhCX8T-nKE,https://www.youtube.com/watch?v=IDhCX8T-nKE,Vivendo em Covilhã interior de Portugal e aproveitando os eventos,"❤️Olá, tudo bem com você?❤️
❤️Espero que esteja muito bem!❤️

Agradeço por assistir os vídeos e te convido a se inscrever no canal e acompanhar nossas aventuras em Portugal, que está só começando. 😍

Instagram  👉🏻  https://www.instagram.com/cris.mariaferreira/

Aproveitando o evento na cidade de Covilhã interior de Portugal, Fiada- feira internacional de artesanato e design, feira com  exposições de peças exclusivas criadas para o evento, chegamos cedo e aproveitamos para se deliciar com o pão de chouriço, e as bifanas que em todos os eventos não faltam.
Peço desculpas pois não deu pra deixar o som original por conta dos direitos autorais.



Obrigada❤️❤️❤️",Cris Maria na Europa,2023-09-02T05:15:00Z,335,15,7
E1ehgl480CU,https://www.youtube.com/watch?v=E1ehgl480CU,Apresentação Instalações AEBB - Tortosendo (Covilhã),"Vídeo de apresentação dos seguintes espaços no Tortosendo(Covilhã):
- Salas Teóricas;
- Salas de Informática;
- Auditórios;
- Cozinha;
- Cozinha Pedagógica;
- Panificação;
- Parques de estacionamento.
Consulte-nos!",AEBB - Associação Empresarial da Beira Baixa,2016-09-23T11:17:09Z,294,1,0
Ez6l6sQ1k1Q,https://www.youtube.com/watch?v=Ez6l6sQ1k1Q,"Greve geral: Centro Hospitalar Cova da Beira, Covilhã","Adesão à greve geral no Centro Hospitalar Cova da Beira, na Covilhã, com referências a outros sectores (justiça, escolas transportes).",Media Central,2025-12-11T10:42:33Z,263,1,0
9z41xefitI4,https://www.youtube.com/watch?v=9z41xefitI4,B-Art: Covilhã (Ep. 3),"Web-série sobre Arte Urbana. Neste episódio, explora-se a arte da cidade da Covilhã, pelo testemunho de quem vive, lado a lado, com ela todos os dias e dos seus criadores.

#BArt #OMuseuACéuAberto #ArteUrbana #ArteUrbanaPortugal #UrbanArt #UrbanArtPortugal #StreetArt #StreetArtPortugal #Graffiti
_______

Web-series about urban art. In this episode, we explore the art present in Covilhã, through the voice of those who live with it, side by side, everyday, and through the testimony of its creators.

#BArt #OMuseuACéuAberto #ArteUrbana #ArteUrbanaPortugal #UrbanArt #UrbanArtPortugal #StreetArt #StreetArtPortugal #Graffiti",B-Art Project,2021-07-10T17:21:40Z,118,11,1
dhtiGAXlLoI,https://www.youtube.com/watch?v=dhtiGAXlLoI,RODRIGO RAMOS - Covilhã Juntos fazemos Melhor,"O saber ser, o saber fazer, a experiência, as boas ideias, os bons projetos e o arrojo são fundamentais para a equipa que vai estar à frente dos destinos da Câmara Municipal da Covilhã, nos próximos anos e da qual faz parte o Rodrigo Ramos. O futuro é de todos e para todos e na reconstrução da Covilhã juntos fazemos melhor. O Rodrigo Ramos com a sua experiência e conhecimento vai dar um grande contributo para colocar novamente os Covilhanenses no centro das políticas municipais.",Covilhã Juntos fazemos melhor,2021-09-17T08:39:54Z,20,0,0
q7aH4KXlLwo,https://www.youtube.com/watch?v=q7aH4KXlLwo,Serra Da Estrela Covilhã Portugal a short tour 🥰,"@PortugalTourismPT @portugaltour @PortugalTourismPT @Ronaldparedesec @covilhamunicipio9991 @guardamunicipaldefortaleza9725 @fabianacbranco 
@PortoTourismOfficialPortal @lisbontour",W K Vlogs 🤩,2023-12-25T06:14:51Z,137,8,4
FrYEKrOvm-k,https://www.youtube.com/watch?v=FrYEKrOvm-k,Custou apenas 5€ a taxa🎉 #imigrantesemportugal #vidaemportugal #covilhã #vidadeimigrante #brasileira,,Viajando com Caroline Mevie,2025-02-01T17:40:29Z,98,3,0
QxWxXKJ5P88,https://www.youtube.com/watch?v=QxWxXKJ5P88,#brasileirosemportugal #imigrantesemportugal #vidadeimigrante #covilhã,,Viajando com Caroline Mevie,2025-03-08T16:18:56Z,173,14,0
02oivfh9wUc,https://www.youtube.com/watch?v=02oivfh9wUc,Se faltar dinheiro complica ❄️😅 #imigrantesemportugal #tempestadeherminia #covilhã,,Viajando com Caroline Mevie,2025-01-27T19:41:04Z,404,4,0
HXSqT4KL2TI,https://www.youtube.com/watch?v=HXSqT4KL2TI,Parque de Merendas / Serra da Estrela - Covilhã - Portugal,"Aproveitando o dia nesse parque lindo a 5km do centro de Covilhã. Possui banheiros, fonte de água mineral, churrasqueira e mesas para picnic!
Um ótimo local para passear com a família!",5 em Portugal,2024-07-10T18:18:19Z,185,13,1
GpHuLBtRq1o,https://www.youtube.com/watch?v=GpHuLBtRq1o,Não é meme 🤦🏻‍♀️ #imigrantesemportugal #vidaemportugal #vidadeimigrante #covilhã,,Viajando com Caroline Mevie,2025-01-26T14:38:10Z,36,1,0
o1B10MYOaoA,https://www.youtube.com/watch?v=o1B10MYOaoA,#brasileirosemportugal #imigrantesemportugal #vidaemportugal #covilhã #brasileira #imigrante,,Viajando com Caroline Mevie,2025-03-11T19:22:30Z,37,2,0
GZAqQgmGWag,https://www.youtube.com/watch?v=GZAqQgmGWag,I believe i can fly 🤣 #brasileirosemportugal #imigrantesemportugal #vidaemportugal #covilhã,,Viajando com Caroline Mevie,2025-03-16T18:08:21Z,37,2,0
_cBc6I__65c,https://www.youtube.com/watch?v=_cBc6I__65c,"Liga 3 Placard | Resumo | SC Covilhã 0 - 0 CD Mafra | Jornada 4, Série B","Liga 3 Placard | Puro Futebol

Acompanha as competições da FPF na app ou em https://canal11.pt
 
Vê todos os resultados em https://resultados.fpf.pt

Redes sociais: 
Instagram https://www.instagram.com/liga3fpf 
Facebook https://www.facebook.com/FPFLiga3

Site Oficial FPF | https://www.fpf.pt
Bilheteira Oficial | https://bilheteira.fpf.pt
Loja Oficial | https://portugalstore.fpf.pt
Clube de fãs | https://portugal.fpf.pt
Vem jogar| https://vemjogar.fpf.pt #Liga3Placard  #PuroFutebol  #SCCovilhã  #CDMafra  #Highlights",Federação Portuguesa de Futebol,2025-09-14T21:29:06Z,321,5,0
Tfy6givTZrQ,https://www.youtube.com/watch?v=Tfy6givTZrQ,A caminho das autárquicas na Covilhã,"Nas vésperas do arranque oficial da campanha eleitoral para as autárquicas, a TUBI faz um retrato do concelho da Covilhã e ouve as propostas dos candidatos. #noticias #covilhã #autárquicas2025",JornalismoUBI,2025-09-27T20:00:06Z,265,14,1
cVcvPGk46bo,https://www.youtube.com/watch?v=cVcvPGk46bo,Encontrada morta em casa na Covilhã,"Uma mulher foi encontrada morta em casa do companheiro, na Covilhã. Há suspeitas de que possa ter morrido por intoxicação por monóxido de carbono. No entanto, as autoridades aguardam os resultados da autópsia.
Encontrada morta em casa na Covilhã

Mais vídeos em: http://bit.ly/FalaPortugalSite

#FalaPortugal #RecordEuropa #Informação",Fala Portugal,2025-02-12T15:02:04Z,889,42,20
-DqnvUy4WcY,https://www.youtube.com/watch?v=-DqnvUy4WcY,Covilhã - 1921,"Filme realizado por Artur Costa de Macedo em 1921.
Faz parte dos arquivos da Cinemateca Portuguesa.",Covilhã Município,2015-02-04T11:57:33Z,3478,64,0
9kuvq4WHfjU,https://www.youtube.com/watch?v=9kuvq4WHfjU,"Liga 3 Placard | Resumo | SU 1º Dezembro 3 - 1 SC Covilhã | Jornada 4, Série B","Liga 3 Placard | Puro Futebol

Vê todos os resultados em:
Resultados | https://resultados.fpf.pt
Canal 11 | https://www.canal11.pt

Redes sociais:
Instagram https://www.instagram.com/liga3fpf
Facebook https://www.facebook.com/FPFLiga3

Site Oficial FPF | https://www.fpf.pt
Bilheteira Oficial | https://bilheteira.fpf.pt
Loja Oficial | https://portugalstore.fpf.pt
Clube de fãs | https://portugal.fpf.pt
Vem jogar| https://vemjogar.fpf.pt

#Liga3placard #PuroFutebol  #SU1Dezembro  #SCCovilhã  #Highlights",Federação Portuguesa de Futebol,2024-08-25T09:24:41Z,924,24,2
8foDBqvb9hU,https://www.youtube.com/watch?v=8foDBqvb9hU,TENS DE VIR AQUI (COVILHÃ) | FARIA DIAS,"Neste vídeo chegamos à Covilhã, vindos de Leiria e ficamos hospedados num hotel que foi outrora um sanatório muito famoso. A Fátima ficou esquinada com o passado entre aquelas paredes e só sossegou quando fomos embora 😂

Trajeto → https://maps.app.goo.gl/SKW6vWQxXFDRBUP66?g_st=iw

Hotel → https://www.pousadas.pt/en/hotel/pousada-serra-estrela?utm_source=google-my-business&utm_medium=organicsearch&utm_campaign=pousada-serra-estrela&tc_alt=114036

★★★★★★★★★★★★★★★★★

""QUERO APOIAR O CANAL"" → https://www.paypal.me/fariadiaspaypal 

★★★★★★★★★★★★★★★★★

-10% Cardo → https://cardosystems.rfrl.co/qeyx6

★★★★★★★★★★★★★★★★★

-30% CARPURIDE → https://carpuride.com/discount/FARIA?ref=vimpelofaria

★★★★★★★★★★★★★★★★★

-10% PROZIS CÓDIGO: FARIA  → https://www.prozis.com/117VZ  

★★★★★★★★★★★★★★★★★

SER MEMBRO DO CANAL →https://www.youtube.com/channel/UC62Un7yEJU0Q43Ls8o_tmMQ/join

★★★★★★★★★★★★★★★★★

+ DESCONTOS →  https://linktr.ee/fariadias

★★★★★★★★★★★★★★★★★

O MEU DIA-A-DIA → Instagram: https://www.instagram.com/fariadiasoficial/",FARIA DIAS,2024-08-14T20:10:43Z,8947,553,36
wWYgzR0-V0M,https://www.youtube.com/watch?v=wWYgzR0-V0M,Senhor dos Passos da Covilhã by Vitor Resende   Filarmonica Lira Bom Jesus ,,João Pereira,2026-04-04T00:11:45Z,2,0,0
Ena3XVek7F0,https://www.youtube.com/watch?v=Ena3XVek7F0,Descubra Covilhã: A Joia da Serra da Estrela,"""Descubra Covilhã: A Joia da Serra da Estrela"":

#Covilhã

#SerraDaEstrela

#Portugal

#BeiraBaixa

#Viagem

#TurismoPortugal

#CulturaPortuguesa

#Natureza

#HistóriaDePortugal

#Aventura

#Gastronomia

#ViverEmPortugal

#DescubraPortugal

#PaisagensDeslumbrantes

#CidadeHistórica

#PatrimónioCultural

#ExplorarCovilhã

#Montanha

#TradiçõesPortuguesas

#EstiloDeVida
21. #Covilha
22. #ExplorePortugal
23. #TravelVlog
24. #DescubreCovilhã
25. #TurismoEnPortugal
26. #DécouvrirCovilhã
27. #VoyageAuPortugal
28. #ScopriCovilhã
29. #TurismoPortoghese
30. #CovilhãEntdecken
31. #ReisenInPortugal
32. #Caminhadas
33. #AtividadesAoArLivre
34. #VidaNaSerra
35. #RiquezasNaturais
36. #CidadesDePortugal
37. #AconchegoPortugues
38. #ExperiênciasÚnicas
39. #LugaresIncríveis
40. #NaturezaIntocada
#Viajes, #Turismo, #Aventura, #DescubriendoElMundo, #ViajarEsVivir, #FotografíaDeViajes, #ExploraElMundo, #Vacaciones, #ViajesInolvidables, #RutasDeViaje
#Viagens, #Turismo, #Aventura, #DescobrindoOMundo, #ViajarÉViver, #FotografiaDeViagem, #ExplorarOMundo, #Férias, #ViagensIncríveis, #RoteirosDeViagem
#Travel, #Tourism, #Adventure, #DiscoverTheWorld, #TravelIsLife, #TravelPhotography, #ExploreTheWorld, #Vacation, #UnforgettableTrips, #TravelRoutes
#Wanderlust, #TravelBlogger, #InstaTravel, #TravelGram, #NatureLovers, #ExploreMore, #CulturalJourney, #BucketListAdventures, #RoadTripAdventures, #TravelAddict",Family Fun Travel ,2024-10-04T13:27:41Z,69,4,1
HtuGMHMiqiA,https://www.youtube.com/watch?v=HtuGMHMiqiA,CONHECENDO A COVILHÃ NO INTERIOR DE PORTUGAL T3.ep37 MELHOR CIDADE PARA VIVER EM PORTUGAL !,"DEIXE SEU COMENTÁRIO, SEU LIKE, E INSCREVA-SE NO CANAL.
Estamos viajando pelo mundo, nos acompanhe:
https://www.travellivre.com.br/
https://www.instagram.com/viajarlivrepelomundo
________________________________________________________
Apoiadores:
https://www.rotobr.com.br/  Peças para gás, Manômetros, Reguladores, Refrigeração
http://resfriar.com.br/   Geladeiras Automotivas, climatizadores
https://tendaro.com.br/  Barracas de teto, toldos
https://offlimits.com.br/ Amortecedores Especiais Offshox
Tecnocesca: Freio Hidrobuster  (48)99976-2668
https://mundopickup.com.br  Acessórios para pickups, Calhas de chuva (Prescalhas), capotas, Racks
_______________________________________________________________________
Vídeo mais Assistido: https://www.youtube.com/watch?v=qwDxqEU_EDs
________________________________________________________________________",Travel Livre,2022-11-15T10:24:06Z,2043,63,5
RD4hkDe3aIE,https://www.youtube.com/watch?v=RD4hkDe3aIE,CWTV Ep10 - Aprender e Empreender na Covilhã,Paulo Runa conta um pouco da sua trajetória e como será o carnaval de 2024.,Covilhã WebTV,2024-01-18T20:00:18Z,109,7,2
weijaE1ZdQw,https://www.youtube.com/watch?v=weijaE1ZdQw,Passeio pelo Paul - Covilhã #1362,#RibeiradoPaul #Paul #PraiaFluvialPontedeJuncais #FornosdeAlgodres #PontedeJuncais  #MotorhomeButterfiyPark #Subscreve #Obrigada #Liberdade #Vida #BeiraAlta #BeiraBaixa #SerradaEstrela #UnhaisdaSerra #Companheirismo #Passear #Motorhome #Portugal #AutoCaravanas #FozdoArelho #BoaVida ​​​ #DJI​​​​​ #Prazer​​​​​ #MavicAir2​​​​​  #FlyPro​​​​​ #Drones​​​​​ #SamoraCorreia​​​​  #Espanha #Mar  #Casarodante #RC_Bando #Asa #Peniche #Diversão #Amor #luisaeadriano #Alentejo #fatehpuri   #OsmoPocket2 #Filmora  #share_the_vidio_plese_thanks_bto #Covilhã #Fundão #Caminhos #SóGrelados #Santuário #NossaSenhoradasDores #CasteloBranco #Marateca  #BarragemdeSantaÁgueda #Paul,Luisa & Adriano,2022-05-07T17:02:36Z,1223,25,0
bfoYECoI4Gs,https://www.youtube.com/watch?v=bfoYECoI4Gs,"Uma ponte, um chafariz colorido e muito mais, no Jardim da Covilhã. Venham conhecer comigo!!!","Espaços públicos e património da Covilhã

A Praça do Município (ou do Pelourinho) é a principal praça e a mais central da Covilhã. Situa-se em pleno centro histórico. Há muitos anos, nela se podia admirar um pelourinho do século XVI que foi destruído, juntamente com o edifício filipino da câmara, aquando da reformulação deste espaço.

A Covilhã possui ainda grandes jardins e parques, como o Jardim Público, Jardim do Lago, Parque Alexandre Aibéo, Jardim de N. Sra. da Conceição e o Parque da Goldra.

Como monumentos classificados mais significativos, a cidade tem, entre outros, os seguintes imóveis:

Igreja de Santa Maria Maior — igreja barroca que tem a particularidade de ter a fachada coberta por azulejos;
Igreja de São Francisco — igreja gótica, pertenceu ao antigo Convento de S. Francisco;
Igreja da Misericórdia da Covilhã — igreja maneirista, situada no coração da cidade;
Capela de São João de Malta — pequena capela que, em tempos, pertenceu à Ordem de Malta;
Capela Românica de S. Martinho — capela românica. Trata-se da mais antiga edificação na cidade. Consta-se que aqui casou Pêro da Covilhã em 1478;
Capela do Calvário — capela gótica cujo interior foi coberto por talha dourada e pinturas alusivas à vida de Jesus Cristo.
Torre de São Tiago — edificada no século XIX, é um dos ex-libris da Covilhã por se avistar praticamente de qualquer ponto da cidade;
Real Fábrica de Panos — manufactura real, fundada pelo Marquês de Pombal em 1764. Actualmente reconvertida em Museu dos Lanifícios;
Muralhas da Covilhã — edificadas por ordem de D. Sancho I, mais tarde alargadas por D. Dinis. Ficaram muito danificadas pelo terramoto de 1755. Actualmente restam apenas alguns troços desta edificação.
Monumento a Nossa Senhora da Boa Estrela — Monumento esculpido na rocha em homenagem à padroeira dos pastores. Fica situado junto à Torre, ponto mais alto de Portugal Continental.
Museus
Museu de Arte Sacra da Covilhã
Museu de Lanifícios (da Universidade da Beira Interior)
Museu de Arte e Cultura da Covilhã
Museu do Queijo (Peraboa)
Centro Interpretativo da Cereja (Ferro)
Bandas filarmónicas do município da Covilhã
Existem ao todo oito bandas filarmónicas em atividade espalhadas por algumas freguesias do município, são elas:

Associação Filarmónica Sanjorgense — São Jorge da Beira
Banda Filarmónica Caseguense — Casegas
Filarmónica Recreativa Eradense — Erada
Banda Filarmónica do Paúl — Paúl
Sociedade Filarmónica Recreativa Estrela de Unhais da Serra — Unhais da Serra
Filarmónica Recreativa Cortense — Cortes do Meio
Associação Recreativa e Musical Covilhanense (Banda da Covilhã)
Filarmónica Recreativa Carvalhense — Vila do Carvalho

Ensino

2º e 3ª Ciclos
Escola Básica Pêro da Covilhã
Escola Básica de São Domingos (Vila do Carvalho)
Escola Básica do Paul
Escola Básica do Tortosendo
Escola Básica do Teixoso

Secundário
A nível do ensino secundário a cidade da Covilhã conta com três escolas, Escola Secundária Campos Melo (antiga escola industrial), Escola Secundária Frei Heitor Pinto (antigo liceu) e Escola Secundária Quinta das Palmeiras (antiga escola preparatória).
Escola Secundária com 3º ciclo do ensino básico de Campos Melo
Escola Secundária com 3º ciclo do ensino básico de Frei Heitor Pinto
Escola Secundária com 3º ciclo do ensino básico Quinta das Palmeiras

Profissional e Artístico
AFTEBI — Associação para a Formação Tecnológica e Profissional da Beira Interior
EPABI — Escola Profissional de Artes da Covilhã
Escola Profissional Agrícola Quinta da Lageosa (Aldeia do Souto)
Centro de Formação Empresarial da Cova da Beira (Tortosendo)
Conservatório Regional de Música da Covilhã

Universidade da Beira Interior
O ensino superior está presente na cidade da Covilhã desde a fundação do Instituto Politécnico, em 1973. Este acontecimento surgiu a partir das actividades do grupo de trabalho para o Planeamento Regional da Cova da Beira, tendo a instituição começado a receber os primeiros alunos dos cursos de Engenharia Têxtil e Administração e Contabilidade. No ano de 1979, o então Instituto Politécnico, converteu-se em Instituto Universitário da Beira Interior e, em 1986, o Instituto Universitário passa a Universidade da Beira Interior. O seu primeiro Reitor foi o Prof. Doutor Cândido Manuel Passos Morgado, seguindo-se o Prof. Doutor Manuel José dos Santos Silva, o Prof. Doutor João António de Sampaio Rodrigues Queiroz, atual diretor geral do ensino superior e, presentemente, o Prof. Doutor António Fidalgo. A UBI é frequentada por cerca de 8000 alunos repartidos pelas trinta e duas licenciaturas do primeiro ciclo de Bolonha, quarenta e seis mestrados do segundo ciclo de Bolonha e vinte e nove áreas de doutoramento.

Por: https://pt.wikipedia.org/wiki/Covilh%C3%A3",Portugal Revelado ,2023-10-29T19:30:07Z,135,3,0
VXn8Im6lCgE,https://www.youtube.com/watch?v=VXn8Im6lCgE,O lobisomem de Covilhã. Livro disponível na Amazon.,,emerson dos,2026-04-04T13:33:29Z,0,0,0
CO6_N3eQAZ4,https://www.youtube.com/watch?v=CO6_N3eQAZ4,Padaria Dias (Covilhã): Melhor Pão Natural de Portugal,"Padaria Dias (Tortozendo, Covilhã): Melhor Pão Natural de Portugal.
Reportagem efetuada pela TVI, programa A Tarde é Sua",Receitas Padaria,2017-09-16T10:00:01Z,6150,95,2
s5dzxwpu_1A,https://www.youtube.com/watch?v=s5dzxwpu_1A,Tuna-MUs | Covilhã Cidade Neve (VII HERMINIUS),"Interpretação de um tema de Amália Rodrigues no VII HERMINIUS. Uma música que representa a bela cidade que tão bem acolhe os estudantes.
 
Acompanhem-nos em https://www.facebook.com/tunamus

Instagram: tuna_mus

E-mail: tuna.mus@gmail.com",Tuna-MUs - Tuna Médica da UBI,2023-01-22T20:00:12Z,2690,31,1
qpkAMngWsng,https://www.youtube.com/watch?v=qpkAMngWsng,Liga 3 (2ª Fase): SC Covilhã 1 - 1 Académica - OAF,"SC Covilhã 1 - 1 Académica - OAF
Liga 3
2ª Fase - Apuramento de Campeão",Federação Portuguesa de Futebol,2024-04-07T21:10:47Z,997,23,0
S5DQ7TFK0vw,https://www.youtube.com/watch?v=S5DQ7TFK0vw,🏔️ Segredo Escondido em Covilhã: Minha Aventura Incrível no Alto da Serra da Estrela!,"🏔️ Segredo Escondido em Covilhã: Minha Aventura Incrível no Alto da Serra da Estrela!
#aventura, #Covilhã, #SerradaEstrela, #montanha, #natureza, #Portugal, #viagem, #exploração, #descoberta, #trilha, #caminhada, #paisagem, #montanhismo, #turismo, #vlog, #experiência, #aventureiro, #fotografia, #panorama, #verde, #paisagemportuguesa, #turista, #outdoor, #escalada, #vista, #montanhaportugesa, #viagemradical, #naturezaselvagem, #experienciaunica, #paisagemespetacular, #aventuraradical, #explorarportugal, #serra, #montanhoso, #paisagemdeslumbrante, #turismodeventura, #naturezaintocada, #fotografiadepaisagem, #viagemepica, #descobrindoportugal, #aventuranatureza",Family Fun Travel ,2025-01-23T19:00:15Z,129,9,0
b5MM0m-VSxw,https://www.youtube.com/watch?v=b5MM0m-VSxw,Mais um Natal na Covilhã em Portugal! PREPARE-SE para 2024 #81,"VLOG 81 - Mais um Natal que temos a oportunidade de viver aqui direto da Covilhã em Portugal.

Fique a vontade em comentar, o seu comentário é muito importante. 😀

AJUDE o canal a crescer compartilhe este vídeo!

Não clique aqui hein! https://tinyurl.com/53uwv377 👀

_____________________________________

Canal no Telegram com informações gratuitas:
https://t.me/MaeToEmPortugal

Grupo para Interação no Telegram:
https://t.me/MaeEstamosEmPortugal

_____________________________________

Nosso Instagram: 

https://www.instagram.com/jeffisuh
https://www.instagram.com/karine.suzy

_____________________________________

WISE (app de câmbio )
Transferir 500 euros sem tarifa é só acessar o link👇🏻

https://wise.com/invite/u/jeffersond489

_____________________________________

Deus em todo tempo é bom!

#portugal #brasileirosemportugal #moraremportugal #covilha",Jeff e Karine Vida em Portugal ,2023-12-24T18:00:17Z,434,55,34
5SwJG7oxFbY,https://www.youtube.com/watch?v=5SwJG7oxFbY,FELIZ NATAL! Muitas Novidades e Desafios que enfrentamos na Covilhã em Portugal #97,"VLOG 97 - Hoje é uma data especial e queremos desejar a você e a todos os que nos acompanham um Feliz Natal e também falarmos como está sendo nossos últimos dias e o que VOCÊ PRECISA SABER antes de imigrar para Portugal e viver aqui na Covilhã.

Fique a vontade em comentar, o seu comentário é muito importante. 😀

AJUDE o canal a crescer compartilhe este vídeo!

Não clique aqui hein! https://tinyurl.com/53uwv377 👀

_____________________________________
Capitulos:

02:36 Agradecimento Especial
05:03 A Grande Novidade que nos tirou o sono!
09:20 Como é a vida aqui na Covilhã
11:37 O motivo de escolhermos a Covilhã
15:28 O Sufocos e Desafios
20:09 Como são os Portugueses
28:41 A Luta que todo Imigrante de Bem vive
33:52 O que te motiva mudar para Portugal?
40:27 Conseguir trabalho na Covilhã
45:47 Considerações Finais e uma Mensagem Especial

_____________________________________
Transporte Público Covilhã e Fundão:

Covilhã Mobilidade (Transdev):
https://covilhamobilidade.pt/

Horários do Autocarro do Fundão:
https://atf.pt/Horarios.html

_____________________________________
Vídeos que você deve assistir se pensa em morar na Covilhã:

Custo de Vida no Interior de Portugal:
https://youtu.be/BXhVd4Ksg1Q

Tudo Sobre a Covilhã:
https://youtu.be/BVE2-yGA48g

_____________________________________
Bolsa de Empregos e Formação Profissional:

Associação Empresarial da Beira Baixa:
https://www.aebb.pt/

Instituto do Emprego e Formação Profissional:
https://iefponline.iefp.pt/IEFP/index2.jsp

_____________________________________
Links Úteis para sua estadia ou visita em Portugal:

Planilha Financeira 2024:
http://tinyurl.com/PlanilhaFinanceira2024

Onde pesquisar Trabalho na Covilhã:
https://tinyurl.com/BuscarTrabalhosCovilha

Onde encontrar imóveis na Covilhã:
https://tinyurl.com/LinksImoveisCovilha

Veja a média de valores dos imóveis pelo Idealista:
https://www.idealista.pt/arrendar-casas/castelo-branco/covilha/covilha/mapa-google

Lista das Empresas na Zona Industrial do Tortosendo:
https://tinyurl.com/ParqueIndustrialTortosendo

Lista das Empresas na Zona Industrial do Canhoso:
https://tinyurl.com/ParqueIndustrialCanhoso

_____________________________________
Supermecados para comparar preços Online:

Site do Supermercado Pingo Doce:
https://www.pingodoce.pt/

Site do Supermercado Continente:
https://www.continente.pt/

Site do Supermercado Auchan:
https://www.auchan.pt/

_____________________________________
Instagram:
https://www.instagram.com/karine.suzy

Canal no Telegram com informações gratuitas:
https://t.me/MaeToEmPortugal

Grupo para Interação no Telegram:
https://t.me/MaeEstamosEmPortugal

_____________________________________
WISE (app de câmbio )
Transferir 500 euros sem tarifa é só acessar o link👇🏻

https://wise.com/invite/u/jeffersond489

_____________________________________

Deus em todo tempo é bom!

#portugal #brasileirosemportugal #moraremportugal #covilhã",Jeff e Karine Vida em Portugal ,2024-12-25T20:00:05Z,1308,157,55
TwbeZOYnK-g,https://www.youtube.com/watch?v=TwbeZOYnK-g,Covilhã Descendo a Serra 🪚 da Estrela 🌟 em Portugal #musica #music #nostalgia #amor #anos90,,WAGNER TOP GEAR,2024-12-04T18:44:34Z,184,8,0
zPvWL_jtZlk,https://www.youtube.com/watch?v=zPvWL_jtZlk,Celebração da Paixão do Senhor | Sexta-Feira Santa | Igreja São José,This stream is created with #PRISMLiveStudio,Paróquia Nossa Senhora da Expectação,2026-04-03T20:33:29Z,515,14,0
Npl1vSww7fE,https://www.youtube.com/watch?v=Npl1vSww7fE,"Furblango at the Jardim Público da Covilhã, Portugal ",,Stuffed Animal Magick Shop,2026-04-03T16:40:36Z,0,0,0
69NCOJ7AEMY,https://www.youtube.com/watch?v=69NCOJ7AEMY,Covilhã: Entre História e Modernidad En La Serra da Estrela Portugal,"Covilhã: Entre História e Modernidade na Serra da Estrela
#Covilhã, #SerraDaEstrela, #Portugal, #História, #Cultura, #Modernidade, #Turismo, #Natureza,
#PatrimônioCultural, #AventurasNaSerra, #ExplorarCovilhã, #Caminhadas, #RotaDaLã,
#MuseuDosLanifícios, #CidadeDaLã, #BeiraBaixa, #AldeiasHistóricas, #CidadedeNeve,
#CenáriosNaturais, #VivaACidade, #ArquiteturaHistórica, #CulturaPortuguesa, #DescubraCovilhã,
#TurismoEmPortugal, #LugaresBonitos, #RiosEMontanhas, #PatrimônioNatural,
#Wanderlust, #ExploreNatureza, #CaminhosDePortugal, #ViagemEmPortugal,
#CovilhãMisteriosa (Inglês), #HeritageAndModernity (Inglês),
#SerraEstrela (Espanhol), #PatrimonioCultural (Português),
#NaturezaDeslumbrante (Português)",Family Fun Travel ,2024-10-25T19:00:04Z,72,1,0
O5Paur0FcZY,https://www.youtube.com/watch?v=O5Paur0FcZY,MCs Covilhã - Criminalidade,Mitras cantam sobre a localidade mais perigosa do mundo.,Zéminem,2020-05-20T15:00:19Z,1173,15,4
rzpq3eT0QmA,https://www.youtube.com/watch?v=rzpq3eT0QmA,Cortes do Meio Piscinas Naturais COVILHÃ 2025 HD,"Cortes do Meio refugia-se nas margens da sua ribeira semiglaciar, na vertente sul da Serra da Estrela, ribeira essa que pinta de azul os majestosos fragões que, atentamente, observamos a partir de qualquer ponto da aldeia.

A 15 km da Covilhã, a freguesia de Cortes do Meio estende-se desde o planalto das Penhas da Saúde até à verde planície do Ourondinho, a que correspondem 5 mil hectares de repousante beleza e colossal grandiosidade.

A esta Freguesia pertencem os lugares da Bouça, Cortes de Baixo, Ourondinho e Penhas da Saúde. Encaixada entre Unhais da Serra, Paul, Peso, Tortosendo, Vila do Carvalho, Manteigas e Covilhã, Cortes do Meio insurge-se através do encanto dos seus contrastes, observáveis por entre as encostas e os profundos vales que escondem segredos.
IN: https://www.freguesiacortesdomeio.pt",OlharesNaturais,2025-05-11T18:06:23Z,160,4,0
pMN8f5gEFfk,https://www.youtube.com/watch?v=pMN8f5gEFfk,Marchas Populares Cidade da Covilhã 2025 | GER Campos Melo,"Marchas Populares Cidade da Covilhã 2025
GER Campos Melo
É o maior número de sempre, desde que as Marchas foram retomadas.
Este ano, um total de doze Marchas participantes e três participações especiais, vão sair à rua nos dias 14 e 21 de Junho, nas Marchas Populares Cidade da Covilhã 2025.
Uma delas, é a Marcha do Grupo Educação e Recreio Campos Melo, GER Campos Melo, a sétima a desfilar.
""Com cor e alegria, aqui vem o GER mostrar a sua magia"", é o tema escolhido.",Beira Baixa TV,2025-06-04T11:03:26Z,105,1,0
WBqMpZktXvA,https://www.youtube.com/watch?v=WBqMpZktXvA,Burlavam idosos na Covilhã e no Fundão,"A GNR desmantelou uma rede criminosa, que se dedicava ao roubo e furto de ouro a idosos, na Covilhã e no Fundão. Quatro mulheres e um homem foram detidos.
 
Mais vídeos em: http://bit.ly/FalaPortugalSite

#FalaPortugal #RecordEuropa #Informação",Fala Portugal,2025-01-22T12:41:08Z,1169,44,11
_HVDMlEyOUQ,https://www.youtube.com/watch?v=_HVDMlEyOUQ,"covilhã, a cidade da serra da estrela Portugal","com emoção visitei os elevadores da Covilhã que era um sonho de muitos anos atrás e que eu não esperava que um dia fosse acontecer na minha vida, acompanhe minha trajetória aqui em Portugal 😊❤️",AQUI EM PORTUGAL,2023-11-12T20:03:15Z,1443,219,77
oGXczWcQFYQ,https://www.youtube.com/watch?v=oGXczWcQFYQ,Marchas Populares Cidade da Covilhã 2025 | União das Freguesias de Cantar Galo e Vila do Carvalho,"Marchas Populares Cidade da Covilhã 2025
União das Freguesias de Cantar Galo e Vila do Carvalho

São já uma marca consolidada entre os programas festivos da região.

Uma das mais ricas tradições populares e um ex-líbris da cidade da Covilhã.
Nas Marchas Populares Cidade da Covilhã 2025, a Marcha da União de Freguesias de Cantar Galo e Vila do Carvalho é a segunda a desfilar.

Vai prestar homenagem à profissão que é também o tema de 2025: ""Os Padeiros"".",Beira Baixa TV,2025-06-11T18:52:44Z,182,1,0
G4TqcNA8grg,https://www.youtube.com/watch?v=G4TqcNA8grg,"Liga 3 Placard | Resumo | UD Santarém 1 - 1 SC Covilhã | Jornada 3, Série B","Liga 3 Placard | Puro Futebol

Acompanha as competições da FPF na app ou em https://canal11.pt
 
Vê todos os resultados em https://resultados.fpf.pt

Redes sociais: 
Instagram https://www.instagram.com/liga3fpf 
Facebook https://www.facebook.com/FPFLiga3

Site Oficial FPF | https://www.fpf.pt
Bilheteira Oficial | https://bilheteira.fpf.pt
Loja Oficial | https://portugalstore.fpf.pt
Clube de fãs | https://portugal.fpf.pt
Vem jogar | https://vemjogar.fpf.pt

#Liga3Placard  #PuroFutebol  #UDSantarém  #SCCovilhã  #Highlights",Federação Portuguesa de Futebol,2025-08-23T19:29:24Z,580,10,1
dKfKFOBGqDY,https://www.youtube.com/watch?v=dKfKFOBGqDY,Santo Sepulcro - Procesión Viernes Santo Covilhã Portugal ,,Antony Flores,2026-04-04T09:27:33Z,5,2,0
l6N5BCGMDAc,https://www.youtube.com/watch?v=l6N5BCGMDAc,Covilhã. Centro - 2ª Parte. Castelo Branco. Portugal. #305,"Olá! Sejam bem vindos (as)!

 Segundo Vídeo gravado no Centro da Covilhã! Desta vez o vídeo foi iniciado na Rotunda (Rotatória) da Alameda Europa, próximo ao Serra Shopping.

Abaixo estão os Links de outros vídeos feitos na Covilhã:

Covilhã. Centro - 1ª Parte. Castelo Branco: https://youtu.be/DfRmnJ8vx1I
Feira de São Tiago. Covilhã. Castelo Branco. Portugal. #292 https://youtu.be/FS2Bh6Bk1kY
Covilhã. Centro Histórico. 1ª Parte: https://youtu.be/4vzbgr6afiw
Covilhã. Centro Histórico. 2ª Parte: https://youtu.be/lpMrQvQ2jmM
Covilhã. Centro Histórico. 3ª Parte: https://youtu.be/lpMrQvQ2jmM",Wagner Costa em Portugal,2025-02-16T12:00:06Z,267,18,0
31QssXqMr3w,https://www.youtube.com/watch?v=31QssXqMr3w,"Liga 3 Placard | Resumo | SC Covilhã 2-3 Sporting CP B | Jornada 1, Série B","Liga 3 Placard | Puro Futebol

Resultados | https://resultados.fpf.pt
Canal 11 | https://www.canal11.pt

Redes sociais:
https://www.instagram.com/liga3fpf https://www.facebook.com/FPFLiga3

Site Oficial FPF | https://www.fpf.pt
Bilheteira Oficial | https://bilheteira.fpf.pt
Loja Oficial | https://portugalstore.fpf.pt
Clube de fãs | https://portugal.fpf.pt
Vem jogar | https://vemjogar.fpf.pt

#Liga3Placard #PuroFutebol #SCCovilhã #SportingCPB",Federação Portuguesa de Futebol,2024-08-03T12:23:32Z,5966,101,3
kMO0jD15GGM,https://www.youtube.com/watch?v=kMO0jD15GGM,Minuto na Serra com Matilde Reymão - Episódio 03 (Covilhã),"Pronto para descobrir mais tesouros de Portugal? 🌟

O terceiro episódio da nossa série já está disponível! Acompanha-nos numa viagem emocionante pela Covilhã, onde exploramos alguns dos lugares mais encantadores com a nossa incrível embaixadora, Matilde Reymão @matildern

Neste episódio, a Matilde guia-nos através de:
🌲 Miradouro do Alto dos Livros - Consegue uma vista 360º sobre a paisagem dos vales da Cova da Beira!

💦 Cortes do Meio - É a natureza no seu estado puro! Onde abundam águas frescas, límpidas e cristalinas!

🏞️ Ribeira do Paul - Onde a Vila do Paul é atravessada pela Ribeira do Caia! É fácil deliciares-te com esta paisagem deslumbrante!

Cada um destes locais é uma janela para a rica história e beleza natural da Covilhã, revelados pelas palavras inspiradoras e experiências da Matilde!

Queremos saber quais foram os teus locais preferidos deste episódio!

Partilha nos comentários e continua a explorar connosco! 🌟

Projeto apoiado pelo Turismo de Portugal 🇵🇹

#ViajaPelaTuaSerraDaEstrela #ViajaPeloTeuInterior #VisitaPortugal #VisiteSerradaEstrela #SerraDaEstrela #CIMBSE #Covilhã",CIM Região Beiras e Serra da Estrela,2024-07-05T11:05:00Z,390,4,0
HoqnWMJC3PI,https://www.youtube.com/watch?v=HoqnWMJC3PI,"Desfile da Benção das Pastas da U.B.I., Covilhã a 17-5-2025","Desfile da Benção das Pastas da U B I, Covilhã a 17-5-2025, o momento grande na vida de Estudante da Universidade da Beira Interior...
-UBI Blessing of Folders Parade, Covilhã op 17-5-2025, het grote moment in het leven van een student aan de Universiteit van Beira Interior...
-Parad osvyachennya pasty v UBI, Kovilʹyan 17 travnya 2025 r., vyznachnyy moment u zhytti studenta Universytetu vnutrishnikh sprav Beyry...
-Parade zur Segnung der Pasta im U B I, Covilhã am 17.05.2025, der große Moment im Leben eines Studenten der Universität Beira Interior...
-Défilé de la Bénédiction des Pâtes à l'UB I, Covilhã le 17-5-2025, le grand moment de la vie d'un étudiant de l'Université de Beira Intérieur...
-Parade of the Blessing of Pastas at U B I, Covilhã on 17-5-2025, the great moment in the life of a Student at the University of Beira Interior...
http://videos.sapo.pt/beites/playview/2
https://www.dailymotion.com/jabeiteslp
https://jabeiteslp.blogs.sapo.pt/
https://anjodaesquina.blogs.sapo.pt/",TheBeites,2025-05-18T08:49:39Z,626,8,5
E6GCmOvPg08,https://www.youtube.com/watch?v=E6GCmOvPg08,"Volta a Portugal em Bicicleta 2025 - Etapa 7 » Covilhã (Torre) (20,1Km - 6.5%)","Ciclismo/Cycling
Etapa 7 » Sabugal › Covilhã (Torre) (179.3km) da 86ª Volta a Portugal 2025.",Mário Ramos,2025-08-22T12:16:11Z,1754,20,0
g7GutJKwO6A,https://www.youtube.com/watch?v=g7GutJKwO6A,"Liga 3 Placard | Resumo | UD Santarém 1 - 2 SC Covilhã | Jornada 6, Fase de Manutenção","Liga 3 Placard | Puro Futebol

Acompanha as competições da FPF na app ou em https://canal11.pt 
Vê todos os resultados em https://resultados.fpf.pt

Redes sociais: 
Instagram https://www.instagram.com/liga3fpf 
Facebook https://www.facebook.com/FPFLiga3
Site Oficial FPF | https://www.fpf.pt
Bilheteira Oficial | https://bilheteira.fpf.pt
Loja Oficial | https://portugalstore.fpf.pt
Clube de fãs | https://portugal.fpf.pt
Vem jogar| https://vemjogar.fpf.pt

 #Liga3Placard  #PuroFutebol  #UDSantarém  #SCCovilhã  #Highlights",Federação Portuguesa de Futebol,2025-03-30T21:28:29Z,506,16,3
iKpxO66UZ9U,https://www.youtube.com/watch?v=iKpxO66UZ9U,WOOL 2024 | Covilhã Arte Urbana (versão em português),"WOOL 2024 _ 11º edição
Covilhã, Portugal

6 - 16 Junho


Video
Realizadora _ Mariana Vasconcelos
Editor  _ Mariana Vasconcelos
Música _ Artlist + Silly & Fred
Tradução _ Mariana Vasconcelos
Grafismos _ Losers Studio


+ info
Organização _ WOOL - Covilhã Arte Urbana
Apoio _ Visit Portugal + Covilhã Município / Covilhã Cidade Criativa da Unesco
Apoio Institucional _ Alto Patrocínio de Sua Excelência o Presidente da República Portuguesa, Prof. Marcelo Rebelo de Sousa + Center of Portugal + Turismo  Centro Portugal
Mecenas _ BPI - Fundação ""la Caixa""
Patrocinador _ CIN
Parceiros Logísticos _ Sport Hotel Gym & Spa + Taberna A Laranjinha + Casa das Muralhas + Nata Lisboa Covilhã + Montiel + Varanda  da Estrela + Meeat! + Alkimya + par.mi.gia.no + Porta 32 + A Tentadora + MXC + Kraxas + Graph & Co + Toyota Caetano City + Viriatours + amb + Beira Serra - Associação de Desenvolvimento Local + Coviclass + PCP + Pena d'Água
Parceiros Programação _ Banda da Covilhã + Burel Factory + CISMA + Museu da Covilhã + New Hand Lab + Universidade da Beira Interior 
Parceiros Media _ Instagrafite + WOW - Women on Walls + Blocal + Público Antena3 + Canal180 + Gerador + Portugal Manual + Notícias da Covilhã + Fórum.
Comunicação _ Ricardo Rodrigues
Design Gráfico _ Losers Studio

Artistas _ SpY (ES) + Millo (IT) + MOTS (PT+PL) + Isaac Cordal (ES) + Mura (BR) + Daniela Guerreiro (PT) 
Residências Artísticas (música) _ Ana Lua Caiano & Adufeiras da Casa do Povo do Paul (PT) + Silly & Fred (PT) 
Música _ jesuíno (PT) + Robin Tolle (PT) + Saturation Divers (PT)
Circo Contemporâneo _ Coração nas Mãos (PT)
Workshops _ Samina (PT) 
Exposição _ ""Disto & Daquilo"" de Miguel Oliveira (PT) (WOOL +)
Filme _ ""Subimos Junt_s?"" de Vasco Mendes (PT) (WOOL +)
WOOL Talks _ Susan Hansen (UK) + Alice Pasquini (IT) + Laura Lara Sánchez (ES) + Alfredo Martínez Pérez (ES) + Lara Seixo Rodrigues (PT) + Luis García Alamán (ES) + Marina Bortoluzzi (BR) + Vitor Belanciano (PT) + Hugo Cardoso (PT) + Isabel Simões Pinto (PT) + María Esther Gutiérrez Morán (ES) + João Aidos (PT) + José Carlos Mota (PT)
RUA WOOL _ Martha Cooper (EUA) + DJ X-Acto (PT) Margarida Geraldes & Renato Folgado (PT) + Tear Sonoro + Jam Session by CISMA + Luana Lobato (BR) + Coé Tattoo + Caganita (PT) + A Avó Veio Trabalhar (PT) + Luísa Leão (BR) + Echoes (BR) + Jogos do Helder (PT) + Curtas na Capela by UBICinema + Rafaela Ciríaco da Graça + Umbra + Valice Atelier + Luís Fernandes + Alberto VargDraken + Gaby Oak + Norton Art + Helena Gadanho + Guilherme Silva 
Conversas com Artistas
Visita Guiadas 
Visita Guiada de Capacitação

Fotografia _ Miguel Oliveira


#woolfest #wool_urbanartfestival #covilhã #publicart #urbanart #streetart #socialart #community",WOOL | Covilhã Urban Art,2024-08-25T14:01:33Z,316,8,0
RrysHkEps2Y,https://www.youtube.com/watch?v=RrysHkEps2Y,"SERRA DA ESTRELA, Portugal, Covilhã Walking Tour - Immersive Sound [4K Ultra HD/60fps]","00:00 Road to Torre da Serra da Estrela, from Covilhã 
31:00 Arriving at Torre da Serra da Estrela
39:45 Road back from Torre da Serra da Estrela to Covilhã","Pé na Serra, Olho na Estrela",2023-08-22T05:09:04Z,461,16,3
zh_UBcgmavg,https://www.youtube.com/watch?v=zh_UBcgmavg,📍Covilhã - vlog/tour pela cidade ,"Gostaste do vídeo? Então subscreve! E segue me nas outras redes sociais 

TikTok: https://www.tiktok.com/@0ficial_077?_t=ZG-8z7DlF0cZMG&_r=1

Insta: https://www.instagram.com/0ficial_07?igsh=ZjF5b3IxOWowbDc4&utm_source=qr

Priv do insta: https://www.instagram.com/priv_otaldo7?igsh=MWNkOGVzNjUwOXM1Yg%3D%3D&utm_source=qr","O Tal do, 7",2025-08-23T11:57:45Z,68,9,2
15sEKiruy4s,https://www.youtube.com/watch?v=15sEKiruy4s,🔴 LIGA 3 PLACARD: SC LUSITÂNIA - SC COVILHÃ,"#canal11
#FutebolEmPortuguês

Consulta a nossa programação em: canal11.pt

👇
Segue-nos nas redes:
Facebook: https://www.facebook.com/Canal11
Instagram: https://www.instagram.com/canal_11/
Twitter: https://twitter.com/Canal_11Oficial",Canal 11,2024-09-16T04:43:49Z,5627,79,0
zl3ZsQY6Je4,https://www.youtube.com/watch?v=zl3ZsQY6Je4,Covilhã walk tour 2024 summer #covilhã #portugal #castelobranco,,Ladi's vlogs,2024-08-02T19:18:51Z,723,20,1
LYpRjzzPD1s,https://www.youtube.com/watch?v=LYpRjzzPD1s,"Liga 3 Placard | Resumo | SC Lusitânia 2 - 0 SC Covilhã | Jornada 5, Fase de Manutenção","Liga 3 Placard | Puro Futebol

Acompanha as competições da FPF na app ou em https://canal11.pt
Vê todos os resultados em https://resultados.fpf.pt

Redes sociais:
Instagram https://www.instagram.com/liga3fpf
Facebook https://www.facebook.com/FPFLiga3
Site Oficial FPF | https://www.fpf.pt
Bilheteira Oficial | https://bilheteira.fpf.pt
Loja Oficial | https://portugalstore.fpf.pt
Clube de fãs | https://portugal.fpf.pt
Vem jogar| https://vemjogar.fpf.pt 

#Liga3Placard  #PuroFutebol  #SCLusitânia  #SCCovilhã  #Highlights",Federação Portuguesa de Futebol,2025-03-15T18:33:11Z,506,12,1
FQa6eQ5kNNQ,https://www.youtube.com/watch?v=FQa6eQ5kNNQ,"Moradia T3 | Teixoso e Sarzedo, Covilhã | 342.000€","👉 Moradia T3 | Teixoso e Sarzedo, Covilhã | 342.000€ 🏚️

✨ Em Teixoso e Sarzedo, a 10 minutos da Covilhã e perto da Serra da Estrela, esta propriedade destaca-se por: 

➡️ Quinta com 14.580 m² 
➡️ Projeto aprovado para turismo rural 
➡️ Vistas panorâmicas 
➡️ Furo e mina com água 
➡️ 93 oliveiras e árvores de fruto. #shorts",Equipa Vânia Alves,2026-04-03T12:01:29Z,6,0,0
1y_s6VHslKk,https://www.youtube.com/watch?v=1y_s6VHslKk,"Incêndios na Covilhã, Pampilhosa e Seia sem controlo. Várias aldeias ameaçadas e estradas cortadas","A CentroTV é um canal online com sede na região Centro de informação just in time.

Sempre no Centro dos Acontecimentos!
www.centrotv.pt
www.facebook.com/Centrotv
www.instagram.com/centrotv",Centro TV,2025-08-19T07:59:34Z,2420,28,3
mTdxnu2gJFI,https://www.youtube.com/watch?v=mTdxnu2gJFI,Serra da Estrela e Covilhã em Portugal - Brindamos na neve,"INSCREVA-SE NO CANAL E CLICK NO SININHO 

Mais um corte do programa Assim é Portugal, nosso programa de TV exibido na TV MAX Rio, dirigido aos apaixonados por Portugal e quem quer conhecer a Pátria Mãe de Norte a Sul. 

Visitamos a Covilhã na companhia do escritor João Morgado, subimos até o ponto mais alto de Portugal e brindamos na neve no topo da Serra da Estrela.

Programa Assim é Portugal tem o objetivo de mostrar as principais potencialidades de Portugal, ideal para quem quer viajar para Portugal, morar em Portugal ou até mesmo estudar em Portugal. Mostramos os principais pontos turísticos de Portugal, não só os mais populares como Lisboa, Porto, Algarve, mas também os cantos escondidos de Portugal. Passeando pelas aldeias históricas de Portugal, matando saudades também dos imigrantes portugueses que não visitam Portugal a muito tempo, ou até mesmo descobrirem novas rotas.

O programa Assim é Portugal é apresentado por José Carlos Pereira, luso descendente apaixonado por Portugal há mais de 30 anos na comunicação social.

Assista ao programa completo no nosso site: http://www.assimeportugal.com Instagram: @assimeportugal 

Apresentação de José Carlos Pereira, 
Direção de Jorge Dubonet
Produção e Jornalismo: Raphael Gomes.",Assim Portugal,2022-06-21T01:47:38Z,4404,124,4
ox50QtnWEpM,https://www.youtube.com/watch?v=ox50QtnWEpM,O lobisomem de Covilhã. #olobisomemdecovilhã.   Livro disponível no Amazon ,,emerson dos,2026-04-04T12:22:58Z,1,0,0
YbVg3jFRZuQ,https://www.youtube.com/watch?v=YbVg3jFRZuQ,Conhecemos a Feira de São Tiago na Covilhã em Portugal,"Olá pessoal do meu canal, bora conhecer a Feira de S Tiago que acontece todos os anos em Covilhã.",CANAL TAS A VER OFICIAL,2023-07-24T11:11:54Z,522,11,0
qdZXlz2D7qg,https://www.youtube.com/watch?v=qdZXlz2D7qg,Aumentem o volume e sintam o que nós sentimos ontem na Covilhã! Incrível. Obrigado a Todos!NÉMANUS,Aumentem o volume e sintam o que nós sentimos ontem na Covilhã! Incrível… Muito Obrigado a Todos!!! NÉMANUS,Némanus,2023-10-20T14:30:48Z,1854,101,6
VO-W8--i18w,https://www.youtube.com/watch?v=VO-W8--i18w,"Luís Montenegro em comício na Covilhã, Castelo Branco","🎥 Atualidade PSDTV:
https://www.youtube.com/playlist?list=PLRerLsnsM0xBOme9GMk4mBJY0vb9Icthc

📰 Notícias PSD:
https://www.psd.pt/pt/noticias

📸 Fotografias dos últimos eventos:
https://www.flickr.com/photos/ppdpsd/albums",PSDTV,2024-02-28T15:30:09Z,1724,71,43
dknRxeSlcUI,https://www.youtube.com/watch?v=dknRxeSlcUI,era a mão de Deus #brasilemportugal #centralportugal #covilhã #castelobranco #eraamãodedeus,,Davi Patriota Castelo Branco Portugal ,2024-07-12T09:53:36Z,189,20,2
Q8YR4sfBfiE,https://www.youtube.com/watch?v=Q8YR4sfBfiE,COVILHÃ FÉRIAS #2  FOMOS VER NEVE! | CONSEGUI CONCRETIZAR UM SONHO!,"SOCIALS
Instagram:: @rjno0797
Twitch:: @propzrjpt",rpkoliver,2025-03-10T22:35:42Z,169,6,4
DfRmnJ8vx1I,https://www.youtube.com/watch?v=DfRmnJ8vx1I,Covilhã. Centro - 1ª Parte. Serra Shopping. Castelo Branco. Portugal. #293,"Olá! Sejam bem vindos (as)!

Mais um Vídeo na Covilhã! Desta vez o vídeo foi feito na Alameda Europa, próximo ao Serra Shopping, por isso o nome do Título do vídeo.

Abaixo estão os Links de outros vídeos feitos na Covilhã:

Feira de São Tiago. Covilhã. Castelo Branco. Portugal. #292 https://youtu.be/FS2Bh6Bk1kY
Covilhã. Centro Histórico. 1ª Parte: Esperando",Wagner Costa em Portugal,2024-09-01T09:54:13Z,296,25,3
15LS01fA7bI,https://www.youtube.com/watch?v=15LS01fA7bI,O lobisomem de Covilhã. É uma história de terror gótica. O livro está disponível no Amazon com 518p.,,emerson dos,2026-04-04T13:42:48Z,5,0,0
CJRUkPh6QPM,https://www.youtube.com/watch?v=CJRUkPh6QPM,O lobisomem de Covilhã. O livro está disponível na Amazon.,,emerson dos,2026-04-04T12:28:04Z,13,0,1
Ppq49a8QLew,https://www.youtube.com/watch?v=Ppq49a8QLew,"O lobisomem de Covilhã. Se passa em 1755, antes do Sismo. O livro está disponível na Amazon.",,emerson dos,2026-04-04T13:25:13Z,1,0,0
N_RRdCEXPG8,https://www.youtube.com/watch?v=N_RRdCEXPG8,@continente @mc_sonae está com este novo Bolo Rei Partilha #portugal  #covilhã  #moraremportugal,,CANAL TAS A VER OFICIAL,2024-12-10T15:27:58Z,109,4,0
b2D3xjwZWXc,https://www.youtube.com/watch?v=b2D3xjwZWXc,Conferência de Imprensa de Antevisão (FC Famalicão vs SC Covilhã - LEDMAN LigaPro 18/19),,Futebol Clube de Famalicão,2019-02-26T15:15:00Z,31,0,0
HIcxXOHl9O8,https://www.youtube.com/watch?v=HIcxXOHl9O8,Não compre roupa de frio no Brasil. #covilhã #frio #nortedeportugal #imigraçao,,Márcio Lopes na Europa,2023-12-27T14:24:22Z,2649,96,7
E4pNE94PZmg,https://www.youtube.com/watch?v=E4pNE94PZmg,O lobisomem de Covilhã.,,emerson dos,2026-04-04T13:07:15Z,8,0,0
dy_bSdGMVOA,https://www.youtube.com/watch?v=dy_bSdGMVOA,Exploring Cortes do Meio & Covilhã | Hidden Gems of Serra da Estrela 🇵🇹 |Malayali From Portugal ,"Hello friends welcome to Malayali From Portugal…
Discover the natural beauty of Cortes do Meio and Covilhã, two breathtaking destinations in the heart of Serra da Estrela, Portugal. 🌄 From stunning waterfalls and natural pools to charming mountain views and cultural traditions, this video takes you on a journey through some of the most authentic places in Portugal.

#MalayaliFromPortugal #CortesDoMeio #Covilhã #SerraDaEstrela #PortugalTravel",Malayali From Portugal,2025-10-01T13:30:02Z,88,11,2
Vg7AVWWqm_c,https://www.youtube.com/watch?v=Vg7AVWWqm_c,Mysteria vai invadir Aldeia do Carvalho 2024,"Covilhã 
Mysteria vai invadir Aldeia do Carvalho
O Mercado Encantado dinamizado pelo projeto Mysteria, vai estar na Aldeia do Carvalho, no concelho da Covilhã, durante os dias 2, 3 e 4 de Agosto.",Beira Baixa TV,2026-04-02T15:42:49Z,3,0,0
ou1pna6qfKk,https://www.youtube.com/watch?v=ou1pna6qfKk,O lobisomem de Covilhã.,,emerson dos,2026-04-04T12:19:09Z,8,0,1
zU5nyk3xEKc,https://www.youtube.com/watch?v=zU5nyk3xEKc,Rifa solidária Covilhã,"Oi! 😊

Estou organizando uma rifa para me ajudar com alguns custos mensais, principalmente com alimentação. Cada número custa 5€ e, para ficar ainda mais interessante, vou fazer 4 sorteios 🎁
Sorteio 1: Um jantar para 2 pessoas de 
Tábua de Picanha com 1 bebida para cada uma, 
 no Cowboy Grill Covilhã

Sorteio 2: Micro blading sobrancelha,
 na Joana Luzio Academy Covilhã

Sorteio 3: Um corte de cabelo 
no Seu Manel no Serra Shopping

Sorteio 4: kit com uma t-shirt, caneca e 
caneta  Oncomigo, da loja Anverso Design 

Se puderem participar ou compartilhar, já ajuda muito! 🙏  
Quem quiser um número, é só me chamar por aqui oi no instagram @ nanda_camboia.
Fazer um MBway:
932858005

Obrigado de coração pelo apoio 💛
Hoje por mim, amanhã por ti!
Nanda Camboia",CANAL TAS A VER OFICIAL,2026-04-04T15:43:54Z,128,2,0
odqtc3cW9KA,https://www.youtube.com/watch?v=odqtc3cW9KA,O lobisomem de Covilhã.                     livro disponível no Amazon.#olobisomemdecovilhã,,emerson dos,2026-04-02T20:51:58Z,268,3,1
AXfg-laziSc,https://www.youtube.com/watch?v=AXfg-laziSc,"o lobisomem de Covilhã, é um livro de terror gótico que se passa em Portugal no ano de 1755.",,emerson dos,2026-04-04T13:53:22Z,3,0,0
jMnGrj06Hhs,https://www.youtube.com/watch?v=jMnGrj06Hhs,Sismo de 1755. história contada no livro o lobisomem de Covilhã. Disponível na Amazon.,,emerson dos,2026-04-04T13:30:22Z,9,0,0
VxDvXguibQw,https://www.youtube.com/watch?v=VxDvXguibQw,O lobisomem de Covilhã.,,emerson dos,2026-04-04T13:35:34Z,2,0,0
Yt3xL4_k7Io,https://www.youtube.com/watch?v=Yt3xL4_k7Io,O lobisomem de Covilhã.,,emerson dos,2026-04-04T13:39:36Z,3,0,0
gHoSN7ZmsvQ,https://www.youtube.com/watch?v=gHoSN7ZmsvQ,Como funciona uma sessão,"Uma sessão fotográfica de retrato feminino começa muito antes da câmara. 

Começa com uma conversa. Falamos sobre a ideia da sessão. Sobre a roupa. Sobre o ambiente. Sobre aquilo que queres transmitir.

Planeamos juntos cada detalhe da tua sessão fotográfica em estúdio. Nada é improvisado. Assim, quando chega o momento da fotografia, podes simplesmente estar presente.

Sem pressão. Sem expectativas. Apenas tu.

📸 Retrato feminino em estúdio

📍 Covilhã | Portugal",João Lourenço Fotografia,2026-04-01T19:36:48Z,2,0,0
e6mI3dxWAkg,https://www.youtube.com/watch?v=e6mI3dxWAkg,"Para os portugueses no Canadá e um luso-canadiano em Portugal, o curling é ""voltar a casa""","#Renascença #curling #BolaBranca
Daniel mudou-se para Portugal há quatro anos e ""ficou maluco"" quando soube que havia curling na Covilhã. A Renascença foi espreitar uma aula especial com o jovem luso-canadiano, para perceber como vai o curling nacional.



Renascença em direto • https://rr.pt/

Instagram • https://www.instagram.com/renascenca/
TikTok • https://www.tiktok.com/@_renascenca
Facebook • https://www.facebook.com/renascenca/
X • https://twitter.com/Renascenca
Spotify • https://open.spotify.com/user/renascenca​
Reddit • https://www.reddit.com/user/Renascenca",Renascença,2026-03-31T10:59:15Z,269,7,2
qPJTcIm20iQ,https://www.youtube.com/watch?v=qPJTcIm20iQ,🌄 𝗫𝗫𝗜 𝗙𝗘𝗦𝗧𝗨𝗕𝗜 :: ESTUDANTINA ACADÉMICA DE CASTELO BRANCO,"Apresentamos a última tuna a concurso no XXI FESTUBI! Os nossos vizinhos albicastrenses sobem à serra para espalhar a sua alegria contagiante e fazer ecoar as vozes da Beira Baixa no palco do TMC~.

​Diretamente da capital de distrito, e mesmo longe de qualquer 𝘌𝘴𝘵𝘳𝘦𝘭𝘢 𝘥𝘰 𝘔𝘢𝘳, a @EstudantinaAcademicadeCa-xu8tx traz 𝘜𝘮𝘢 𝘍𝘭𝘰𝘳 𝘥𝘦 𝘝𝘦𝘳𝘥𝘦 𝘗𝘪𝘯𝘩𝘰 na lapela e o som inconfundível das suas 𝘉𝘢𝘭𝘢𝘭𝘢𝘪𝘬𝘢𝘴. Vêm avisar esses teus 𝘖𝘭𝘩𝘰𝘴 𝘕𝘦𝘨𝘳𝘰𝘴 de que, com eles, a festa dura sempre até ao 𝘈𝘮𝘢𝘯𝘩𝘦𝘤𝘦𝘳. ✨

​🎫 Vem cantar com eles! Adquire já o teu bilhete em https://www.ticketline.pt/evento/xxi-festubi-festival-de-tunas-da-ubi-103388, na bilheteira do TMC~ ou nos locais habituais.

Com a promessa de que ""𝘌́ 𝘱𝘰𝘳 𝘵𝘪 𝘲𝘶𝘦 𝘦𝘶 𝘤𝘢𝘯𝘵𝘰"", não vais querer perder a oportunidade de brindar com a Estudantina Académica de Castelo Branco no XXI FESTUBI, até à hora do 𝘈𝘥𝘦𝘶𝘴 𝘲𝘶𝘦 𝘮𝘦 𝘷𝘰𝘶 𝘦𝘮𝘣𝘰𝘳𝘢! 🏰

::

XXI FESTUBI - Festival de Tunas da Universidade da Beira Interior®
Organização: Associação Cultural Desertuna//Desertuna - Tuna Académica da Universidade da Beira Interior

::

#XXIFestubi #Covilhã #UBI #Desertuna #Tunas #EACB #CasteloBranco",Desertuna TAUBI,2026-04-04T13:07:52Z,82,1,0
nMhjQ3STDPg,https://www.youtube.com/watch?v=nMhjQ3STDPg,CD Trofense 0-1 FC Famalicão | 3.ª eliminatória Taça Portugal 22/23,"Um golo de belo efeito do panamiano Puma Rodríguez decidiu a partida frente ao Clube Desportivo Trofense, referente à 3.ª eliminatória da Taça de Portugal.",Futebol Clube de Famalicão,2022-10-16T18:07:33Z,1322,21,3
Rag9Y-RQUvs,https://www.youtube.com/watch?v=Rag9Y-RQUvs,Diversificar não aumenta só o potencial. Reduz o risco.,"Diversificar não aumenta só o potencial.
Reduz o risco.

E isso muda tudo.

💬 Onde está concentrado o teu património hoje?
Se quiseres entender melhor sobre este assunto, envia mensagem!

#Portugal #proteçãopatrimonial #investimentofinanceiro #Literaciafinanceira #covilhã",Evotero Cast,2026-04-03T17:03:10Z,4,0,0
CFD5CyI0ziY,https://www.youtube.com/watch?v=CFD5CyI0ziY,🌄 𝗫𝗫𝗜 𝗙𝗘𝗦𝗧𝗨𝗕𝗜 :: TUNA DE TECNOLOGIA DA SAÚDE DO PORTO,"O sotaque nortenho chega ao FESTUBI! Vindos da Invicta, a @TunaTS traz a sua boémia, a irreverência característica e, claro, a sua música!

Eles vêm do seu 𝘗𝘰𝘳𝘵𝘰 𝘥𝘦 𝘍𝘢𝘥𝘰 para nos trazer a verdadeira 𝘍𝘦𝘴𝘵𝘢 𝘥𝘢 𝘝𝘪𝘥𝘢 e prometem uma atuação 𝘏𝘦𝘳𝘰́𝘪𝘤𝘢 garantindo que ninguém arreda pé até ao 𝘜́𝘭𝘵𝘪𝘮𝘰 𝘈𝘤𝘰𝘳𝘥𝘦. Não há 𝘐𝘯𝘤𝘦𝘳𝘵𝘦𝘻𝘢 nenhuma: Se pensas ""𝘘𝘶𝘦𝘮 𝘮𝘦 𝘥𝘦𝘳𝘢 ir"", deixa-te de 𝘗𝘳𝘰𝘮𝘦𝘴𝘴𝘢𝘴 𝘉𝘢𝘯𝘢𝘪𝘴 e reserva já o teu lugar para que esta noite não seja um 𝘔𝘶𝘯𝘥𝘰 𝘗𝘦𝘳𝘥𝘪𝘥𝘰! 🍷

🎫 Adquire já o teu bilhete em https://www.ticketline.pt/evento/xxi-festubi-festival-de-tunas-da-ubi-103388, na bilheteira do TMC ou nos locais habituais.

𝘖𝘹𝘢𝘭𝘢́ 𝘵𝘦 𝘝𝘦𝘫𝘢 a aplaudir a Tuna TS - Tuna de Tecnologia da Saúde do Porto, no XXI FESTUBI! 🩻

::

XXI FESTUBI - Festival de Tunas da Universidade da Beira Interior®
Organização: Associação Cultural Desertuna//Desertuna - Tuna Académica da Universidade da Beira Interior

::

#XXIFestubi #Covilhã #UBI #Desertuna #Tunas",Desertuna TAUBI,2026-04-02T15:09:58Z,184,1,0
COr_IVfY6xg,https://www.youtube.com/watch?v=COr_IVfY6xg,Cantares ao Meninos em Escalos de Cima 2024,"""Cantares ao Menino"" em Escalos de Cima
A Associação Squalius, de Escalos de Cima, celebrou no sábado, mais uma vez, a tradição natalícia com a realização do evento “Cantares ao Menino”. A iniciativa acontece na Igreja Matriz de Escalos de Cima e conta com a atuação do grupo anfitrião, o Rancho Folclórico de Escalos de Cima e do Grupo Coral de Escalos de Cima.
No dia 21 de dezembro, o grupo desloca-se a Paul, no concelho da Covilhã, para participar em mais um encontro de Cantares ao Menino, mantendo viva a cultura e a música tradicional da época. Já no dia 29 de dezembro, o rancho marcará presença no evento de Natal de Castelo Branco.
Para finalizar 2024 em grande, a associação organiza, pela primeira vez em conjunto com o Clube Desportivo e Recreativo de Escalos de Cima, uma Passagem de Ano Associativa, no dia 31 de dezembro. Esta celebração promete unir a comunidade em momentos de convívio, animação e tradição, destacando o espírito associativo e festivo da freguesia",Beira Baixa TV,2026-04-02T18:33:22Z,5,0,0
SVNLWPg4rN8,https://www.youtube.com/watch?v=SVNLWPg4rN8,16 anos juntos,"Música Original : Mafalda Veiga - Cada gesto teu
Voz : Joana Barbosa e Tomáz Barbosa 
Gravação : @CryzanBeats 
Compusição músical : André Lima
Edição de vídeo : @FilipeLimaBarbosa",Filipe Lima Barbosa,2023-01-27T19:25:33Z,335,6,0
M7bu2mJuP80,https://www.youtube.com/watch?v=M7bu2mJuP80,FC Famalicão 1-1 Académico Viseu | 2.ª jornada Grupo H Allianz Cup 22/23,"O Futebol Clube de Famalicão deu, este sábado, o pontapé de saída na edição 2022/2023 da Allianz Cup. Depois da folga na jornada inaugural do Grupo H, o conjunto orientado por João Pedro Sousa recebeu o Académico de Viseu, tendo o jogo terminado com uma igualdade a um golo.",Futebol Clube de Famalicão,2022-11-26T18:41:58Z,458,13,0
OIen0nFFva8,https://www.youtube.com/watch?v=OIen0nFFva8,FC Famalicão 3 - 0 Cova da Piedade (17/18),,Futebol Clube de Famalicão,2019-02-26T15:24:40Z,94,1,0
9ozmVtEAMbk,https://www.youtube.com/watch?v=9ozmVtEAMbk,Não é sobre saber posar...,"Quase todas as mulheres que entram no estúdio dizem a mesma coisa: “Eu não sei posar.”
E sabes que mais? Isso nunca foi um problema.

Uma sessão fotográfica de retrato feminino não é um teste de poses. É um momento para te veres de outra forma.

No estúdio eu trato da luz. Eu trato da direção. Tu só precisas de estar presente.

Grande parte das mulheres que fotografo nunca tinha feito uma sessão fotográfica profissional. E no final dizem quase sempre a mesma frase: “Não sabia que me podia ver assim.”

📸 Retrato feminino em estúdio

📍 Covilhã | Portugal

#retratofeminino #sessaofotografica #fotografiacovilha #fotografoportugal #retratofemininoestudio",João Lourenço Fotografia,2026-04-01T19:37:37Z,72,1,0
CsOqYJgR9BY,https://www.youtube.com/watch?v=CsOqYJgR9BY,Académica Coimbra 3-0 FC Famalicão | 2.ª jornada fase de apuramento Taça Revelação 21-22,,Futebol Clube de Famalicão,2022-01-10T13:33:58Z,106,2,0
RvgvJs2RI3c,https://www.youtube.com/watch?v=RvgvJs2RI3c,Académico de Viseu 1 - 2 FC Famalicão (Taça de Portugal 14/15),Vitória do FC Famalicão em Viseu a contar para a Taça de Portugal. 🔵💪,Futebol Clube de Famalicão,2019-02-26T14:17:45Z,119,1,0
Spql-O1-J_c,https://www.youtube.com/watch?v=Spql-O1-J_c,FC Famalicão 2 - 0 FC Penafiel (LEDMAN LigaPro 18/19),,Futebol Clube de Famalicão,2019-02-26T15:57:30Z,152,3,0
2uJVwPcZt_Y,https://www.youtube.com/watch?v=2uJVwPcZt_Y,Beatriz Pais,Descrição,Kym Melo,2014-09-28T20:12:41Z,149,6,0
zlMXig4yuVM,https://www.youtube.com/watch?v=zlMXig4yuVM,Ao vivo -  TV Senado,"Nossas páginas: 
TV Senado (https://www12.senado.leg.br/tv#)
Senado Federal (https://www12.senado.leg.br/hpsenado)

Inscreva-se no nosso canal do YouTube: (http://www.youtube.com/channel/UCLgti7NuK0RuW9wty-fxPjQ?sub_confirmation=1) 

#TVSenado #SenadoFederal #Senado2026",TV Senado,2026-03-31T00:39:25Z,8251,115,0
JGgKBTfMaBg,https://www.youtube.com/watch?v=JGgKBTfMaBg,FC Famalicão renova frota automóvel,"A parceria com a Hyundai permitiu renovar a nossa frota automóvel, tendo sempre presente a preocupação com o meio ambiente 👌",Futebol Clube de Famalicão,2020-11-20T20:31:52Z,127,7,0
UKPBMrz_ZOI,https://www.youtube.com/watch?v=UKPBMrz_ZOI,FC Alverca x FC Famalicão | 4.ª eliminatória Taça de Portugal 21-22,"O Futebol Clube de Famalicão qualificou-se para os oitavos de final da Taça de Portugal após vencer, por 1-2, o Futebol Clube de Alverca. Depois de ter ido a perder para o intervalo, a equipa orientada operou a reviravolta em apenas três minutos e garantiu a passagem à próxima eliminatória da prova rainha.",Futebol Clube de Famalicão,2021-11-21T14:54:42Z,315,6,0
2XSB_keV8Ts,https://www.youtube.com/watch?v=2XSB_keV8Ts,Brasileiros na Covilhã - Desertuna ft. Orquestra Rural - Covilhã,"No espetáculo Música Rural, organizado pela Desertuna e com apresentação da Orquestra Rural, ambos os projetos uniram-se para apresentar o clássico hino da Tuna: Covilhã",Brasileiros na Covilhã,2022-05-22T14:23:07Z,288,20,0
7ynEksbOIXw,https://www.youtube.com/watch?v=7ynEksbOIXw,💖 Parque Natural da Serra da Estrela à Covilhã - Mais Portugal,"Parque Natural da Serra da Estrela à Covilhã 
https://youtu.be/7ynEksbOIXw
#portugaleassim 
@MaisPortugal",Mais Portugal,2020-10-31T10:25:59Z,1086,63,23
-W-A5BUjVc8,https://www.youtube.com/watch?v=-W-A5BUjVc8,Nosso Bairro no interior de Portugal | Conheça a Covilhã. Ep 14,"Vem conhecer a Covilhã conosco!
Hoje vamos fazer um passeio pela bairro aos arredores da Ponte sobre a Ribeira da Carpinteira, na cidade de Covilhã, interior de Portugal. 

A Covilhã realmente é muito bonita, venha e se encante. 

________________________________
Sabia que Portugal é muito mais que Lisboa, Porto e Braga?
Conheça e se apaixone pela Covilhã!
________________________________

Instagram

Patrícia: https://www.instagram.com/patricial1nhares/


Hudson: https://www.instagram.com/hudsonaap/


________________________________
#ConhecerPortugal #MoraremPortugal2021 #Covilhã #MarDaCovilha #ASerra",Centrados em Portugal,2021-02-26T21:10:17Z,6480,490,55
l-CZkvL-Eqs,https://www.youtube.com/watch?v=l-CZkvL-Eqs,"𝗘𝗥𝗔 𝗖𝗼𝘃𝗶𝗹𝗵𝗮̃, 𝗘𝗥𝗔 𝗙𝘂𝗻𝗱𝗮̃𝗼 e 𝗘𝗥𝗔 𝗦𝗲𝗶𝗮 - Equipa Serra Group ERA","Somos especialistas em cada bairro, conhecemos cada rua e cada vizinhança. Conhecemos muitas casas, mas sabemos qual será a sua.

Somos conselheiros e sobretudo somos vizinhos. Somos especialistas em imobiliário mas sabemos que o mais importante são as pessoas, por isso reunimos os melhores especialistas, para dar a melhor oferta a todos os clientes.

Queremos encontrar o sítio ideal para a sua família viver. Provavelmente já o encontramos. Venha conhecê-lo!

Mais informações contacte:

ERA Covilhã
Telefone: (+351) 275 329 410  (Chamada para a rede fixa nacional)
Website: http://www.era.pt/covilha
Facebook: http://www.facebook.com/eracovilha
Instagram: https://www.instagram.com/eracovilha/

ERA Fundão
Telefone: (+351) 275 107 971 (Chamada para a rede fixa nacional)
Website: http://www.era.pt/fundao
Facebook: https://www.facebook.com/ERAFundao
Instagram: https://www.instagram.com/erafundao/

ERA Seia
Telefone: (+351) 238 092 607 (Chamada para a rede fixa nacional)
Website: http://www.era.pt/seia
Facebook: https://www.facebook.com/ERASeiaImobiliaria
Instagram: https://www.instagram.com/eraseiaimobiliaria/

ALTITUDE - Mediação Imobiliária, Lda 
Licença AMI 6863",ERA Covilhã,2023-05-02T16:58:34Z,29220,7,0
it-bLt4Vec4,https://www.youtube.com/watch?v=it-bLt4Vec4,Ricardo Ribeiro e Pedro Jóia - Covilhã Cidade Neve,"LARGO DA MEMÓRIA disponível | available:
iTunes: http://smarturl.it/LargoDaMemoria
FnacPT: http://smarturl.it/Fnac-LargoDaMemoria

Facebook: https://www.facebook.com/RRibeirofado

Ricardo Ribeiro - Voz
Pedro Jóia - Guitarra
Vicky - Percussão
Yuri Daniel - Baixo
Rui Borges Maia - Flauta

Letra: Pedro Gonçalves
Musica: Nóbrega e Sousa

Website: http://www.ricardoribeiro.org/",Ricardo Ribeiro,2013-06-10T05:17:25Z,46830,507,17
1VWe67gVs9I,https://www.youtube.com/watch?v=1VWe67gVs9I,SC Covilhã 1-1 Benfica - Resumo | SPORT TV,"http://www.sporttv.pt
http://www.facebook.com/SPORTTVportugal
http://twitter.com/SPORTTVportugal
http://www.instagram.com/SPORTTVportugal
https://www.linkedin.com/company/sporttv/

Subscreve o nosso canal Youtube:
http://www.youtube.com/subscription_center?add_user=sporttv",sport tv,2019-12-03T22:55:03Z,13987,160,9
Chx5hEUHwcY,https://www.youtube.com/watch?v=Chx5hEUHwcY,Golo Aponza: SC Covilhã (2)-1 UD Oliveirense - Liga Portugal SABSEG | SPORT TV,"Faz download da nossa app em:
http://www.sporttv.pt/download

http://www.sporttv.pt
http://www.facebook.com/SPORTTVportugal
http://twitter.com/SPORTTVportugal
http://www.instagram.com/SPORTTVportugal
https://www.tiktok.com/@sporttvportugal
https://www.linkedin.com/company/sporttv/",sport tv,2023-05-06T22:03:42Z,1181,15,0
UjY9vl8WEIc,https://www.youtube.com/watch?v=UjY9vl8WEIc,Golo Aponza: SC Covilhã (2)-0 Benfica B - Liga Portugal SABSEG | SPORT TV,"#SportTV #LigaSabseg
SC Covilhã: Golo de Aponza! Através da marcação de uma grande penalidade.

http://www.sporttv.pt
http://www.facebook.com/SPORTTVportugal
http://twitter.com/SPORTTVportugal
http://www.instagram.com/SPORTTVportugal
https://www.linkedin.com/company/sporttv/

Subscreve o nosso canal Youtube:
http://www.youtube.com/subscription_center?add_user=sporttv",sport tv,2023-03-12T12:22:17Z,509,7,0
o7O_Ius6oro,https://www.youtube.com/watch?v=o7O_Ius6oro,"Covilhã, Portugal - um passeio rápido pelo centro",um passeio rápido pelo centro da cidade de Covilhã em Portugal ao pé da Serra da Estrela!,Família GigaLopes,2020-10-26T09:53:59Z,241,20,0
EOdHUS7DSco,https://www.youtube.com/watch?v=EOdHUS7DSco,Highlights | Resumo: SC Covilhã 2-2 Gil Vicente (Taça da Liga 22/23 - Fase 3 - Jornada 1),"#VSPORTS #AllianzCUP #TaçadaLiga
Empate a dois golos entre Covilhã e Gil Vicente dá um ponto a cada equipa após um jogo bem disputado e emocionante na segunda parte, com uma reviravolta em quatro minutos e um golo nos descontos.

VSPORTS na Rede: http://bit.ly/YT_vsports_pt
VSPORTS no Facebook: https://www.facebook.com/vsports.portugal
VSPORTS no Twitter: https://twitter.com/vsports_pt
VSPORTS no Instagram: https://www.instagram.com/vsports_pt",VSPORTS - Allianz Cup,2022-11-20T20:50:49Z,4347,80,5
zxsFNy27lMU,https://www.youtube.com/watch?v=zxsFNy27lMU,"Liga 3 Placard | Resumo | 1º Dezembro 1 - 1 SC Covilhã | Jornada 11, Série B","Liga 3 Placard | Puro Futebol

Acompanha as competições da FPF na app ou em https://canal11.pt

Vê todos os resultados em https://resultados.fpf.pt

Redes sociais:
Instagram https://www.instagram.com/liga3fpf
Facebook https://www.facebook.com/FPFLiga3

Site Oficial FPF | https://www.fpf.pt
Bilheteira Oficial | https://bilheteira.fpf.pt
Loja Oficial | https://portugalstore.fpf.pt
Clube de fãs | https://portugal.fpf.pt
Vem jogar| https://vemjogar.fpf.pt #Liga3Placard  #PuroFutebol  #1ºDezembro  #SCCovilhã  #Highlights",Federação Portuguesa de Futebol,2025-11-30T19:39:07Z,445,16,2
M29ip0K1ncU,https://www.youtube.com/watch?v=M29ip0K1ncU,Covilhã (Teaser) - Dizer Design,"Com mais de 800 anos de história e um memorável mas moribundo passado industrial, a Covilhã é hoje uma cidade de população envelhecida, incapaz de se reinventar apesar de albergar a única Universidade de toda a Beira Interior. Do curso de Design Multimédia saem anualmente mais de uma dezena de jovens designers, aos quais a cidade parece não oferecer condições para se instalarem de vez. Fomos falar com alguns dos actores do design de comunicação da Covilhã e trouxemos muito mais do que isto... Brevemente, em dizer.de/​sign",dizerdesign,2011-04-18T20:44:31Z,189,3,0
UrLKORn8exw,https://www.youtube.com/watch?v=UrLKORn8exw,CULTORGIA - História da Covilhã,"Começamos as nossas emissões do CULTORGIA, falando da história da cidade da Covilhã, outrora conhecida por Cava Juliana. Marcada pelos tempos áureos dos Lanifícios, a cidade ""Manchester"" produzia o melhor produto de lanifícios de Portugal. Restaurando as ruínas dos edifícios da Real Fábrica dos Panos, surgiu a Universidade da Beira Interior que tem dado vida à cidade nas últimas décadas. Não esquecendo a nossa obrigação em juntar cultura e comédia num programa só, não podes perder a rubrica de comédia e espaço musical que oferecemos. CULTORGIA, A DESORDEM VAI CONTINUAR!

Banda Sonora: Corrida: Arctic Monkeys - Brianstorm, http://www.youtube.com/watch?v=30w8DyEJ__0&ob=av2e
Separador Cultorgia: o peido mortal, http://www.youtube.com/watch?v=WxCCVNVYNqM
Momento Musical: Michel Teló - Ai se eu te pego, http://www.youtube.com/watch?v=hcm55lU9knw",Cultorgia,2012-02-06T01:47:52Z,4670,33,2
E_uwppXZYdM,https://www.youtube.com/watch?v=E_uwppXZYdM,Covilhã Congelante: Como é o Frio no Coração da Serra da Estrela,"“Inverno na Serra da Estrela: paisagens nevadas de tirar o fôlego, aldeias históricas encantadoras e sabores que aquecem a alma – do queijo cremoso às sopas tradicionais, cada momento é uma experiência inesquecível!”",Drone do Viajante,2025-09-15T20:47:14Z,1530,9,0
sO2vN976JbU,https://www.youtube.com/watch?v=sO2vN976JbU,INAUGURAÇÃO DO RENVADO TEATRO MUNICIPAL DA COVILHÃ,REVEJA AQUI ALGUNS MOMENTOS DA INAUGURAÇÃO DO RENOVADO TEATRO MUNICIPAL DA COVILHÃ,Covilhã Município,2021-11-16T11:07:28Z,237,5,0
PwBYJ-kkjbA,https://www.youtube.com/watch?v=PwBYJ-kkjbA,Apartamento T3 | Covilhã,"Apartamento T3 novono junto à Faculdade de Ciências da Saúde.
Fantástico apartamento T3 novo com acabamentos de luxo.
Tudo para o seu conforto.",Quinas Imobiliária,2021-10-11T21:03:07Z,150,1,0
pzBUgpWopFE,https://www.youtube.com/watch?v=pzBUgpWopFE,Quinta Histórica T10 com Piscina e Licença de Turismo | Covilhã,"Apresentamos-te esta imponente propriedade senhorial com 10 quartos, inserida numa paisagem deslumbrante no coração da Beira Interior. Com estilo colonial beirão e elementos arquitetónicos únicos, esta quinta é uma verdadeira joia do início do século XX.

✔️ Terreno com mais de 11.000 m²
✔️ 1.518 m² de área edificada
✔️ Licenças ativas para Habitação, Turismo e Serviços
✔️ Piscina, jardins amplos e zonas de lazer
✔️ A poucos minutos da Serra da Estrela e da cidade da Covilhã

🛏️ 10 quartos espaçosos, várias salas de estar e jantar, cozinha equipada e pormenores de charme como varandas em ferro forjado e azulejos pintados à mão.
🏊‍♂️ Espaços exteriores ideais para relaxar, realizar eventos ou dar continuidade ao projeto de alojamento turístico de excelência.

💡 Com documentação atualizada, esta propriedade é perfeita para:
- Turismo rural com elevado potencial de retorno
- Refúgio familiar de luxo
- Realização de eventos (casamentos, retiros, conferências)

📍 Localização estratégica na região centro, com procura turística todo o ano.

📲 Agende já a sua visita e descubra o potencial desta propriedade única.
Ref. Interna: QRJD2207 | AMI: 17382
Quality Real Estate – O seu sonho é o nosso compromisso.

🔔 Subscreva o canal para mais vídeos de propriedades exclusivas!
👍 Gostou do vídeo? Deixe o seu like e partilhe com alguém que procura um projeto especial como este!

#QuintaCovilhã  #TurismoRuralPortugal  #ImóveisDeCharme  #SerraDaEstrela  #InvestimentoImobiliário  #QualityRealEstate",Quality Real Estate,2025-06-26T11:11:46Z,75,0,0
Pc9Nu6hKgb0,https://www.youtube.com/watch?v=Pc9Nu6hKgb0,Golo Traquina: SC Covilhã (1)-1 CD Mafra - Liga Portugal SABSEG | SPORT TV,"#SportTV #LigaSabseg
SC Covilhã: Golo de Traquina!

http://www.sporttv.pt
http://www.facebook.com/SPORTTVportugal
http://twitter.com/SPORTTVportugal
http://www.instagram.com/SPORTTVportugal
https://www.linkedin.com/company/sporttv/

Subscreve o nosso canal Youtube:
http://www.youtube.com/subscription_center?add_user=sporttv",sport tv,2023-04-24T22:43:22Z,496,5,0
PWEAdvbYH8o,https://www.youtube.com/watch?v=PWEAdvbYH8o,Resumo: Ac. Viseu 1-0 SC Covilhã - Liga Portugal SABSEG | SPORT TV,"#SportTV #LigaSabseg 
Ac. Viseu-SC Covilhã: Fim da partida!

http://www.sporttv.pt
http://www.facebook.com/SPORTTVportugal
http://twitter.com/SPORTTVportugal
http://www.instagram.com/SPORTTVportugal
https://www.linkedin.com/company/sporttv/

Subscreve o nosso canal Youtube:
http://www.youtube.com/subscription_center?add_user=sporttv",sport tv,2023-03-19T16:44:28Z,1595,30,1
55Yw7hbWNAM,https://www.youtube.com/watch?v=55Yw7hbWNAM,Taça de Portugal 25/26 | 4ª Eliminatória (SC Covilhã 0 - 2 Lusitano GC),,Futebol Albicastrense,2025-11-23T10:47:33Z,310,1,0
c58kl1Y3Cbg,https://www.youtube.com/watch?v=c58kl1Y3Cbg,Covilhã Cidade Neve,"Provided to YouTube by CDBaby

Covilhã Cidade Neve · Banda da Covilhã

Covilhã Cidade Neve

℗ 2024 Afinaudio

Released on: 2024-10-26

Auto-generated by YouTube.",Banda da Covilhã - Topic,2024-10-30T05:29:50Z,248,4,0
lKNCt-jx1TM,https://www.youtube.com/watch?v=lKNCt-jx1TM,Covilhã 147 anos de Histórias para Contar,Descubra aqui alguns dos melhores momentos destes 147 anos de história !,Covilhã Município,2017-11-02T11:01:55Z,202,7,1
FnFeZdAPMwI,https://www.youtube.com/watch?v=FnFeZdAPMwI,Marcha OSM Covilhã 2024,,Bruno Bicho,2025-08-09T12:53:32Z,1283,7,0
MIXdBlVsx2I,https://www.youtube.com/watch?v=MIXdBlVsx2I,Covilhã e Serra da Estrela em Portugal,Fomos de Penamacor a Covilhã e no outro dia seguimos viagem de Penamacor até Leiria e passamos pela Serra da Estrela que há 9 dias já tinha começado a nevar por lá e fomos lá conferir.,Viagem Por Aí,2023-12-04T01:40:06Z,203,10,0
DudK8zASZbY,https://www.youtube.com/watch?v=DudK8zASZbY,D.A.M.A - Covilhã (Video Report),"Tour Lado a Lado - Covilhã
#ieodb #tourladoalado",D.A.M.A,2018-09-04T09:43:54Z,28700,1279,23
GzHyJnwnzv8,https://www.youtube.com/watch?v=GzHyJnwnzv8,"Neve, cachoeira e um vale glaciar: da Covilhã ao Poço do Inferno","Sabe quando o caminho é tão lindo quanto a chegada? Esse é um belo exemplo! Nesse vídeo mostro o trajeto até o Poço do Inferno, alguns detalhes do local e também um pouquinho do Vale Glaciar (que merece um vídeo só pra ele agora na primavera!).

Esse é o segundo episódio da nossa nova série sobre a Serra da Estrela (serão 5  entre 17/04 e 15/05). São dicas BEM objetivas pra quem deseja conhecer melhor essa região de Portugal.

Se você gosta de caminhos pedestres, nesses dois sites tem os percursos oficialmente demarcados nessa região:
http://www.cm-covilha.pt/?cix=924&tab=793&curr=867&lang=1
https://manteigastrilhosverdes.com/

Inscreva-se e conheça Portugal de um jeito diferente, sob o olhar de uma turma brasileira. Mais detalhes no site http://www.brasileirosnacovilha.com",Saia da Rotina,2021-04-24T22:30:04Z,760,59,16
WSGafwz7qiQ,https://www.youtube.com/watch?v=WSGafwz7qiQ,"Liga 3 (9.ª Jorn., Série B): SC Covilhã 4-3 Caldas SC","Liga 3
9.ª Jornada
Série B
SC Covilhã 4-3 Caldas SC

Canal oficial da Federação Portuguesa de Futebol
www.fpf.pt",Federação Portuguesa de Futebol,2023-10-28T18:33:02Z,4228,39,0
tIRe9wj09jo,https://www.youtube.com/watch?v=tIRe9wj09jo,"Fogo fora de controlo na Covilhã   Incêndios em Sátão, Trancoso e Tarouca","Os incêndios voltam a marcar o país.
Na Covilhã, o fogo continua fora de controlo, já chegou a freguesias como Erada e São Jorge da Beira e ameaça o concelho do Fundão.

Em Sátão e Trancoso, o grande incêndio entrou em fase de resolução, mas os bombeiros mantêm-se no terreno em vigilância reforçada.

Já em Tarouca, no distrito de Viseu, três frentes ativas preocupam as autoridades, com aldeias em risco, embora sem perigo imediato para as populações.

👉 Acompanhe no canal todas as atualizações sobre incêndios em Portugal.
Se este vídeo foi útil, deixa o teu gosto 👍 e subscreve para mais conteúdos.",Foco Soberano ,2025-08-18T17:48:07Z,888,19,0
Mhip5aK0KKM,https://www.youtube.com/watch?v=Mhip5aK0KKM,Duplo homicídio na Covilhã,"A Polícia Judiciária da Guarda está a investigar suspeitas de um duplo homicídio, na Covilhã. Dois irmãos foram encontrados mortos, na manhã desta segunda-feira, num terreno ermo em Unhais da Serra. Os dois homens estavam dados como desaparecidos há uma semana.

Mais vídeos em: http://bit.ly/FalaPortugalSite

#FalaPortugal #RecordEuropa #Informação",Fala Portugal,2025-03-04T12:47:01Z,4836,135,79
NZFZnvfFVJA,https://www.youtube.com/watch?v=NZFZnvfFVJA,Desertuna- Covilhã nas Estrelas ao Sábado by Radio Luso,"https://radio-luso1.wixsite.com/radioluso
https://radio-luso1.webnode.pt/
http://radio-luso.blogspot.com/
https://radio-luso1.webnode.pt/
https://radioluso.radiostream321.com/
https://radioonline.com.pt/luso/
https://onlineradiobox.com/ch/luso/?cs=ch.luso&played=1
www.youtube.com/RadioLuso
https://www.instagram.com/radioluso/
radio-luso1@hotmail.com",Radio Luso,2023-10-29T07:44:21Z,3694,40,2
nBfQrdXXYPM,https://www.youtube.com/watch?v=nBfQrdXXYPM,Incêndio na Covilhã longe de estar controlado,"Mais de 500 bombeiros estão no terreno. Fogo já atinge a Serra da Estrela

LEIA MAIS : https://pt.euronews.com/2022/08/07/incendio-na-covilha-longe-de-estar-controlado

Subscreva: https://www.youtube.com/c/euronewsportugues?sub_confirmation=1
Euronews TV em direto: https://www.youtube.com/c/euronewsportugues/live

euronews está disponível em 12 línguas: https://www.youtube.com/user/euronewsnetwork/channels

#World",Euronews em Português,2022-08-07T21:20:37Z,7059,137,72
azEDu5p-Az4,https://www.youtube.com/watch?v=azEDu5p-Az4,ANABELA - COVILHÃ CIDADE NEVE, ,Ricardo Nunes,2012-09-05T22:51:45Z,11066,109,3
GNINlQ0td60,https://www.youtube.com/watch?v=GNINlQ0td60,Moradia T4 -Quinta branca- Covilhã-322.500€,"Venha conhecer esta fantástica moradia com painéis para produção e venda de energia e furo para água.
Tudo para poupar e ser mais feliz!",Quinas Imobiliária,2024-01-05T03:23:24Z,97,1,0
j4uEEb_H_mo,https://www.youtube.com/watch?v=j4uEEb_H_mo,"Inauguração da Exposição no Museu de Arte Sacra da Covilhã | ""A Crença de Um Povo""","Inauguração

""A Crença de Um Povo"" 
Esculturas de papel de KUUL Portugal

6 de maio de 2017
16h30
Covilhã",Kuul Portugal,2017-05-06T21:37:30Z,423,20,0
eZL40OjolxQ,https://www.youtube.com/watch?v=eZL40OjolxQ,Pêro da Covilhã: O Espião que Abriu Caminhos,"Descubra a fascinante história de Pêro da Covilhã, o espião português que desbravou rotas para as Grandes Navegações! 🌊✈️ Com a sua astúcia e coragem, ele viajou por terras desconhecidas do Oriente Médio e da África, reunindo informações vitais que ajudaram Portugal a expandir seus domínios marítimos. ⚓ Conheça suas missões secretas e como ele contribuiu para abrir o caminho para a Era dos Descobrimentos. 🌍

👉 Assista até o final para se surpreender com os segredos dessa jornada histórica!
📚 Deixe seu like, inscreva-se e ative o sininho para mais vídeos sobre a história de Portugal!

#HistóriaDePortugal #PêroDaCovilhã #Descobrimentos #GrandesExploradores #ViagensHistóricas",History's Whisper Português,2025-01-09T17:00:42Z,237,9,0
W3UbC3ZJZ8Q,https://www.youtube.com/watch?v=W3UbC3ZJZ8Q,Liga 3: Lusitânia Lourosa FC 2 - 2 SC Covilhã,"Lusitânia Lourosa FC 2 - 2 SC Covilhã
 Liga 3
Apuramento de Campeão
9ª jornada",Federação Portuguesa de Futebol,2024-04-14T18:26:41Z,2286,30,1
MqcoKiGCTEc,https://www.youtube.com/watch?v=MqcoKiGCTEc,"Liga 3 Placard | Resumo | Académica OAF 0 - 1 SC Covilhã | Jornada 7, Série B","Liga 3 Placard | Puro Futebol

Acompanha as competições da FPF na app ou em https://canal11.pt
 
Vê todos os resultados em https://resultados.fpf.pt

Redes sociais: 
Instagram https://www.instagram.com/liga3fpf 
Facebook https://www.facebook.com/FPFLiga3

Site Oficial FPF | https://www.fpf.pt
Bilheteira Oficial | https://bilheteira.fpf.pt
Loja Oficial | https://portugalstore.fpf.pt
Clube de fãs | https://portugal.fpf.pt
Vem jogar| https://vemjogar.fpf.pt #Liga3Placard  #PuroFutebol  #Académica  #SC  #Covilhã  #Highlights",Federação Portuguesa de Futebol,2025-10-05T23:44:02Z,807,17,2
cbiEhycxqHM,https://www.youtube.com/watch?v=cbiEhycxqHM,REDE CICLÁVEL DA COVILHÃ,,Covilhã Município,2023-09-28T10:40:21Z,195,9,0
1-ZANFNwqI8,https://www.youtube.com/watch?v=1-ZANFNwqI8,A Espetacular e bem localizada Pousada Serra da Estrela. Covilhã.@portugaldiaadia esteva lá.,"A Espetacular e bem localizada Pousada Serra da Estrela. Covilhã.
@portugaldiaadia esteva lá.
https://www.facebook.com/portugaldiaadia
https://www.facebook.com/jorge.maia.39589
https://instagram.com/portugal_diaadia?igshid=MzNlNGNkZWQ4Mg==
#portugal_diaadia
@jorgedacostamaia
#jorgedacostamaiacostamaia #portugaldenorteasul 
#almada #laranjeiro #feijo  #setubal #lisboa #cacilhas #covilha #serradaestrela #pousadaserradaestrela",portugaldiaadia,2025-01-16T17:14:09Z,209,5,1
7vs2NAJVwZ0,https://www.youtube.com/watch?v=7vs2NAJVwZ0,Explorando Covilhã: História e Modernidade na Serra da Estrela,"Explorando Covilhã: História e Modernidade na Serra da Estrela 
#Covilhã, #SerraDaEstrela, #Portugal, #TravelPortugal, #ExploreCovilhã, #History, #Modernity, #Nature, #WoolIndustry, #CulturalHeritage,
#Tourism, #Adventure, #DiscoverPortugal, #VisitCovilhã, #PatrimonioCultural, #Montanhas, #BeiraBaixa, #LugaresBonitos,
#CulturaPortuguesa, #Viajantes, #Natureza, #Aventura, #HistóriaDePortugal, #Exploração,
#CovilhãCity, #SerraEstrelaNationalPark, #WoolMuseum, #JewishQuarter, #CaminhadasNaSerra,
#CovilhãTurismo, #ViagemEmPortugal, #LugaresHistóricos, #DescubraCovilhã,
#CovilhãExploration, #PatrimônioHistórico, #CulturaETradição#Covilhã (Portuguese),
#Ковилья (Russian),
#Covilha (Spanish),
#Ковилья (Ukrainian),
#コビリャ (Japanese)

#covilhã 
#travel #viajesporelmundo #travels #parqueacuatico 🇵🇹 #algarve #parqueaquatico #slidesplash #algarve #faro #viaje #aeropuerto #avion #vacaciones #playa #piscina #parqueacuatico #ferias #semanasanta2023 #saludmentalyemocional #saludmentaltiktok #saludmentalimporta #mastique #mastiqueytrague #mastiqueen #mastiqueytrague😘 #dieta #ferrari #twingo #renaul #carro #filtrosdetiktok #filtroshakira #shaki #europa #invierno #candy #antony #comida #shakira #pique #clara #chia #casio #mercedes #mujeres #poderosas #venezuela #nuevofiltro #nuevofiltrodetiktok #venezolanosenportugal #frio #invierno #portugal #portugal🇵🇹 #portugalviral #portugaltiktok #europa  #logratodoloquetepropongas #logros   #suerte #dinero #salud #exito #felicidad #cumpletusdeseos  #yzbcba #yzbcafypシ #fypシ   #you #yxbca #xyzbca  #parati #foryou #foryoupage  #yzbcaf #viral #tendencias2023 #tendencia #tendenciasdetiktok
#inmigrante #humor #vidareal_  #famosastiktoker #famosaslindas #famosas_de_tiktok #famosas #famosaa #familialusovenezolana  #venezolanosenelmundo #venezolanosporelmundo
#divertido #lusovenezolana  #parati #fyp #xyzbca #you #furyou #viral #travels #felicidad #familyfun #familyfuntravel #toysfamily #saratubers #paseo #felicidad  #disney #love #live #emocion #anilovers
#saratuber   #LoMejorEstaLlegando  #luso #venezolana #venezuela",Family Fun Travel ,2024-10-30T21:00:07Z,141,4,0
9ir1FwSS-PQ,https://www.youtube.com/watch?v=9ir1FwSS-PQ,"𝗘𝗥𝗔 𝗖𝗼𝘃𝗶𝗹𝗵𝗮̃, 𝗘𝗥𝗔 𝗙𝘂𝗻𝗱𝗮̃𝗼 e 𝗘𝗥𝗔 𝗦𝗲𝗶𝗮 na nossa magnífica Serra da Estrela","Mais informações contacte:
ERA Covilhã
Telefone: (+351) 275 329 410 (Chamada para a rede fixa nacional)
Website: http://www.era.pt/covilha
Facebook: http://www.facebook.com/eracovilha
Instagram: https://www.instagram.com/eracovilha/

ERA Fundão
Telefone: (+351) 275 107 971 (Chamada para a rede fixa nacional)
Website: http://www.era.pt/fundao
Facebook: https://www.facebook.com/ERAFundao
Instagram: https://www.instagram.com/erafundao/

ERA Seia
Telefone: (+351) 238 092 607 (Chamada para a rede fixa nacional)
Website: http://www.era.pt/seia
Facebook: https://www.facebook.com/ERASeiaImobiliaria
Instagram: https://www.instagram.com/eraseiaimobiliaria/

ALTITUDE - Mediação Imobiliária, Lda 
Licença AMI 6863",ERA Covilhã,2022-07-21T10:56:19Z,22165,11,0
mko_P7r9J3Q,https://www.youtube.com/watch?v=mko_P7r9J3Q,"Liga 3 Placard | Resumo | SC Covilhã 1 - 2 SC Lusitânia | Jornada 8, Série 2","Liga 3 Placard | Puro Futebol
Acompanha as competições da FPF na app ou em https://canal11.pt 
Vê todos os resultados em https://resultados.fpf.pt

Redes sociais: 
Instagram https://www.instagram.com/liga3fpf 
Facebook https://www.facebook.com/FPFLiga3
Site Oficial FPF | https://www.fpf.pt
Bilheteira Oficial | https://bilheteira.fpf.pt
Loja Oficial | https://portugalstore.fpf.pt
Clube de fãs | https://portugal.fpf.pt
Vem jogar| https://vemjogar.fpf.pt

#Liga3Placard  #PuroFutebol  #SCCovilha  #SCLusitania  #Highlights",Federação Portuguesa de Futebol,2025-04-16T22:04:02Z,1357,23,1
UVHbsbABVck,https://www.youtube.com/watch?v=UVHbsbABVck,"Liga 3 (15.ª Jorn., Série B): SC Covilhã 2-0 Amora FC","SC Covilhã 2 - 0 Amora FC
Liga 3
15ª jornada
Série B",Federação Portuguesa de Futebol,2024-01-17T17:50:34Z,1309,28,0
GdQPISubPCE,https://www.youtube.com/watch?v=GdQPISubPCE,BANDA DA COVILHÃ - Concerto de Gala 100% Português,"Banda da Covilhã - 154º Aniversário
Concerto de Gala 100% Português - 7 de dezembro de 2024
Teatro Municipal da Covilhã

Instrumentistas: Banda da Covilhã
Maestro: Carlos Almeida
Voz: Margarida Geraldes, Ângelo Barbosa, Coro Participativo, Vozes de Manhouce e Orquestra Académica Já b'UBI & Tokuskopus
Guitarra Portuguesa: Raquel Paixão",Banda da Covilhã,2025-02-03T15:31:15Z,435,16,2
xI0uuoJfKCY,https://www.youtube.com/watch?v=xI0uuoJfKCY,SERRA SHOPPING COVILHÃ  CENTRO COMERCIAL T3ep.48 PORTUGAL 2022,"Estamos viajando pelo mundo:
https://www.travellivre.com.br/
https://www.instagram.com/travellivre
________________________________________________________
Apoiadores:
https://www.rotobr.com.br/  Peças para gás, Manômetros, Reguladores, Refrigeração
http://resfriar.com.br/   Geladeiras Automotivas, climatizadores
https://tendaro.com.br/  Barracas de teto, toldos
https://offlimits.com.br/ Amortecedores Especiais Offshox
Tecnocesca: Freio Hidrobuster  (48)99976-2668
https://mundopickup.com.br  Acessórios para pickups, Calhas de chuva (Prescalhas), capotas, Racks
_______________________________________________________________________
Vídeo mais Assistido: https://www.youtube.com/watch?v=qwDxqEU_EDs
________________________________________________________________________",Travel Livre,2022-12-17T08:04:51Z,2607,55,4
JUS91t1estw,https://www.youtube.com/watch?v=JUS91t1estw,"Liga 3 Placard | Resumo | Sporting CP B 1 - 0 SC Covilhã | Jornada 10 , Série B","Liga 3 Placard | Puro Futebol

Vê todos os resultados em:
Resultados | https://resultados.fpf.pt
Canal 11 | https://www.canal11.pt

Redes sociais: 
Instagram https://www.instagram.com/liga3fpf 
Facebook https://www.facebook.com/FPFLiga3
Site Oficial FPF | https://www.fpf.pt
Bilheteira Oficial | https://bilheteira.fpf.pt
Loja Oficial | https://portugalstore.fpf.pt
Clube de fãs | https://portugal.fpf.pt
Vem jogar| https://vemjogar.fpf.pt

#Liga3Placard  #PuroFutebol  #SportingCPB  #SCCovilha  #Highlights",Federação Portuguesa de Futebol,2024-11-01T20:55:23Z,1079,24,3
olsJzO5AacM,https://www.youtube.com/watch?v=olsJzO5AacM,SC Covilhã 2 - 2 Atlético CP | Liga 3 (Ronda 4 Ap. Campeão),SC Covilhã 2 - 2 Atlético CP | Liga 3 (Ronda 4 Ap. Campeão),Federação Portuguesa de Futebol,2024-03-02T23:50:30Z,924,29,0
BmiRtDabfto,https://www.youtube.com/watch?v=BmiRtDabfto,Liga 3 (12.ª Jorn. Apur. Campeão): SC Covilhã 0 - 2 FC Alverca,"SC Covilhã 0 - 2 FC Alverca | Liga 3
12.ª Jornada Apuramento Campeão",Federação Portuguesa de Futebol,2024-05-05T12:53:22Z,1450,19,2
kCQucUcfXRY,https://www.youtube.com/watch?v=kCQucUcfXRY,Ponte das 3 entradas - Torre (pela Covilhã) - Ponte das 3 entradas,"Mais uma ida ao ponto mais alto de Portugal Continental - Torre (serra da estrela). 
Volta top em boa companhia. Foram 130 km e 2700 de subida acumulada. 
===============================================
Atividade do Strava: https://www.strava.com/activities/9995049754
===============================================
Vídeo gravado usando uma GoPro Hero 8, DJI Spark e Insta360.
===============================================
Vem dizer olá!
Facebook: https://www.facebook.com/gabriel.gameiro.37
Instagram: https://www.instagram.com/gabriel_tuxie/
Strava: https://www.strava.com/athletes/1337175
===============================================
Dá uma vista de olhos a outros vídeos do canal, como por exemplo:
https://youtu.be/CeSCdHZ0uTw
https://youtu.be/LqEuq7KEO1g

Musics: Artlist",Tuxie Ciclista,2023-10-08T19:17:10Z,860,35,6
5ShsZVerjHo,https://www.youtube.com/watch?v=5ShsZVerjHo,Pastel de Molho da Covilhã 2024,"Pastel de Molho da Covilhã
Na véspera do III Festival do Pastel de Molho da Covilhã, a Beira Baixa TV dá-lhe a conhecer como se faz esta iguaria típica, com o Mestre Pasteleiro Armando.
A massa, o recheio e o molho são as três componentes do Pastel de Molho da Covilhã, e cumprem requisitos obrigatórios.
O III Festival do Pastel de Molho da Covilhã acontece nos dias 28, 29 e 30 de junho, no Jardim das Artes, na Covilhã.
É organizado, entre outras entidades, pela Confraria da Pastinaca.",Beira Baixa TV,2026-03-23T17:08:33Z,18,0,0
dGrwkHSHaNU,https://www.youtube.com/watch?v=dGrwkHSHaNU,"De Campina Grande à Covilhã: ela casou, tirou o visto e foi pra Portugal em 30 dias!","🚀 Ela casou, tirou o visto e partiu pra Portugal em apenas 30 DIAS!
Sim… trinta. No meio de uma PANDEMIA. 😳

Rafaela enfrentou tudo: filas, documentos travados, medo, dúvidas… e mesmo assim, disse SIM.
Sim ao amor.
Sim a um novo país.
Sim a uma nova vida em Covilhã, no interior de Portugal.

✨ Essa é daquelas histórias que viram virada de filme. Mas é 100% real.
E o mais incrível? Ela compartilhou todos os detalhes com a gente no podcast.

🎧 Quer ouvir tudo? Vai lá no link da bio ou confere nos destaques: PODCAST.

👀 Se você tá aqui lendo, já sei: esse vídeo te tocou de algum jeito…
Então faz isso chegar longe:

🫶 CURTE se acredita em recomeços
📌 SALVA se sonha em morar fora
📤 COMPARTILHA com alguém que precisa de coragem
💬 COMENTA aqui: Você teria coragem de mudar sua vida assim?
🔔 SEGUE o canal pra mais histórias reais como essa!

#imigrarparaportugal #moraremportugal #históriasreais #covilhãportugal #brasileirosemportugal",Sou Pri Martins,2025-04-17T09:47:47Z,139,1,0
ocIt8LwWS1s,https://www.youtube.com/watch?v=ocIt8LwWS1s,VLOG - UMA ÓTIMA CIDADE PARA MORAR  EM PORTUGAL 🇵🇹 #portugal,#brasileirosemportugal #vivendoemportugal #mudança #cidade #imigrantesbrasileiros,Amanda Lopes Vivendo em Portugal 🇵🇹,2024-12-23T19:00:33Z,11590,1148,183
iO_5089G5Ww,https://www.youtube.com/watch?v=iO_5089G5Ww,O plano de Hélio Fazendeiro para a Covilhã do Futuro,"Catarina Duarte Fonseca e o João John acompanharam o novo autarca, eleito pelo Partido Socialista para a Câmara Municipal da ""Cidade Neve"", num percurso pelos pontos mais emblemáticos da Covilhã. Foi uma oportunidade para conhecer melhor o edil, a sua história familiar, passatempos e interesses, ao mesmo tempo que foram avançados os principais objetivos e metas traçadas para o mandato de 4 anos que começou em outubro.",Conta Lá,2025-12-26T20:15:02Z,984,17,0
ZP10OXczb-Y,https://www.youtube.com/watch?v=ZP10OXczb-Y,"Liga 3 Placard | Resumo | FC Oliveira Hospital 1 - 0 SC Covilhã | Jornada 9, Série 2","Liga 3 Placard | Puro Futebol

Acompanha as competições da FPF na app ou em https://canal11.pt
 
Vê todos os resultados em https://resultados.fpf.pt

Redes sociais: 
Instagram https://www.instagram.com/liga3fpf 
Facebook https://www.facebook.com/FPFLiga3

Site Oficial FPF | https://www.fpf.pt
Bilheteira Oficial | https://bilheteira.fpf.pt
Loja Oficial | https://portugalstore.fpf.pt
Clube de fãs | https://portugal.fpf.pt
Vem jogar| https://vemjogar.fpf.pt

#Liga3Placard  #PuroFutebol  #FCOliveiraHospital  #SCCovilhã  #Highlights",Federação Portuguesa de Futebol,2025-04-25T21:59:01Z,672,19,0
j2a--ERwP9E,https://www.youtube.com/watch?v=j2a--ERwP9E,"Liga 3, 3.ª jorn. (Série B): SC Covilhã 1-1 Atlético CP","Liga 3, 3.ª jorn. (Série B): SC Covilhã 1-1 Atlético CP",Federação Portuguesa de Futebol,2023-08-19T09:18:55Z,1263,29,1
gertXILeJKE,https://www.youtube.com/watch?v=gertXILeJKE,"Liga 3 Placard | Resumo | SC Covilhã 3 - 4 Académica OAF | Jornada 11, Série B","Liga 3 Placard | Puro Futebol

Acompanha as competições da FPF na app ou em https://canal11.pt
Vê todos os resultados em https://resultados.fpf.pt

Redes sociais:
Instagram https://www.instagram.com/liga3fpf
Facebook https://www.facebook.com/FPFLiga3
Site Oficial FPF | https://www.fpf.pt
Bilheteira Oficial | https://bilheteira.fpf.pt
Loja Oficial | https://portugalstore.fpf.pt
Clube de fãs | https://portugal.fpf.pt
Vem jogar| https://vemjogar.fpf.pt

#Liga3Placard  #PuroFutebol  #SCCovilhã  #AcadémicaOAF  #Highlights",Federação Portuguesa de Futebol,2024-11-11T10:07:14Z,1520,34,2
ZvVHHM9GN1g,https://www.youtube.com/watch?v=ZvVHHM9GN1g,Bombeiro morre em acidente na Covilhã,"Um bombeiro da Covilhã morreu este domingo num acidente de viação. Outros quatro operacionais ficaram feridos com gravidade, depois de a viatura ter caído numa ribanceira.

Mais vídeos em: http://bit.ly/FalaPortugalSite

#FalaPortugal #RecordEuropa #Informação",Fala Portugal,2025-08-19T12:21:24Z,713,38,8
_fanCbLo8ao,https://www.youtube.com/watch?v=_fanCbLo8ao,CWTV EP05 - O Mercado Imobiliário de Portugal - Covilhã e os grandes centros.,"Este episódio foi muito esclarecedor, fala sobre o mercado imobiliário em Portugal, dos grandes centros e da Covilhã. Foram abordados temas importantes, como a questão econômica atual, bolha imobiliária, o porquê do aumento dos preços dos imóveis, incluindo arrendamentos, oferta e demanda, oportunidades de investimento no interior e o profissional do imobiliário. 

Assuntos que deixarão você com mais informações para uma melhor decisão antes de comprar, vender ou alugar um imóvel.  

Esperamos que gostem.

## AGRADECIMENTOS ##

AO NOSSO PATROCINADOR - CAMADA QUATRO - www.camadaquatro.com

AOS NOSSOS CONVIDADOS: JORGE RODRIGUES E PEDRO FAEL - GRUPO PRUMMO
www.prummo.pt | covilha@prummo.pt | +351 275 323 575

AO NOSSO HOST: BRUNO LARANGEIRA - @brunolarangeiraoliveira

AO ESTÚDIO BMAX MÍDIA - @bmaxmidia",Covilhã WebTV,2023-10-26T19:00:30Z,584,36,7
9TeL-twnXDQ,https://www.youtube.com/watch?v=9TeL-twnXDQ,🔴 LIGA 3 APURAMENTO CAMPEÃO: SC COVILHÃ - FC FELGUEIRAS,"#canal11
#FutebolEmPortuguês

Consulta a nossa programação em: canal11.pt

👇
Segue-nos nas redes:
Facebook: https://www.facebook.com/Canal11
Instagram: https://www.instagram.com/canal_11/
Twitter: https://twitter.com/Canal_11Oficial",Canal 11,2024-05-19T16:50:50Z,12081,138,1
W9btRsZ73C8,https://www.youtube.com/watch?v=W9btRsZ73C8,"AMÁLIA    -   Covilhã, Cidade Neve","Teatro Cine Covilhã
Comemoração dos 121 Anos da Elevação da COVILHÃ A Cidade.
Acompanharam:  Guitarra Portuguesa,  Ricardo Rocha e Carlos Gonçalves
Viola de Fado, Lelo Nogueira e Viola Baixo,  Joel Pina
«»«»«»
Uma Composiçaõ: Letra de Joaquim Pedro Gonçalves e Música de  Nóbrega e Sousa
(dois pequenos apontºs. à Capela: Senhora do Amparo Martírios)",Edelweiss,2017-06-30T18:49:49Z,4731,83,4
2zfIlyB4xao,https://www.youtube.com/watch?v=2zfIlyB4xao,Reportagem - Covilhã - Praça da Alegria,"Tradição e cultura serrana, gastronomia e decoração em burel
Praça da Alegria
praca.da.alegria@programas.rtp.pt",RTP,2010-02-22T09:24:15Z,415,1,0
OamW2auhrL8,https://www.youtube.com/watch?v=OamW2auhrL8,"Pêro da Covilhã, o maior espião da História de Portugal. Dominava o árabe. Sabia ?","História de Portugal, Pêro da Covilhã, Cidade de Santarém, Cidade da Covilhã, espionagem, conquistas, Portugal, cristãos, mouros, egipcios, Indianos, heróis nacionais, @GoncaloSousaYT, @Observador, @Miguel Macedo, @caiooalemao, @AcorDoDinheiro,@AlexandroGuerreiro PT,@joselino MZ,@ernesto Castro, @CHEGATV, @Alexandre Sousa, @franciscofernandes3602, @sergio tavares, @canalsergiotavares@Miguel Macedo | O Segundo, Angola, Brasil, Moçambique, Bélgica, Luxemburgo, França,, Suiça, Suíça, Alemanha, Espanha, Andorra, UK, Reino Unido, Inglaterra",Crislusa,2024-04-04T14:15:06Z,770,44,0
D-Z6M0Sn3P8,https://www.youtube.com/watch?v=D-Z6M0Sn3P8,Flávia Pereira - Covilhã cidade neve,"Ficha Técnica
Música | Nóbrega e Sousa
Letra | Joaquim Pedro Gonçalves
Guitarra Portuguesa | Rui Poço
Viola de Fado | Rui Marques
Viola Baixo | Diogo Pinto
Acordeão | Paulo Geraldes

Gravado nos SG ESTÚDIOS
Mistura/masterização | Paulo Geraldes",Flávia Pereira,2020-11-21T01:22:08Z,6395,179,0
Swh_cNrSjzA,https://www.youtube.com/watch?v=Swh_cNrSjzA,CORTEJO LATADA COVILHA 2025 - UBI UNIVERSIDAD BEIRA INTERIOR ,#parade #Desfile #Latada #Coimbra #porto #Lisboa #Aveiro #covilhã #Guarda #,Antony Flores,2025-10-15T21:00:34Z,685,1,0
l-L1Y7y92hs,https://www.youtube.com/watch?v=l-L1Y7y92hs,"Cidade da Covilhã  | City of Covilhã, Portugal 🇵🇹","Imagens da Cidade da Covilhã uma cidade simpática
#covilhã #portugal #turismo #city #viral",Giovani Puma,2023-10-28T09:30:07Z,1281,7,0
Z5M-XP0lvSs,https://www.youtube.com/watch?v=Z5M-XP0lvSs,Liga 3 (2.ª Jorn. 2.ª fase): SC Covilhã 0 - 1 Lusitânia Lourosa FC,Liga 3 (2.ª Jorn. 2.ª fase): SC Covilhã 0 - 1 Lusitânia Lourosa FC,Federação Portuguesa de Futebol,2024-02-18T22:26:04Z,1081,16,0
Uy4eceN5zeI,https://www.youtube.com/watch?v=Uy4eceN5zeI,"Liga 3 Placard | Resumo | SC Covilhã 0 - 1 SU 1º Dezembro | Jornada 2, Série B","Liga 3 Placard | Puro Futebol

Acompanha as competições da FPF na app ou em https://canal11.pt
Vê todos os resultados em https://resultados.fpf.pt

Redes sociais: 
Instagram https://www.instagram.com/liga3fpf 
Facebook https://www.facebook.com/FPFLiga3
Site Oficial FPF | https://www.fpf.pt
Bilheteira Oficial | https://bilheteira.fpf.pt
Loja Oficial | https://portugalstore.fpf.pt
Clube de fãs | https://portugal.fpf.pt
Vem jogar| https://vemjogar.fpf.pt

#Liga3Placard  #PuroFutebol  #SCCovilhã  #SU1ºDezembro  #Highlights",Federação Portuguesa de Futebol,2025-08-18T09:23:41Z,496,16,0
pRJ8nbVARrI,https://www.youtube.com/watch?v=pRJ8nbVARrI,"Liga 3 Placard | Resumo | SC Covilhã 1 - 3 Atlético CP | Jornada 16, Série B","Liga 3 Placard | Puro Futebol
Acompanha as competições da FPF na app ou em https://canal11.pt
Vê todos os resultados em https://resultados.fpf.pt
Redes sociais:
Instagram https://www.instagram.com/liga3fpf
Facebook https://www.facebook.com/FPFLiga3
Site Oficial FPF | https://www.fpf.pt
Bilheteira Oficial | https://bilheteira.fpf.pt
Loja Oficial | https://portugalstore.fpf.pt
Clube de fãs | https://portugal.fpf.pt
Vem jogar| https://vemjogar.fpf.pt #Liga3Placard  #PuroFutebol  #SCCovilhã  #AtléticoCP  #Highlights",Federação Portuguesa de Futebol,2025-01-12T18:24:31Z,666,20,0
VAzNp8PUawc,https://www.youtube.com/watch?v=VAzNp8PUawc,Portugal Covilha 4K 🇵🇹  street #rain #portugal #Europe,#portugal #europe #phd #india #indiantraveller #life #studentlife #shots #subscribe #youtuber #apostille #studymotivation #studyabroad #howto #applyonline #apply #admission #abroad #bachelor #master #phdposition #documents #document #mandatory #indiangirl #indianstudents #support #supportme #subscribetomychannel #youtubevideos #trending #viral #trend #education #motivation #motivational #studentlifestyle #studywithme #studyinportugal,Portugal 🇵🇹 ,2022-11-21T21:22:23Z,5472,121,12
5wlKnov1zLM,https://www.youtube.com/watch?v=5wlKnov1zLM,Um dia em Covilhã na Serra da Estrela na Primavera,"Um dia de primavera em Covilhã, na Serra da Estrela, o ponto mais alto de Portugal!

Neste vídeo eu te mostro um pouco do centro de Matosinhos, onde o dia-a-dia da cidade acontece de verdade e onde você vai ter que resolver algumas burocracias se vier morar aqui :)


Já me segue no instagram? :)
https://www.instagram.com/gabrielsap

Meu trabalho com fotografia comercial:
https://www.glimtmidia.com
https://www.instagram.com/glimtmidia

Meu trabalho com casamentos e ensaios:
https://www.gabrielsapfotografia.com
https://www.instagram.com/gabrielsapfotografia

#matosinhos #portophotographer #fotografoporto #portugalweddingphotographer #portugalphotographer #sonya7iii #weddinginspiration #wowgo3x",Gabriel SAP,2021-06-06T22:00:01Z,1457,117,19
Ex2oQwga6_o,https://www.youtube.com/watch?v=Ex2oQwga6_o,"Conhecendo a Serra da estrela em Covilhã, Portugal",,MORANDO FORA,2023-02-03T17:08:32Z,160,15,0
X3UOkcr8KEA,https://www.youtube.com/watch?v=X3UOkcr8KEA,#5 - Covilhã,"Siga-nos em:
Site: http://www.cm-mealhada.pt
Facebook: https://www.facebook.com/camaramealhada
Instagram: https://www.instagram.com/municipiomealhada/
Youtube: http://www.youtube.com/c/cmmealhada
Twitter: https://twitter.com/camaramealhada",Câmara Municipal da Mealhada,2025-03-06T13:38:33Z,18,0,0
FEN4DMZLwQE,https://www.youtube.com/watch?v=FEN4DMZLwQE,NOSSO PRIMEIRO INVERNO AQUI EM COVILHÃ PORTUGAL 🇵🇹  - Como está sendo e como se proteger,,Cris Andrade,2024-01-18T22:05:08Z,2165,172,29
5BFcT_092-o,https://www.youtube.com/watch?v=5BFcT_092-o,Visita à Casa Benfica da Covilhã - João Diogo Manteigas,"Visita à Casa Benfica da Covilhã - João Diogo Manteigas

#BenficaVencerá",João Diogo Manteigas,2025-10-13T16:30:02Z,1459,32,1
0ssBaTW40s4,https://www.youtube.com/watch?v=0ssBaTW40s4,Liga 3 (6.ª jornada apur. campeão): SC Covilhã 2-2 Varzim SC,,Federação Portuguesa de Futebol,2024-03-17T14:30:11Z,897,18,0
tz4ry-GHdRg,https://www.youtube.com/watch?v=tz4ry-GHdRg,Banda da Covilhã - Grande Concerto de Ano Novo 2025,"Grande Concerto de Ano Novo 2025
19 de janeiro de 2025 - Igreja da Santíssima Trindade Covilhã

Organização:
Banda da Covilhã e União de Freguesias Covilhã e Canhoso

Instrumentistas: Banda da Covilhã
Maestros: Carlos Almeida e Simão Francisco
Solistas: Martim Nunes e José Martins",Banda da Covilhã,2025-02-04T14:58:27Z,332,7,1
1YGGMhB4nzA,https://www.youtube.com/watch?v=1YGGMhB4nzA,Reportagem - Covilhã: Barbeiro e Treinador - Praça da Alegria,"Hélder Reis visita a Barbearia de José Bizarro na Covilhã    
Praça da Alegria
praca.da.alegria@programas.rtp.pt",RTP,2010-06-04T15:49:27Z,1287,1,0
J6QGfQxMF4g,https://www.youtube.com/watch?v=J6QGfQxMF4g,Incêndio na Covilhã ameaçou aldeias e criou fenómeno raro: tornados de fogo,"A CentroTV é um canal online com sede na região Centro de informação just in time.

Sempre no Centro dos Acontecimentos!
www.centrotv.pt
www.facebook.com/Centrotv
www.instagram.com/centrotv",Centro TV,2025-08-11T10:17:35Z,1743,15,1
mq_ZlRrQ8I8,https://www.youtube.com/watch?v=mq_ZlRrQ8I8,Academia de Patinagem da Covilhã: atuações em destaque,"Neste vídeo, recordamos os pontos altos das atuações dos vários escalões de atletas da Academia de Patinagem Artística da Covilhã, durante o 6º Festival de Patinagem ""Juke Box Travel"", que decorreu nos dias 23 e 24 de novembro no Pavilhão da INATEL. Imagens de Nuno Pires.",JornalismoUBI,2024-12-23T13:03:32Z,113,2,0
8QhvzKPqroc,https://www.youtube.com/watch?v=8QhvzKPqroc,"Liga 3, 2.ª jorn. (Série B): SC Covilhã 3-0 Sporting CP B","Liga 3, 2.ª jorn. (Série B): SC Covilhã 3-0 Sporting CP B",Federação Portuguesa de Futebol,2023-08-13T20:08:46Z,2770,30,2
D_B1w7aC8Qw,https://www.youtube.com/watch?v=D_B1w7aC8Qw,FC Famalicão 1 - 0 SC Covilhã (17/18),Golo de Joel Monteiro deu a vitória ao FC Famalicão na receção ao SC Covilhã.,Futebol Clube de Famalicão,2019-02-26T15:11:04Z,132,1,0
663c6uyAR08,https://www.youtube.com/watch?v=663c6uyAR08,Negativo 🙌🏻🙏 #covilhã #portugal,,Cris Andrade,2023-08-26T20:54:18Z,50,7,2
XR5Gt_-nIFo,https://www.youtube.com/watch?v=XR5Gt_-nIFo,Encantatuna lançou “Feitiço” sobre a Covilhã,"Durante dois dias, a Covilhã foi palco do Festival “Feitiço”, organizado pela EncantaTuna. O encontro reuniu tunas femininas de vários pontos do país para celebrar a música e a tradição académica, onde não faltaram momentos de convívio. A reportagem é da Maria Branco e da Liliana Cassapo.",JornalismoUBI,2026-03-16T12:41:35Z,33,1,0
1E7vi4iotno,https://www.youtube.com/watch?v=1E7vi4iotno,Quem já tá sentindo? 😁💐😅✨🙏🏼 #brasileirosemportugal #covilhã  #brasileirosnaeuropa #vidadeimigrante,,Viajando com Caroline Mevie,2025-03-16T12:02:09Z,18,3,0
5LHxXEb0Uco,https://www.youtube.com/watch?v=5LHxXEb0Uco,Preços de Casas Em Portugal (COVILHÃ),,Alynne Thalia,2025-03-10T16:00:09Z,2823,183,31
1v_1XZcFe7E,https://www.youtube.com/watch?v=1v_1XZcFe7E,#vidadeimigrante #imigrantesemportugal #covilhã #vidaemportugal #imigracao #brasileirosnaeuropa,,Viajando com Caroline Mevie,2025-01-18T21:05:28Z,421,10,0
kHAallhR_ys,https://www.youtube.com/watch?v=kHAallhR_ys,75. Curling na Covilhã: de pedra a pedra até a final do Torneio IA,"Neste episódio do Abaixo de Zero, reunimos várias equipas do Torneio Inter-associações de Curling da Covilhã para falar sobre a fase sazonal de primavera e a fase final da competição.

Com os representantes do Ice Clube da Covilhã, Lobos da Neve, CCD Estrela do Zêzere Boidobra, Associação Cultural CISMA  e Grupo Desportivo AC da Bouça, exploramos a dinâmica entre equipas, a evolução ao longo da época e o ambiente vivido em gelo nesta fase decisiva.

Um episódio que mostra o lado competitivo… mas também o espírito de comunidade que define o curling na Covilhã.

Links úteis:

Link tree FDI-Portugal ► ⁠⁠⁠https://linktr.ee/fdiportugal⁠⁠⁠
Twitter ► / fdiportugal
Instagram ► / fdiportugal
Facebook ► / fdiportugal
YouTube ► / @fdi_portugal

Para contatos oficiais ou patrocínios geral@fdiportugal.pt
Muito obrigado pela atenção, e apoio.",FDI Portugal,2026-03-21T20:21:50Z,41,1,1
HCugopdlAu8,https://www.youtube.com/watch?v=HCugopdlAu8,Projeto Clinica Luz Covilhã-Coimbra,"____________________________________
O Hospital da Luz Clínica da Covilhã assegura cuidados de saúde de proximidade e centrados no cidadão. 

Para garantir o acesso a exames e tratamentos não disponíveis na clínica da Covilhã, esta unidade implementou um projeto de referenciação multidisciplinar com o Hospital da Luz Coimbra. 

Este projeto permite o acesso a transporte coletivo gratuito para o Hospital da Luz Coimbra. 

O Hospital da Luz Coimbra assegura o acompanhamento aos clientes na realização de consultas e exames, promovendo a equidade no acesso a cuidados de saúde, a boa gestão dos recursos e uma medicina centrada nas pessoas.
_________________________________

www.helioraposofotografia.com",Hélio Raposo,2023-11-30T13:17:22Z,95,5,0
wiSm6skaGS8,https://www.youtube.com/watch?v=wiSm6skaGS8,BANDA DA COVILHÃ - 154º ANIVERSARIO - 7 DEZ 24 - TMC,,Runa Films,2024-12-17T15:54:51Z,203,7,0
e1owY2tQ6Os,https://www.youtube.com/watch?v=e1owY2tQ6Os,CASAL A OBRA - Reparos nas paredes da nossa casa na Covilhã em Portugal #102,"VLOG 102 - O Casal a Obra de hoje resolvemos iniciar as reparações das paredes, rebocando uma parede de tijolos e reparando alguns furos nas paredes da nossa casa aqui na Covilhã em Portugal.

Fique a vontade em comentar, o seu comentário é muito importante. 😀

AJUDE o canal a crescer compartilhe este vídeo!

Não clique aqui hein! https://tinyurl.com/53uwv377 👀

_____________________________________
Transporte Público Covilhã e Fundão:

Covilhã Mobilidade (Transdev):
https://covilhamobilidade.pt/

Horários do Autocarro do Fundão:
https://atf.pt/Horarios.html

_____________________________________
Vídeos que você deve assistir se pensa em morar na Covilhã:

Custo de Vida no Interior de Portugal:
https://youtu.be/BXhVd4Ksg1Q

Tudo Sobre a Covilhã:
https://youtu.be/BVE2-yGA48g

_____________________________________
Bolsa de Empregos e Formação Profissional:

Associação Empresarial da Beira Baixa:
https://www.aebb.pt/

Instituto do Emprego e Formação Profissional:
https://iefponline.iefp.pt/IEFP/index2.jsp

_____________________________________
Links Úteis para sua estadia ou visita em Portugal:

Planilha Financeira 2024:
http://tinyurl.com/PlanilhaFinanceira2024

Onde pesquisar Trabalho na Covilhã:
https://tinyurl.com/BuscarTrabalhosCovilha

Onde encontrar imóveis na Covilhã:
https://tinyurl.com/LinksImoveisCovilha

Veja a média de valores dos imóveis pelo Idealista:
https://www.idealista.pt/arrendar-casas/castelo-branco/covilha/covilha/mapa-google

Lista das Empresas na Zona Industrial do Tortosendo:
https://tinyurl.com/ParqueIndustrialTortosendo

Lista das Empresas na Zona Industrial do Canhoso:
https://tinyurl.com/ParqueIndustrialCanhoso

_____________________________________
Supermecados para comparar preços Online:

Site do Supermercado Pingo Doce:
https://www.pingodoce.pt/

Site do Supermercado Continente:
https://www.continente.pt/

Site do Supermercado Auchan:
https://www.auchan.pt/

_____________________________________
Instagram:
https://www.instagram.com/karine.suzy

https://www.instagram.com/jeffisuh

Canal no Telegram com informações gratuitas:
https://t.me/MaeToEmPortugal

Grupo para Interação no Telegram:
https://t.me/MaeEstamosEmPortugal

_____________________________________
WISE (app de câmbio )
Transferir 500 euros sem tarifa é só acessar o link👇🏻

https://wise.com/invite/u/jeffersond489

_____________________________________

Deus em todo tempo é bom!

#portugal #brasileirosemportugal #moraremportugal #covilhã",Jeff e Karine Vida em Portugal ,2025-03-17T16:00:51Z,3950,565,103
vUaoMdQKeCg,https://www.youtube.com/watch?v=vUaoMdQKeCg,Como tirar a Carta de condução na Covilhã - Portugal ,"Quer enviar dinheiro pro Brasil ou Portugal mais barato? Com a Wise você terá desconto enviando com o meu link:
 https://wise.com/invite/iwh/leti.... . 


Nesse vídeo eu conto como está sendo minha experiência tirando a Carta de Condução em Portugal, mostro a escola que estou fazendo as aulas e quais os documentos necessários para tirar a carta. 
Se você curte vídeos mais pessoais e quer acompanhar tudo que está acontecendo por aqui, na minha vida e rotina de imigrante em Portugal, vem comigo nesse video e comente abaixo quais outros vídeos você quer ver por aqui! Bom domingo!



Me segue aqui 

Instagram-      https://www.instagram.com/leticia.amss/",Leticia em Portugal,2025-08-24T17:01:09Z,122,10,8
frEUYYGEqnw,https://www.youtube.com/watch?v=frEUYYGEqnw,Feria de São Tiago en Covilhã,"Feria de São Tiago en Covilhã

Es una de las más antiguas de la Península Ibérica, con más de 600 años de historia. Se celebra anualmente y tiene sus raíces en privilegios reales otorgados desde el siglo XIII, con registro formal desde 1411 por el rey D. João I. Actualmente, es un evento multifacético que combina tradición, comercio, música, gastronomía y entretenimiento.

Del 11 al 27 de julio de 2025

Espectáculos diarios: Conciertos y actuaciones de artistas reconocidos en Portugal. En ediciones recientes participaron nombres como Calema, D.A.M.A, Fernando Daniel, Virgul, FF, José Cid, Rui Veloso, Nininho Vaz Maia, y muchos más

La Feria de São Tiago es un evento imprescindible del verano portugués, donde tradición y modernidad se dan la mano para ofrecer una experiencia única a visitantes de todas las edades.

#feriadesaotiago, #covilhã, #veranocovilhã, #tradicionesportugal, #culturaibérica, #festivallocal, #portugalexperiences, #gastronomíaportuguesa, #turismoportugal, #sãotiago2025, #mercadocovilhã, #atraccionesfamiliares, #feriaartesanal, #nochesdeverano, #músicaenportugal, #eventospopulares, #visitcovilhã, #feriaspopulares, #experienciaportuguesa, #descubrecovilhã",Family Fun Travel ,2025-07-20T23:05:21Z,546,8,2
zJOxIRvhJJw,https://www.youtube.com/watch?v=zJOxIRvhJJw,Minhas memórias de 2024. Obrigada Deus! #covilhã  #portugal  #españa  #figueiradafoz #nossaquinta,,CANAL TAS A VER OFICIAL,2025-01-01T13:25:29Z,555,11,1
T1HhJwMv2Uo,https://www.youtube.com/watch?v=T1HhJwMv2Uo,☕️ #brasileirosemportugal #imigrantesemportugal #vidaemportugal #covilhã #vidadeimigrante #imigracao,,Viajando com Caroline Mevie,2025-03-19T15:49:51Z,123,2,0
NaDoylWWB24,https://www.youtube.com/watch?v=NaDoylWWB24,#covilhã #portugal #imigrantesemportugal #brasileirospelomundo #visitantes,,Nova Trip Portugal,2024-04-03T20:44:41Z,645,22,0
ealR3qi6owo,https://www.youtube.com/watch?v=ealR3qi6owo,#covilhã at night,,Hidden Gems From the Sky(Drone),2025-06-23T03:49:04Z,384,0,0
dZYqK8ExYKI,https://www.youtube.com/watch?v=dZYqK8ExYKI,Video longo sobre mais dos incêndios aqui em Covilhã e Portugal em breve no canal,,Viajando com Caroline Mevie,2025-08-18T18:24:29Z,450,9,2
V6-6ORPaIlU,https://www.youtube.com/watch?v=V6-6ORPaIlU,A Beleza das Flores na Aldeia de Barco na Covilhã em Portugal #111,"VLOG 111 - Hoje queremos mostrar como a nossa linda Aldeia de Barco está depois que a Primavera chegou aqui na Covilhã em Portugal

Fique a vontade em comentar, o seu comentário é muito importante. 😀

AJUDE o canal a crescer compartilhe este vídeo!

Não clique aqui hein! https://tinyurl.com/53uwv377 👀

_____________________________________
Transporte Público Covilhã e Fundão:

Covilhã Mobilidade (Transdev):
https://covilhamobilidade.pt/

Horários do Autocarro do Fundão:
https://atf.pt/Horarios.html

_____________________________________
Vídeos que você deve assistir se pensa em morar na Covilhã:

Custo de Vida no Interior de Portugal:
https://youtu.be/BXhVd4Ksg1Q

Tudo Sobre a Covilhã:
https://youtu.be/BVE2-yGA48g

_____________________________________
Bolsa de Empregos e Formação Profissional:

Associação Empresarial da Beira Baixa:
https://www.aebb.pt/

Instituto do Emprego e Formação Profissional:
https://iefponline.iefp.pt/IEFP/index2.jsp

_____________________________________
Links Úteis para sua estadia ou visita em Portugal:

Planilha Financeira 2024:
http://tinyurl.com/PlanilhaFinanceira2024

Onde pesquisar Trabalho na Covilhã:
https://tinyurl.com/BuscarTrabalhosCovilha

Onde encontrar imóveis na Covilhã:
https://tinyurl.com/LinksImoveisCovilha

Veja a média de valores dos imóveis pelo Idealista:
https://www.idealista.pt/arrendar-casas/castelo-branco/covilha/covilha/mapa-google

Lista das Empresas na Zona Industrial do Tortosendo:
https://tinyurl.com/ParqueIndustrialTortosendo

Lista das Empresas na Zona Industrial do Canhoso:
https://tinyurl.com/ParqueIndustrialCanhoso

_____________________________________
Supermecados para comparar preços Online:

Site do Supermercado Pingo Doce:
https://www.pingodoce.pt/

Site do Supermercado Continente:
https://www.continente.pt/

Site do Supermercado Auchan:
https://www.auchan.pt/

_____________________________________
Instagram:
https://www.instagram.com/karine.suzy

https://www.instagram.com/jeffisuh

Canal no Telegram com informações gratuitas:
https://t.me/MaeToEmPortugal

Grupo para Interação no Telegram:
https://t.me/MaeEstamosEmPortugal

_____________________________________
WISE (app de câmbio )
Transferir 500 euros sem tarifa é só acessar o link👇🏻

https://wise.com/invite/u/jeffersond489

_____________________________________

Deus em todo tempo é bom!

#portugal #brasileirosemportugal #moraremportugal #covilhã",Jeff e Karine Vida em Portugal ,2025-05-26T15:00:49Z,874,118,39
BQ_eBnYY9K4,https://www.youtube.com/watch?v=BQ_eBnYY9K4,Covilhã Guarda Serra da Estrela #portugaldiaadia #portugalnews #covilhã #serra #nevergiveup,,Portugal Information,2025-03-01T19:51:00Z,264,0,0
4WqXruOvVmo,https://www.youtube.com/watch?v=4WqXruOvVmo,O interior daqui é bem diferente do Brasil. #imigrar #fundao #portugal #covilhã #interiordeportugal,,Andando por ai,2024-10-20T19:01:54Z,632,12,0
wFF6GmP7cak,https://www.youtube.com/watch?v=wFF6GmP7cak,Covilhã 2025 - City Drone Aerial Footage,"Covilhã 2025 - Drone Aerial Footage 

Small YouTube channel where i share everything about my trips around Portugal! Follow to see more!







Para ter o direito de copiar, distribuir, exibir ou usar o vídeo entre em contacto pelos meios oficiais.
Instagram: @Choco993

#dronefootage #dronevideo #ferias #montanha #portugal #praia #serradaestrela #trip #vacation #viagem #covilhã",DroneGuy,2025-05-07T11:49:19Z,207,3,1
wr3qxODd-N8,https://www.youtube.com/watch?v=wr3qxODd-N8,Covilhã***   Cidades para morar em Portugal #moraremportugal #travel #educacaoemportugal #drone,,Vlog do Jorjão,2025-03-26T16:33:59Z,794,23,2
zKsRVhWPxCA,https://www.youtube.com/watch?v=zKsRVhWPxCA,"Covilhã, uma linda cidade do Centro de Portugal. Vale conhecer!!!",,Portugal Revelado ,2023-11-05T19:38:50Z,588,9,0
y3dCNTj5BE4,https://www.youtube.com/watch?v=y3dCNTj5BE4,"Um Jardim inspirador na cidade da Covilhã, Centro de Portugal!!!",,Portugal Revelado ,2023-11-04T01:50:46Z,2738,20,0
XZCMUt8dceI,https://www.youtube.com/watch?v=XZCMUt8dceI,"Covilhã - Guarda Intercidades, Regional e formação da Medway","03/05/2021 comboios Intercidades, Regional e marcha de formação da Medway, no troço recentemente inaugurado entre a Covilhã e a Guarda, na linha da Beira Baixa.
Subscreva/Subscribe Nó Ferroviário http://www.youtube.com/c/NóFerroviário

Os 46 quilómetros de via férrea entre as cidades da Covilhã e Guarda, reabriram à exploração comercial no dia 2 de maio de 2021, após terem estado encerrados por 12 anos. Nesse dia, entrou igualmente ao serviço a nova Concordância das Beiras que possibilita uma saída da linha da Beira Baixa em direção a Vilar Formoso, sem necessidade de inversão na estação da Guarda.
Este trabalho apresenta algumas filmagens no segundo dia de exploração, nas proximidades de Caria, Belmonte, Maçainhas e Benespera.

Um agradecimento especial a Ricardo Tavares pela preciosa ajuda na captação de imagens.

Espero que aprecie este vídeo e convido-o a deixar um gosto, comentar e subscrever o canal Nó Ferroviário, caso assim o entenda!
Bem haja por assistir!

[EN]
Intercity trains, regional trains and the Medway training runs along the Covilhã-Guarda line, which reopened to commercial service on May 2, 2021. This section of the Beira Baixa line has been closed since 2009 for modernization works.

If you enjoy this video, please like, comment and subscribe to my channel.
Thanks for watching!",Nó Ferroviário,2021-05-07T13:30:05Z,3749,123,15
nrgq5wWS55c,https://www.youtube.com/watch?v=nrgq5wWS55c,Muralhas e histórias do interior de Portugal | Conheça a Covilhã - episódio 16,"Venha conosco conhecer um pouco da história da Covilhã.
Aproveitamos esse dia lindo para caminhar um pouco pelas ruas históricas desta cidade, no interior de Portugal, conhecendo pessoas, descobrindo histórias sobre muralhas milenares e até mesmo sobre um castelo! 


Conhecer o interior de Portugal;
Conheça o centro de Portugal;
Conheça a região da Beira;
Conheça a Covilhã!


________________________________
Sabia que Portugal é muito mais que Lisboa, Porto e Braga?
Conheça e se apaixone pela Covilhã!
________________________________

Instagram

Patrícia:@patricial1nhares

Hudson: @hudsonaap

________________________________",Centrados em Portugal,2021-03-09T20:06:01Z,2780,273,27
egXvJmIzQ3s,https://www.youtube.com/watch?v=egXvJmIzQ3s,HOTEL PARA FICAR EM COVILHÃ-HOTEL PRÓXIMO SERRA DA ESTRELA - MORAR EM PORTUGAL2022,"HOTEL PARA FICAR EM COVILHÃ-HOTEL PRÓXIMO SERRA DA ESTRELA - MORAR EM PORTUGAL2022
Me segue lá no Instagram🙏☺️🤞🏼🇧🇷🇵🇹clica aqui : 

https://instagram.com/vivi_em_portugal_?utm_medium=copy_link

COTAÇÃO DE SEGURO VIAGEM 

https://www.compararsegurodeviagem.com.br/?afl=vivi_em_portugal_

Estou no Facebook como :

https://www.facebook.com/viviane.machado.3910

E-mail: viviemportugal2021@gmail.com 

🔄Eu uso a Wise🔄

para enviar dinheiro internacionalmente.
É muito fácil de usar e mais barato que os bancos. 🇵🇹🇧🇷🇵🇹

👇Crie a sua conta aqui 👇

https://wise.com/invite/i/vivianel132

Muito importante você assistir :

Documentos para trazer do brasil:

https://www.youtube.com/watch?v=pFJygHK-M2c&list=PLZLBV-_GRBTPjMJ4jLRJVCA1lHCu89ucA

Documentos para tirar em Portugal quando chegar :

https://www.youtube.com/watch?v=p8XOZPI3Xao&list=PLZLBV-_GRBTOAWAwpNcbaaamrkmS8Zwdv

Live com dicas importantes em Portugal:

https://www.youtube.com/watch?v=KksHJmDoMAQ&list=PLZLBV-_GRBTP9lKaEkrpCScMsbdpZLnCd

Escolas em Portugal:

https://www.youtube.com/watch?v=Ghixvbzgl9U&list=PLZLBV-_GRBTMmiFrM9DSWnFX0pMSSwOu9

Cidades de Portugal:

https://www.youtube.com/watch?v=GVU1UsAEwsI&list=PLZLBV-_GRBTOE-RUVFxe3bTMk6QR6Xcdy

Dicas de Portugal variadas e muito importante:

https://www.youtube.com/watch?v=SGup9MvDGDk&list=PLZLBV-_GRBTNFEfxWJoDxhxa1--k3LPc5

Mercado em Portugal:

https://www.youtube.com/watch?v=VLFrXLi-VRA&list=PLZLBV-_GRBTNoiskeTrEP88Tca9RJCKU1

preço de Produtos em Portugal:

https://www.youtube.com/watch?v=oJt1PPUe-W8&list=PLZLBV-_GRBTMb2UOKWVP3rvGeP2OQaHep

Preços de roupa em Portugal:

https://www.youtube.com/watch?v=vP4CLBy-mrk&list=PLZLBV-_GRBTOpbYPvTOIRGGvxAfgU1GcH

Tipos de vistos:

https://www.youtube.com/watch?v=17VeGMlDN1A&list=PLZLBV-_GRBTNEC5bgN2mAgcZ3wG2HAuQR",Viviane_em_portugal_,2021-12-31T20:00:25Z,1030,52,12
nzSURBhad_U,https://www.youtube.com/watch?v=nzSURBhad_U,Covilhã - Video Promocional,,Bruno Eiras,2018-07-08T18:56:04Z,2918,34,1
cZmBD_V5luo,https://www.youtube.com/watch?v=cZmBD_V5luo,Natal na Covilhã e a Desertuna. Ep 53. Morar na Covilhã,"Vem sentir um pouco do espírito de Natal em Portugal! Veja um pouco do Natal na Covilhã e a apresentação da Desertuna, a tuna académica da Universidade da Beira Interior.
A canção que a Desertuna apresenta chama-se ""Covilhã"".
Conheça um pouco mais sobre a Desertuna da Universidade da Beira Interior.
https://www.desertuna.com/
Covilhã
Letra: Rodrigo “Saxoman” Raposo
Música: Rodrigo “Saxoman” Raposo
Arranjos: Desertuna
______________________________
Já pensou em trabalhar em qualquer lugar do mundo? Descubra como:
https://is.gd/NomadeDigital

https://is.gd/ProfissaoNomade
________________________________
Sabia que Portugal é muito mais que Lisboa, Porto e Braga?
Acompanhe nossas aventuras morando na Covilhã, cidade neve, no interior de Portugal.
Conheça o Centro de Portugal.
Conheça a Beira Interior.
Conheça e se apaixone pela Covilhã!
________________________________
Instagram
@CentradosemPortugal

Contato:
centradosemportugal@gmail.com",Centrados em Portugal,2021-12-19T19:01:50Z,1876,157,41
yIu0QlVhXQ8,https://www.youtube.com/watch?v=yIu0QlVhXQ8,Rádio Comercial | Conservatório de Música da Covilhã toca para as Manhãs da Comercial,A equipa das Manhãs ficou comovida com a Orquestra de Violinos da Covilhã.,Rádio Comercial,2015-06-30T11:41:01Z,5955,45,0
OTijgY0T_5Y,https://www.youtube.com/watch?v=OTijgY0T_5Y,"Paul, uma poesia sobre as águas | Aldeias de Portugal | Conheça a Covilhã. Ep. 31","Conhecemos Paul, uma freguesia da Covilhã, um local em que as águas estão presentes não só nos rios, mas na cultura do povo.
Participamos do projeto aBEIRAr, sobre cultura, ciência e meio ambiente.
Venha conosco e conheça este belíssimo lugar.

______________________________
Já pensou em trabalhar em Portugal ou em qualquer lugar do mundo? Acesse:
https://is.gd/NomadeDigital

https://is.gd/ProfissaoNomade
________________________________
Sabia que Portugal é muito mais que Lisboa, Porto e Braga?
Acompanhe nossas aventuras morando na Covilhã, cidade neve, no interior de Portugal.
Conheça o Centro de Portugal.
Conheça a Beira Interior.
Conheça e se apaixone pela Covilhã, no interior de Portugal!
________________________________
Instagram
Hudson @hudsonaap
Patrícia @PatriciaL1nhares",Centrados em Portugal,2021-05-12T18:15:22Z,3167,264,28
kn1ytaXI0Ow,https://www.youtube.com/watch?v=kn1ytaXI0Ow,"Egressos pelo Mundo - Covilhã, Portugal","Muitos de nossos alunos decidem se aventurar fora do Brasil depois de formados. Seja trabalhando com relações públicas, estudando, desenvolvendo um projeto pessoal ou curtindo outro pedaço do mundo. 
Conheça algumas dessas experiências de nossos #egressospelomundo!

Já imaginou fazer mestrado fora Brasil? Então, foi isso que a Bruna Kievel decidiu fazer lá em Portugal. 

Siga-nos no Instagram: https://instagram.com/rpunisinos?igshid=4ms3u8dmyjag
Siga a Leviosa no Instagram: https://instagram.com/leviosa_bem_estar?igshid=1sfqm28nmvsvu",Curso de Relações Públicas Unisinos,2021-04-07T14:29:19Z,932,51,2
a3LeOVAmQAw,https://www.youtube.com/watch?v=a3LeOVAmQAw,PORTUGAL Covilhã (Part 1) Walking Tour [FAST] -  [4K Ultra HD/60fps],"00:00 Start!
00:04 WOOL 'estrela' 2016-02 /Gijs Vanhee (BE)
00:10 Igreja de Santa Maria
00:19 WOOL 'About proximity'  2020-09 /Alberto Montes (ES) 
00:27 WOOL 2020-09 'Covilhocos à espreita' /Catarina Glam (PT)
00:33 WOOL 2020-09 'Covilhocos à espreita' /Catarina Glam (PT)
00:39 WOOL 2021-07 'Olhar de Cima' /TheCaver (PT) 
00:46 WOOL 'Arrebatamento' 2017-06 /Bosoletti (AR)
00:52 Ovelha  mme
00:57 Azulejos em fachada residencial
01:03 WOOL 2021-07 'Expedição à Serra da Estrela' /Colectivo Licuado (URU)
01:11 WOOL 2018-06 'Estruturalho' / Frederico Draw (PT)
01:27 WOOL 2011-11 /Adress
01:34 WOOL 2020-09 'Covilhocos à espreita' /Catarina Glam (PT)
01:44 WOOL 2018-06 'Hidden'  /Pastel (AR)
01:52 WOOL 2017-06 /Adres (PT)
01:58 WOOL 'cidade flor' + 'em ti mora o meu amor' + 'amor' 2017-06 /Halfstudio (PT)
02:05 WOOL 2011-11 /Btoy (ES)
02:13 WOOL 2022-06 'Ouro' /Reskate (ES)
02:18 WOOL 2022-06 'A Serra e a Neve' /Ruído (PT)
02:25 WOOL 2020-09 'Covilhocos à espreita' /Catarina Glam (PT)
02:31 (Brasil!) 💚💛💙🤍
02:36 WOOL 2017-05 /Las Medianeras (AR)
02:44 WOOL 2016-10 /Animalito Land (AR)
02:52 WOOL 2014-10 'Owl Eyes' /Bordalo II (PT)
02:58 WOOL 2019-06 /Gabriel Coca (ES)
03:06 WOOL 2023-06 'Lã de Rocha' /Tiago Hesp (PT)
03:21 WOOL 2017-06 'Indigofera Tinctoria + Rubia Tinctorium' /Doa Oa (ES)
03:39 WOOL 2023-06 'WEIGHT' /Helen Bur (UK)
04:02 WOOL 2021-07 'Ser Serrano' /TheCaver (PT)
04:11 WOOL 2019-04 'Paciência move montanhas' /Magi (BE)

Para ver todas as outras artes, nao se esqueçam de deixar um like e se inscrever no canal!","Pé na Serra, Olho na Estrela",2023-08-25T14:18:57Z,109,5,1
rsUYVQeB9BY,https://www.youtube.com/watch?v=rsUYVQeB9BY,Sp. Covilhã 0-1 Académica: Golo de Alan Jr,"Golo de Alan Jr na vitória da Académica na Covilhã, em jogo da 36ª jornada da Ledman LigaPRO.",Académica - O.A.F,2018-04-30T09:08:58Z,2343,56,3
fmzBWWtPR6k,https://www.youtube.com/watch?v=fmzBWWtPR6k,Isso é morar no interior de Portugal | Conheça a Covilhã. Ep 13,"Venha conosco conhecer a Covilhã, no interior de Portugal. Vamos aproveitar esse dia lindo e ensolarado para caminhar um pouco, ver o mar da Covilhã e depois fazer um passeio numa floresta próxima. Qualidade de vida que chama né?! Good Vibes! 


________________________________
Sabia que Portugal é muito mais que Lisboa, Porto e Braga?
Conheça e se apaixone pela Covilhã!
________________________________

Instagram

Patrícia: https://www.instagram.com/patricial1nhares/

Hudson: https://www.instagram.com/hudsonaap/


________________________________
#ConhecerPortugal #MoraremPortugal2021 #Covilhã #MarDaCovilha #ASerra",Centrados em Portugal,2021-02-23T19:54:49Z,3999,332,50
7F0qtID4Bj8,https://www.youtube.com/watch?v=7F0qtID4Bj8,"DESFILE DE CARNAVAL EM COVILHÃ 2023 , ESSE É O CARNAVAL DA NEVE   T3ep.70 PORTUGAL","Estamos viajando pelo mundo:
https://www.travellivre.com.br/
https://www.instagram.com/travellivre
________________________________________________________
Apoiadores:
https://www.rotobr.com.br/  Peças para gás, Manômetros, Reguladores, Refrigeração
http://resfriar.com.br/   Geladeiras Automotivas, climatizadores
https://tendaro.com.br/  Barracas de teto, toldos
https://offlimits.com.br/ Amortecedores Especiais Offshox
Tecnocesca: Freio Hidrobuster  (48)99976-2668
https://mundopickup.com.br  Acessórios para pickups, Calhas de chuva (Prescalhas), capotas, Racks
_______________________________________________________________________
Vídeo mais Assistido: https://www.youtube.com/watch?v=qwDxqEU_EDs
________________________________________________________________________",Travel Livre,2023-02-19T22:27:06Z,271,10,1
cBz6zjwiHuo,https://www.youtube.com/watch?v=cBz6zjwiHuo,Uma das muitas razões pelas quais é bom viver na Covilhã!,Reportagem SIC - 19/11/2016,Covilhã Município,2016-11-30T13:11:54Z,2094,27,1
m_r5-_-0mgo,https://www.youtube.com/watch?v=m_r5-_-0mgo,Covilhã Cidade Neve - Nóbrega e Sousa - Banda da Covilhã,"Banda da Covilhã
Direção e Arr.: Carlos Almeida
Covilhã Cidade Neve
Compositor: Nóbrega e Sousa

https://www.youtube.com/@canal.afinaudio
Gravação, mistura, edição e masterização pela editora Afinaudio
https://www.afinaudio.pt
═══════════════════════════════════════
▬▬▬▬»» Contactos ««▬▬▬▬
Associação Recreativa Musical Covilhanense - Banda Da Covilhã
Av. Frei Heitor Pinto 1 6200, 6200-113 Covilhã
https://www.facebook.com/bandadacovilhaa
http://www.bandadacovilha.pt/
📞  960 119 969
═══════════════════════════════════════ 
Banda Filarmónica; banda musicale; духовой оркестр; Orchestre d'harmonie; Blasorchester; Concert band; Wind Band; 吹奏楽: blasorchester; harmonieorkest; Musikkapelle; blaskapelle #afinaudiorecording #windband",AfinaudioTube,2023-12-01T11:18:15Z,1879,36,0
niZA2mJhhCE,https://www.youtube.com/watch?v=niZA2mJhhCE,"Viagem de Trem - Lisboa a Covilhã, Portugal | Casal Mundo","Pessoal se inscreva no canal, ativa o sininho para receber notificação dos nossos vídeos.
E não se esqueça de dar joinha, pois quando você curte o youtube entende que você gosta dos vídeos do nosso canal, então vai acabar aparecendo mais para você.

Instagram: https://www.instagram.com/casal.mundo/
Facebook: https://www.facebook.com/casal.mundo14/
Nosso Canal: https://www.youtube.com/channel/UCK1d...
Nosso Site: https://www.casalmundo.net",Casal Mundo,2020-01-30T01:28:55Z,1463,52,9
GnCM-WBsNhk,https://www.youtube.com/watch?v=GnCM-WBsNhk,Weekend with family tour #portugal #covilhã #trending #youtubeshorts #shorts,,Portugal 🇵🇹 ,2023-12-01T08:51:23Z,76,6,0
HrjHpYmm1Gw,https://www.youtube.com/watch?v=HrjHpYmm1Gw,🕯️✨ my way 🌎✈️ #covilhã,,Viajando com Caroline Mevie,2025-05-14T16:59:27Z,659,8,0
H5QUWMGXcx8,https://www.youtube.com/watch?v=H5QUWMGXcx8,Bootcamp de Inovação e Empreendedorismo Social (Covilhã 13 outubro 2022),"No âmbito do projeto i3Social, foram realizados diferentes BootCamps, dirigidos a empreendedores sociais, equipas técnicas da parceria i3Social e pessoal das estruturas técnicas de cada um dos municípios que compõem a CIMBSE. estas atividades centraram-se na identificação e priorização de problemas sociais emergentes na região e em processos de ideação para a identificação de novas soluções e respostas às necessidades do território em cinco áreas-chave: Sustentabilidade ambiental, Fixação de jovens, Envelhecimento ativo/Isolamento de idosos, Pessoas com necessidades especiais e Outros. Fazemos neste video uma retrospetiva dos trabalhos desenvolvidos no Bootcamp da Covilhã! Mais em www.i3social.pt",I3S BSE - Incubadora Itinerante,2023-05-26T14:18:51Z,10,1,0
If_hqSdDJpU,https://www.youtube.com/watch?v=If_hqSdDJpU,Vespa Lucinda - Lobivespas Covilhã 2025,"A Vespa Lucinda participou mais uma vez num evento vespista do calendário nacional, sendo este o último do ano. Desta feita não podíamos dar a despedida a este ano vespista com um encontro pelo ponto mais alto de Portugal continental.
Covilhã é frio mas com gente de coração quente.
Fomos recebidos com um carinho que logo nos conquistou. Para complementar, a rota por onde nos levaram era digna de cenários cinematográficos de forma que já estejamos apreensivos pelo próximo encontro.
#vespa #vespology  #vespoterapia  #vespalucinda  #vcg   #vespagram  #vespasprint  #vespalovers  #vespaprimavera  #vespapx  #vespasuper  #vespamania  #vespaworld  #vespamodern  #vespaclub  #vespastyle  #vespalife  #vespalovers  #vespagirl  #vintagemotorcycle #motorcyclephotography  #motorcycleadventure  #motorcyclelove #motorcyclediaries  #motorcyclelover #vespaclubeportugal  #followxfollow  #followforafollow  #followlike  #followbacks #followforfollows  #vespaclubeguimaraes   #guimaraes   #north #porto  #fafe #cmfafe  #vespa  #vwd   #vespaworldday   #vespaworld   #vespaclub   #vespa #vespaclubecovilha #covilhã  #serra   #serradaestrela   #vespalucinda  ""Vespaclubecaminhosdesantiago #santiagodecompostela  #lobivespa #passo100pressa #seia  #oldfox #bikelife #vespalucinda #travel",Vespa Lucinda,2025-11-04T18:04:53Z,212,15,2
MyRzZuo7l20,https://www.youtube.com/watch?v=MyRzZuo7l20,UMA PRAÇA BELA EM COVILHÃ-PORTUGAL E UM POUCO DA BELAZA DE COVILHÃ.,Editado por YouCut:https://app.youcut.net/BestEditor,Thailine Ignacio,2024-03-23T14:47:45Z,23,6,0
RT9g1rCWDqk,https://www.youtube.com/watch?v=RT9g1rCWDqk,"#Way to Serra da Estrela, #Snow #Mountains, #Huge_rocks, #Covilhã, #Portugal",,Keerti Mishra,2024-06-01T08:47:31Z,13,2,0
KmX0WTfiI0o,https://www.youtube.com/watch?v=KmX0WTfiI0o,Covilhã #portugal #covilhã #covilha #,,Germán Solís Gómez ,2023-05-16T21:04:31Z,78,7,0
w5fpsWVVF8c,https://www.youtube.com/watch?v=w5fpsWVVF8c,fantástico imóvel para investimento. #investimentoimobiliario #imoveisvenda #serradaestrela #covilhã,"🏡 Fantástico Oportunidade na Covilhã! 🏢
Apresentamos uma oportunidade única: Apartamento T2 e espaço comercial no mesmo edifício, ideal para quem procura investir ou conciliar habitação e negócio!
Detalhes:
✨ Apartamento T2 no 3º andar (sem elevador), com cerca de 170m², composto por:
Sala ampla com lareira, perfeita para momentos em família.
Duas casas de banho, garantindo conforto e funcionalidade.
Varanda espaçosa com vista para a cidade.
✨ Espaço comercial no rés do chão, também com 170m², anteriormente utilizado como café/restaurante. Um ambiente ideal para abrir o seu negócio, com excelente potencial de rentabilidade.
🗺 Localização Estratégica:
Situado junto à Escola Secundária Campos Melo, uma zona de grande movimento e próxima de diversos serviços, garantindo conveniência e visibilidade.
Este imóvel oferece múltiplas possibilidades, seja para uso próprio ou investimento.
📅 Não perca esta oportunidade! Entre em contacto comigo e venha conhecer este imóvel que combina conforto, espaço e localização privilegiada.
📞 Marque já a sua visita e descubra todo o potencial desta oferta!",Tiago Martins e Teresa Micaela  Remax ,2025-03-22T18:56:48Z,10,0,0
DgrFVyE8hRs,https://www.youtube.com/watch?v=DgrFVyE8hRs,Just another weekend escape 🏝️ #vacation #couplegoals #covilhã #portugal #relax #ourtime #nature,,Laaila And Hunny Vlogs ,2024-06-17T11:25:37Z,964,16,0
RCEu-Q9hqo0,https://www.youtube.com/watch?v=RCEu-Q9hqo0,Covilhã #portugal #covilhã #covilha #shorts,,Germán Solís Gómez ,2023-05-12T13:00:31Z,44,4,0
WmEmbnCVTTw,https://www.youtube.com/watch?v=WmEmbnCVTTw,#covilhã #vidadeimigrante #brasileirosemportugal #brasileira,,Viajando com Caroline Mevie,2024-12-26T17:23:22Z,449,11,0
03eIYLaij24,https://www.youtube.com/watch?v=03eIYLaij24,Incrível #covilhã #nortedeportugal #centrodeportugal #viagem,,Márcio Lopes na Europa,2024-03-15T14:01:47Z,614,19,1
0QQ8EfRvS0A,https://www.youtube.com/watch?v=0QQ8EfRvS0A,"CONTRARREGRA - ASTA - Teatro e Outras Artes, Covilhã","“Contrarregra” mostra a realidade de quatro companhias de teatro no interior do país, através de quatro episódios que reúnem várias entrevistas. 
Neste episódio fomos à ASTA - Teatro e Outras Artes, na Covilhã.

Sabe mais em https://comunidadeculturaearte.com

Outros episódios
Trigo Limpo Teatro ACERT, Tondela - https://youtu.be/aj_xZ1K-Lo0
Teatro Regional da Serra de Montemuro, Campo Benfeito, Castro Daire - https://youtu.be/E6HHMsoKAT8
ESTE, Estação Teatral, Fundão - https://youtu.be/DtfJCzse1Mc

Este projeto foi realizado e produzido pela Comunidade Cultura e Arte e teve o apoio da Direção-Geral das Artes (DGARTES) e da República Portuguesa.",Comunidade Cultura e Arte,2024-11-07T22:57:45Z,186,8,0
8snZGzj08B4,https://www.youtube.com/watch?v=8snZGzj08B4,🏰 Castelo de Celorico da beira #portugal #strava  #serradaestrela #covilhã #ytshorts #visitportugal,,C Y C L I N G | 81,2024-02-28T00:00:59Z,130,6,0
S9E5DVA72Ks,https://www.youtube.com/watch?v=S9E5DVA72Ks,Solicitei a ligação da água da nova casa. 🙏🏻🇵🇹 #covilhã #nortedeportugal #centrodeportugal,,Márcio Lopes na Europa,2024-01-11T16:13:51Z,640,26,2
TXBuS4mKewM,https://www.youtube.com/watch?v=TXBuS4mKewM,#imigrantesemportugal #vidaemportugal #continente_pt #serrashopping #covilhã,,Viajando com Caroline Mevie,2025-01-28T10:51:26Z,490,11,0
UdGEzf6z1zg,https://www.youtube.com/watch?v=UdGEzf6z1zg,#imigrantesemportugal #covilhã #vidaemportugal #brasileirosemportugal,,Viajando com Caroline Mevie,2025-01-28T16:04:21Z,527,21,0
OeuB6G2WOsc,https://www.youtube.com/watch?v=OeuB6G2WOsc,aldeia de Casegas #brasilemportugal 🇧🇷🫶🇵🇹#covilhã #castelobrancoportugal#eurocopa,,Davi Patriota Castelo Branco Portugal ,2024-07-07T14:08:51Z,532,35,5
ey3jLXDGnLY,https://www.youtube.com/watch?v=ey3jLXDGnLY,🤯🙏🏼 #serradaestrela #covilhã #vidaemportugal #brasileirosemportugal #imigração,,Viajando com Caroline Mevie,2025-04-19T14:22:57Z,865,21,0
RmFjxMSMemw,https://www.youtube.com/watch?v=RmFjxMSMemw,Ficamos Hospedados em um Sanatório em Portugal.#hotel  #serradaestrela #covilhã #portugal #shorts,,Nós 2 pelo mundo,2025-07-20T11:54:11Z,779,8,2
0c51S31xl-s,https://www.youtube.com/watch?v=0c51S31xl-s,Serra da Estrela com muita neve neste Domingo de Sol! #covilhã,"Serra da Estrela está com muita neve neste domingo ensolarado!

#brasileirosemportugal #covilhã #moraremportugal #serradaestrela",Jeff e Karine Vida em Portugal ,2025-03-23T10:36:35Z,672,49,10
_uxyg9fjJbQ,https://www.youtube.com/watch?v=_uxyg9fjJbQ,FC Famalicão 3 - 2 Académico de Viseu (LEDMAN LigaPro 18/19),,Futebol Clube de Famalicão,2019-02-26T16:12:01Z,542,7,2
Qufll3tiW7s,https://www.youtube.com/watch?v=Qufll3tiW7s,FC Famalicão x GD Estoril Praia | Meias-finais Taça Revelação (1.ª mão),"A equipa sub-23 do Futebol Clube de Famalicão disputou, esta terça-feira, a primeira mão das meias-finais da Taça Revelação",Futebol Clube de Famalicão,2021-04-27T16:59:09Z,150,1,0
YgUyIc_NwSY,https://www.youtube.com/watch?v=YgUyIc_NwSY,Vitória SC B 1 - 2 FC Famalicão (17/18),,Futebol Clube de Famalicão,2019-02-26T15:42:04Z,94,2,0
YYuh30tRd9o,https://www.youtube.com/watch?v=YYuh30tRd9o,Cova da Piedade 0 - 0 FC Famalicão (LEDMAN LigaPro 18/19),"Resumo do empate a zero entre Cova da Piedade e FC Famalicão e as palavras do técnico famalicense, Sérgio Vieira.",Futebol Clube de Famalicão,2019-02-26T15:26:58Z,22,0,0
XR6TH2mJ_G4,https://www.youtube.com/watch?v=XR6TH2mJ_G4,FC Famalicão 2 - 0 GD Estoril Praia (LEDMAN LigaPro 18/19),Os golos do FC Famalicão na vitória diante do Estoril Praia a contar para a LEDMAN LigaPro.,Futebol Clube de Famalicão,2019-02-26T15:51:07Z,3583,55,0
OIFcUHeOYuw,https://www.youtube.com/watch?v=OIFcUHeOYuw,Conferência Lus. Lourosa 1-1 (5-6 g.p.) FC Famalicão (3ª eliminatória Taça de Portugal),,Futebol Clube de Famalicão,2019-10-21T10:24:20Z,189,7,1
agkSY0EItKM,https://www.youtube.com/watch?v=agkSY0EItKM,"How Prester John Reshaped Maps, Diplomacy, and Distant Ambitions","A phantom kingdom altered real diplomacy, maps, and voyages because medieval Europe needed it to be true. The search for an eastern Christian superpower became one of history’s most revealing collisions between faith, fear, and geopolitics.

The Legend of Prester John A Kingdom That Never Was traces how a forged letter circulating by around 1165, likely addressed to the Byzantine court, convinced Latin Christendom that a mighty priest-king ruled a vast eastern empire of 72 provinces, immense wealth, and sacred authority. In the wake of Crusader defeats, popes, monarchs, envoys, and cartographers treated the story as plausible strategy, first linking it to Central Asia, the Mongols, and figures like Toghrul, then shifting the kingdom to Ethiopia as knowledge of the Christian Solomonic state expanded. Marco Polo, papal missions, Portuguese exploration under Prince Henry, and Pedro da Covilhã all fed the pursuit, while mappaemundi and later charts gave the myth geographic legitimacy. Renaissance textual criticism exposed the letter as a fabrication, and direct contact with Ethiopia showed a real Christian empire, not the crystal palaces, golden rivers, and marvel-filled realm of legend. Its endurance reveals how medieval myth, crusader politics, Christian diplomacy, and historical cartography could turn wishful thinking into policy.

#History #MedievalStudies #PresterJohn #Ethiopia #Crusades #Cartography #AgeOfExploration #HistoricalMystery",Lost Legends Vault,2026-04-01T22:46:48Z,0,0,0
bAJBr4MT6HU,https://www.youtube.com/watch?v=bAJBr4MT6HU,RD Águeda 1 - 0 FC Famalicão (Taça de Portugal 18/19),Resumo da Partida e Conferência de Imprensa Pós-Jogo de Sérgio Vieira,Futebol Clube de Famalicão,2019-02-26T14:52:16Z,56,1,0
cU4q_PB0kEU,https://www.youtube.com/watch?v=cU4q_PB0kEU,FC Famalicão x Sporting CP | Antevisão 4.ª jornada Liga 21-22,"O mister Ivo Vieira lança o jogo entre Futebol Clube de Famalicão e Sporting Clube de Portugal, respeitante à 4.ª jornada da Liga Portugal Bwin e agendado para as 20.30 horas do próximo sábado, no Estádio Municipal de Famalicão.",Futebol Clube de Famalicão,2021-08-26T13:11:03Z,286,13,0
dftycEcENBk,https://www.youtube.com/watch?v=dftycEcENBk,FC Famalicão x SL Benfica | Antevisão 14.ª jornada I Liga 21-22,"O mister Ivo Vieira faz a antevisão do jogo entre Futebol Clube de Famalicão e Sport Lisboa e Benfica, respeitante à 14.ª jornada da Liga Portugal Bwin e agendado para as 18 horas do próximo domingo, no Estádio Municipal de Famalicão.",Futebol Clube de Famalicão,2021-12-10T12:40:31Z,180,7,0
JTwAHVEdR6M,https://www.youtube.com/watch?v=JTwAHVEdR6M,FC Famalicão 4 - 2 FC Porto B (LEDMAN LigaPro 18/19),Os golos do FC Famalicão na reviravolta caseira frente ao FC Porto B.,Futebol Clube de Famalicão,2019-02-26T15:08:04Z,59,1,0
xGCWUyBeZSc,https://www.youtube.com/watch?v=xGCWUyBeZSc,FC Penafiel 1 - 2 FC Famalicão (LEDMAN LigaPro 18/19),"O resumo da vitória em Penafiel e a Conferência de Imprensa do técnico do FC Famalicão, Sérgio Vieira.",Futebol Clube de Famalicão,2019-02-26T16:01:46Z,99,2,0
4QwCiReV85g,https://www.youtube.com/watch?v=4QwCiReV85g,Conferência pós-jogo SL Benfica x FC Famalicão,"A análise do mister João Pedro Sousa ao encontro entre Sport Lisboa e Benfica e Futebol Clube de Famalicão, a contar para a 14.ª jornada da Liga NOS",Futebol Clube de Famalicão,2019-12-15T02:11:51Z,481,10,1
ajjmNg-DsJM,https://www.youtube.com/watch?v=ajjmNg-DsJM,Portimonense SC x FC Famalicão | Antevisão 10.ª jornada Liga NOS 20/21,"O mister João Pedro Sousa fez a projeção do jogo entre Portimonense Sporting Clube e Futebol Clube de Famalicão, referente à 10.ª jornada da Liga NOS e agendado para as 20h30 de sexta-feira, no Portimão Estádio.",Futebol Clube de Famalicão,2020-12-16T16:47:37Z,184,8,0
hQiODORCPA0,https://www.youtube.com/watch?v=hQiODORCPA0,Conferência de Imprensa de Antevisão (CD Mafra vs FC Famalicão - LEDMAN LigaPro 18/19),,Futebol Clube de Famalicão,2019-02-26T14:55:41Z,15,0,0
ILrc0kyUIds,https://www.youtube.com/watch?v=ILrc0kyUIds,FC Famalicão 1 - 0 Leixões SC (LEDMAN LigaPro 18/19),,Futebol Clube de Famalicão,2019-02-26T15:29:56Z,256,3,0
n0CjqNPV84U,https://www.youtube.com/watch?v=n0CjqNPV84U,Conferência de Imprensa de Antevisão (FC Famalicão vs FC Arouca - Allianz Cup 18/19),Conferência de imprensa de Sérgio Vieira na antevisão à partida da Allianz Cup entre FC Famalicão e FC Arouca. 🔵⚽,Futebol Clube de Famalicão,2019-02-26T13:22:46Z,20,0,0
UO1BynIvtFQ,https://www.youtube.com/watch?v=UO1BynIvtFQ,CNS 2014/15 FC Famalicão - Renovação Chico e Mércio,,Futebol Clube de Famalicão,2014-06-09T10:32:32Z,1281,9,0
DzlpSq0GA_g,https://www.youtube.com/watch?v=DzlpSq0GA_g,Resumo e Conferência de Imprensa Pós Jogo (FC Famalicão vs FC Penafiel - LEDMAN LigaPro 18/19),🎥🎙 O resumo do jogo e as declarações do nosso treinador Sérgio Vieira depois da vitória frente ao FC Penafiel.,Futebol Clube de Famalicão,2019-02-26T13:40:55Z,22,0,0
cfGbV9EPeC4,https://www.youtube.com/watch?v=cfGbV9EPeC4,Conferência de Imprensa Pós Jogo (FC Famalicão vs FC Paços de Ferreira - LEDMAN LigaPro 18/19),"🎙 Sérgio Vieira: ""Foi a organização, competitividade, o espírito de sacrifício e a energia que os adeptos colocaram em nós ao longo do jogo"".",Futebol Clube de Famalicão,2019-02-26T13:51:40Z,23,0,0
N6nQFLbNmfU,https://www.youtube.com/watch?v=N6nQFLbNmfU,CNS 2014/15 FC Famalicão - Renovação Jorge Miguel e Diego,,Futebol Clube de Famalicão,2014-06-20T10:56:15Z,691,3,0
lKTfiR0peTo,https://www.youtube.com/watch?v=lKTfiR0peTo,GlitterFish Tent @ Bimble  Lewes July 2016,,Pepster Muze,2016-08-02T16:06:17Z,473,7,1
xLMW8U_DhIw,https://www.youtube.com/watch?v=xLMW8U_DhIw,Mensaje Navideño Agata 2010.wmv,Feliz Año 2010 !!!!,Fernando Nava Bravo,2010-03-05T05:13:09Z,51,0,0
pEzSjII4tFc,https://www.youtube.com/watch?v=pEzSjII4tFc,Mexique 2011,Vacances au Mexique,Lucia Mendes,2013-01-16T11:51:57Z,80,0,0
tqGLNIF-o0o,https://www.youtube.com/watch?v=tqGLNIF-o0o,Mulheres reais,"A maioria das mulheres que fotografo nunca tinha feito uma sessão fotográfica.

São mulheres reais. Com histórias reais.

Algumas chegam curiosas. Outras chegam nervosas.

Mas quase todas saem com a mesma sensação: “Valeu a pena.”

Não é preciso experiência. Não é preciso saber posar.

Uma sessão de retrato feminino é apenas um momento para te veres de outra forma.

E isso pode acontecer a qualquer mulher.

📸 Retrato feminino em estúdio

📍 Covilhã | Portugal",João Lourenço Fotografia,2026-04-01T19:36:28Z,41,0,0
ue58ZjZWrmY,https://www.youtube.com/watch?v=ue58ZjZWrmY,"Larvas na carne bovina, um problema do campo…",,Pastora Lolly,2026-03-23T13:42:14Z,3026,331,49
Of6d0iATf04,https://www.youtube.com/watch?v=Of6d0iATf04,Vlog de uma imigrante comum em Portugal | Fim de semana na Covilhã + Praia fluvial ☀️🌊,"Oi, gente! 💛

No vlog de hoje, mostro um final de semana super relax na Covilhã com amigos e ainda conhecemos uma praia fluvial linda aqui em Portugal 🇵🇹. Foi um passeio leve, sem roteiro fixo, só curtindo e aproveitando o momento.

Se você gosta de acompanhar a vida real de uma imigrante por aqui, vai adorar ver esses lugares e sentir um pouco da tranquilidade dessa região. ☀️🌊

📍 Covilhã e Praia Fluvial – Portugal
🎥 Vlog leve e descontraído | Brasileira em Portugal

#VlogPortugal #ImigranteEmPortugal #BrasileirosEmPortugal #Covilhã #PraiaFluvial #VidaEmPortugal #TurismoPortugal",Janaina Cristina,2025-08-13T15:59:07Z,610,13,8
aQBGdQIlOh0,https://www.youtube.com/watch?v=aQBGdQIlOh0,Covilhã,"Sejam bem vindos.
Grupo criado em pró de auxiliar, quem queira vim para Portugal, ou já esteja aqui, com uma visão aberta do País, sem ser enganados por muitos que só querem se aproveitar com essas situações de um recém chegado.",imobrptcovilhã,2022-06-20T01:57:36Z,125,21,0
JkJdIrXJLtg,https://www.youtube.com/watch?v=JkJdIrXJLtg,Um glossário com palavras típicas da Covilhã,"Qual é a origem da palavra ""negociações""? Neste episódio, o Marco Neves ainda decidiu trazer palavras e expressões típicas da Covilhã. Sabe o que é um ""caganeirento"" ou o que quer dizer ""amarujar""?


See omnystudio.com/listener (https://omnystudio.com/listener)  for privacy information.",Observador Podcasts,2025-05-25T05:09:24Z,167,14,0
UWFaxgHDOpU,https://www.youtube.com/watch?v=UWFaxgHDOpU,Portugal em Histórias  - Covilhã,"No processo de escrever o meu livro de poemas sobre Portugal, resolvi trazer algumas das cidades, vilas e localidades que irei abordar no livro.

Hoje falo sobre a cidade de Covilhã

Deixo-vos aqui um pouco da sua origem e fundação, locais a visitar, assim como duas lendas: Lenda da Covilhã e a lenda de Teixeira (O monstro de olhos no focinho).

»»»»»»»»»»»»»»»»»»»»»»»»»»»»»»»»»»»»»«««««««««««««««««««««««««««««««««««

Susana Geadas é escritora, contista e poetisa.  
Membro da Sociedade de Autores Literários e das Mulheres & Poesias.
Com antologias e contos publicados na Amazon.
Foi uma das vencedoras do concurso literário O Legado de Edgar Allan Poe, da Revista Conexão Literatura, com o poema “Nas Sombras de Sintra”.
Neste momento, está a escrever um livro de poesias.

REDES SOCIAS:
 Email: osrabiscosdageadas@gmail.com
 Blog: https://osrabiscosdageadas.com/
 Newsletter: http://bit.ly/NewsletterRabiscos
 Autora Amazon: https://amzn.to/3qidmsz
 Instagram: https://www.instagram.com/osrabiscosdageadas/
 Facebook: https://www.facebook.com/osrabiscosdageadas/
 Pinterest: https://www.pinterest.pt/osrabiscosdageadas/
 YouTube: http://bit.ly/YouTubeRabiscos
 Spotify: http://bit.ly/SpotifyRabiscos

Fontes:
https://www.visitportugal.com/pt-pt/content/covilh%C3%A3
https://www.portugaldenorteasul.pt/11380/ja-comecou-a-nevar-descobre-os-locais-onde-neva-
https://www.vortexmag.net/12-locais-de-visita-obrigatoria-na-serra-da-estrela/2/",Os Rabiscos da Geadas,2021-06-22T09:00:20Z,92,3,2
GE9_ul4PDGA,https://www.youtube.com/watch?v=GE9_ul4PDGA,A Magia da Arte Urbana em Covilhã,"Cores e Formas: A Magia da Arte Urbana em Covilhã"":#Covilhã, #ArteUrbana, #StreetArt, #WoolFestival, #Cultura, #Portugal, #SerraDaEstrela, #Arte, #Muralismo, #CidadesCriativas, #TurismoCultural, #HistóriaDePortugal, #ArteContemporânea, #Graffiti, #IntervençãoUrbana, #CoresDaCovilhã, #MuralArt, #ArtistasUrbanos, #InspiraçãoUrbana, #CidadaniaCultural, #PatrimónioCultural, #ArteAoArLivre, #FestivalDeArte, #CovilhãÉArte, #VisiteCovilhã, #CidadesSustentáveis, #RotaDaArteUrbana, #ArtECommunity, #MuralismoPortugues, #ArteEIdentidade, #CidadesHistóricas, #ArteEmPortugal, #CovilhãStreetArt, #ArteETradicao, #UrbanArtFestival, #MuralArtists, #CulturaUrbana.",Family Fun Travel ,2024-11-17T19:00:14Z,16,5,0
52_-f7G3-Rk,https://www.youtube.com/watch?v=52_-f7G3-Rk,Moradia T5 Unifamiliar com piscina   Covilhã,"Fantástica Moradia T5 unifamiliar com piscina com vista para a Serra da Estrela.
Venha visitar a sua futura casa",Quinas Imobiliária,2024-05-03T17:04:56Z,160,1,0
NS7_a5UU2js,https://www.youtube.com/watch?v=NS7_a5UU2js,👮 Como é SEGURO VIVER na Covilhã aqui em Portugal! 🇵🇹 #34,"VLOG 34 - Compartilhamos a nossa experiência com relação a SEGURANÇA durante todo esse tempo que estamos a morar aqui na Covilhã cidade do interior de Portugal.

Moramos em Portugal já faz 11 meses e escolhemos Covilhã para ser atualmente nossa cidade e nosso lar.

Fique a vontade em comentar, o seu comentário é muito importante. 😀

Não clique aqui hein! https://tinyurl.com/53uwv377 👀

_____________________________________
Canal no Telegram:
https://t.me/+yV26kriSsIcxNTFh

English Course (Curso de Inglês):
https://wa.link/g8wc3j

Visto de Procura de Trabalho:
https://vistos.mne.gov.pt/pt/vistos-nacionais/documentacao-instrutoria/procura-de-trabalho

Link do Rank de Criminalidades em toda Portugal:
https://tinyurl.com/RankCrimesPortugal

_____________________________________
Nosso Instagram: 
https://www.instagram.com/jeffisuh
https://www.instagram.com/karine.suzy

_____________________________________
WISE (app de câmbio )
Transferir 500 euros sem tarifa é só acessar o link👇🏻
https://wise.com/invite/u/jeffersond489

_____________________________________

Deus em todo tempo é bom!

#portugal #moraremportugal #brasileirosemportugal",Jeff e Karine Vida em Portugal ,2023-01-06T21:00:16Z,735,60,9
Znbb_6zLXk0,https://www.youtube.com/watch?v=Znbb_6zLXk0,Quinta aprox. 6ha - Boidobra - Covilhã,"O Refúgio Perfeito entre o Rio Zêzere e a Serra da Estrela Uma oportunidade rara no coração da Beira Interior

Imagine viver ou investir num lugar onde o tempo abranda, o rio acompanha o olhar e a Serra da Estrela se estende, majestosa, diante de si. 

Esta propriedade única, banhada pelo rio Zêzere e com uma vista deslumbrante para a Serra, oferece uma combinação única de beleza natural, história e potencial turístico. 

Com quase 6 hectares de terreno maioritariamente plano, rico em vegetação diversificada — olival, vinha, árvores de fruto, zona de floresta autóctone e campos de cultivo — esta quinta oferece o cenário ideal para projetos de turismo sustentável, agricultura biológica ou simplesmente para a criação de um refúgio pessoal de tranquilidade e bem-estar. 

Entre as suas singularidades arquitetónicas, destacam-se várias casas de pedra granítica, com recantos pitorescos e um forno comunitário secular, que contam histórias de outros tempos e inspiram a reconstrução de uma pequena aldeia turística de charme, preservando o património e a alma da Beira. A componente habitacional inclui:

Três moradias térreas e uma moradia de dois andares a recuperar;

Dois barracões versáteis: um totalmente reabilitado (área: 150 m²), outro com grande potencial de conversão numa moradia de sonho (área: 250 m²), ambos com excelente exposição solar e vista panorâmica.

A propriedade dispõe de eletricidade, furo de água e acesso direto, ao longo de toda a margem, ao leito do rio, onde poderá desfrutar de agradáveis banhos e de momentos únicos de contemplação na natureza imersiva. Situada a apenas10 minutos da Covilhã, 20 minutos da Serra da Estrela e menos de 2 horas de Lisboa e do Aeroporto.

Esta quinta é um tesouro raro, que conjuga proximidade urbana com total imersão na natureza, ideal para quem procura qualidade de vida, investimento com identidade e um projeto de futuro com raízes no passado.

Aproveite esta oportunidade de ouro.

Transforme este lugar num lar, num destino ou numa história com o seu nome. 

Marque já a sua visita.  

Música: Simon Folwar - Raise Your Head
License code: EONP7DRVGDMPQTUQ",Equipa António Carlos,2025-05-20T10:00:54Z,115,1,0
x7YeFWCc2eY,https://www.youtube.com/watch?v=x7YeFWCc2eY,"Um Dia em Covilhã: Cultura, História e Natureza","Um Dia em Covilhã: Cultura, História e Natureza""

#Covilhã, #SerraDaEstrela, #Cultura, #História, #Natureza, #TurismoPortugal, #Lã, #MuseuDaLã, #PatrimónioJudaico, #AventurasAoArLivre, #TermasDeUnhais, #ArteUrbana, #WOOLFestival, #RotaDasIgrejas, #CaminhadasNaSerra, #GastronomiaLocal, #QueijosDaBeira, #VinhosRegionais, #HistóriaIndustrial, #FábricasReais, #CentroHistóricoCovilhã, #ParqueNaturalSerraDaEstrela, #DescubraCovilhã, #CidadesDePortugal, #BeiraInterior, #TurismoSustentável, #AtraçõesTurísticas, #ExperiênciasÚnicas, #CulturaEHistoria, #NaturezaDeslumbrante, #CaminhadasETrilhas, #CidadesUniversitárias, #PatrimônioCultural, #ExplorarPortugal, #ViagemEmFamília, #AventurasNaMontanha.",Family Fun Travel ,2024-11-12T19:00:29Z,9,3,0
4ueYbFD_-mE,https://www.youtube.com/watch?v=4ueYbFD_-mE,Taça de Portugal Placard: SC Salgueiros 2-1 SC Covilhã,"Taça de Portugal Placard - 3ª Eliminatória
SC Salgueiros 2-1 SC Covilhã

Canal oficial da Federação Portuguesa de Futebol
www.fpf.pt",Federação Portuguesa de Futebol,2020-11-23T14:02:32Z,3216,57,4
T4EbkLXtXUI,https://www.youtube.com/watch?v=T4EbkLXtXUI,WOOL 2018 | Covilhã Urban Art,"WOOL 2018 _ 5th edition
Covilhã, Portugal

2nd – 10th June



WOOL 2018 _ 5º edição
Covilhã, Portugal

2 - 10 Junho



Video
Direction | Realização _ Miguel Canaverde + Cláudio Gonçalves
Edition | Edição _ Miguel Canaverde
Music | Música _ Shlohmo - Beams + Filho Da Mãe - Camelos nas Levadas
Co-production video | Co-produção video _ Out of Frame Productions

+ info
Organization | Organização _ WOOL - Covilhã Arte Urbana
Financing and support | Financiamento e apoio _ Covilhã Município
Institutional Support | Apoio Institucional _ Turismo Centro de Portugal
Main Sponsors | Patrocinadores Principais _ CIN + Puralã - Wool Valley Hotel & SPA
Logistics Partners | Parceiros Logísticos _ Arroba | Tapas & Wine Bar + Beira Serra - Associação de Desenvolvimento Local + Graph & Co + Kraxas + Montana + MXC + Restaurante Repleto de Magia + Restaurante Varanda da Estrela + Retrosaria Rosa Pomar + Taberna A Laranjinha
Programme Partners | Parceiros Programação _ A Tentadora + Bombeiros Voluntários da Covilhã + Burel Factory + Escola Secundária Campos Melo + Le Non Lieu + Museu de Lanifícios da Universidade da Beira Interior + New Hand Lab
Media Partner | Parceiro Media _ At Covilhã
Artists | Artistas _ Pastel  (ARG) + Roc BlackBlock (ES) + Aheneah (PT) + Frederico Draw (PT) 
Workshop | Workshop _ André da Loba
Movie | Filme _ Olhares Lugares de Agnés Varda & JR + Graffiti Grandmas 
Concert | Concerto _ Filho da Mãe + Senhor Vulcão
Shows | Exposições _ Wool meets Roubaix #2
Talks + Guided Tours | Conversas + visitas guiadas
Photography | Fotografia _ Pedro Seixo Rodrigues


#woolfest #wool_urbanartfestival #covilhã #publicart #urbanart #streetart #socialart #community",WOOL | Covilhã Urban Art,2022-04-06T13:21:38Z,34,0,0
Ry-yF5VvYGM,https://www.youtube.com/watch?v=Ry-yF5VvYGM,🔴 TAÇA DE PORTUGAL GENERALI TRANQUILIDADE: SC COVILHÃ - REBORDOSA AC,"#canal11
#FutebolEmPortuguês

Consulta a nossa programação em: canal11.pt

👇
Segue-nos nas redes:
Facebook: https://www.facebook.com/Canal11
Instagram: https://www.instagram.com/canal_11/
Twitter: https://twitter.com/Canal_11Oficial",Canal 11,2024-11-24T17:17:41Z,13165,216,1
EBAb-87Y1nM,https://www.youtube.com/watch?v=EBAb-87Y1nM,APARTAMENTO T3 RIBEIRO NEGRO - COVILHÃ,"APARTAMENTO T3 Ribeiro Negro, Covilhã.

Na periferia da pitoresca cidade da Covilhã, está atualmente em fase de acabamento, prometendo ser a escolha ideal para quem valoriza qualidade de vida e conforto.

Características destacadas:

- Excelente exposição solar
- Cozinha totalmente equipada
A cozinha, totalmente equipada com forno, exaustor, máquina de lavar roupa e máquina de lavar louça, oferece um espaço funcional e prático. Além disso, proporciona acesso a um fantástico terraço, convidativo a momentos de lazer e convívio ao ar livre.

Duas casas de banho:
Uma casa de banho de serviço e outra completa, ambas com acabamentos de qualidade, garantindo conforto e funcionalidade.

Três quartos espaçosos:

Aparelhos de ar condicionado para o máximo conforto em todas as estações.

Janelas de vidro duplas para um isolamento térmico e acústico eficaz.

Espaço para dois carros, proporcionando comodidade e praticidade.

Logradouro espaçoso:
Com uma área generosa de 202,01 m2, o logradouro oferece a possibilidade de construir uma piscina, transformando-o num oásis privado.

Vistas deslumbrantes:
Desfrute de vistas panorâmicas que tornam cada momento especial.

Agende já a sua visita!",Sónia Barradas,2024-03-18T15:10:50Z,271,0,0
NjfgklgMtzA,https://www.youtube.com/watch?v=NjfgklgMtzA,Covilhã - Serra da Estrela 2023 Portugal - Gustavo Brazuka,"GUSTAVO BRAZUKA - Transformando Sabores Fit na Sua Cozinha! 🍏🍴

Bem-vindo ao canal Gustavo Brazuka, o destino definitivo para receitas irresistíveis e saudáveis! 🌿 Descubra um universo culinário sem glúten, sem lactose, sem ovos e repleto de opções low carb que não comprometem o sabor. Das receitas fit mais deliciosas até pratos que ajudam a emagrecer, aqui você encontrará inspiração diária para uma vida mais saudável e saborosa.

👨‍🍳 Sobre Mim:
Sou Gustavo Brazuka, apaixonado por culinária saudável! Compartilho receitas práticas, nutritivas e cheias de sabor. Seja você um entusiasta da cozinha ou alguém em busca de opções fit, low carb, sem glúten, sem lactose e sem ovos, este é o lugar certo para descobrir novos horizontes gastronômicos.

🥗 Receitas Fit, Low Carb e Sem Glúten:
Explore um cardápio diversificado, desde opções fit para o dia a dia até delícias low carb e sem glúten que agradam a todos os paladares. Cada receita é cuidadosamente elaborada para equilibrar saúde e sabor, proporcionando uma experiência gastronômica única.

✨ Destaques do Canal:

Receitas Fit para uma Vida Equilibrada
Delícias Low Carb e Sem Glúten que Encantam
Dicas Culinárias e Truques na Cozinha
🔔 Inscreva-se e Ative as Notificações:
Não perca nenhuma receita! Inscreva-se agora para embarcar nesta jornada gastronômica saudável e deliciosa. Ative as notificações para receber em primeira mão as melhores receitas e dicas do Gustavo Brazuka!

🤝 Vamos Cozinhar Juntos:
Agradeço por fazer parte desta comunidade. Vamos explorar juntos o mundo de sabores fit, low carb e sem glúten. Compartilhe suas experiências nos comentários e conecte-se nas redes sociais. Juntos, vamos transformar a cozinha em um lugar ainda mais especial!

#GustavoBrazuka #ReceitasFit #LowCarb #SemGlúten #SemLactose #SemOvos #Emagrecimento #CulináriaSaudávelGUSTAVO BRAZUKA - Transformando Sabores Fit na Sua Cozinha! 🍏🍴

Bem-vindo ao canal Gustavo Brazuka, o destino definitivo para receitas irresistíveis e saudáveis! 🌿 Descubra um universo culinário sem glúten, sem lactose, sem ovos e repleto de opções low carb que não comprometem o sabor. Das receitas fit mais deliciosas até pratos que ajudam a emagrecer, aqui você encontrará inspiração diária para uma vida mais saudável e saborosa.

👨‍🍳 Sobre Mim:
Sou Gustavo Brazuka, apaixonado por culinária saudável! Compartilho receitas práticas, nutritivas e cheias de sabor. Seja você um entusiasta da cozinha ou alguém em busca de opções fit, low carb, sem glúten, sem lactose e sem ovos, este é o lugar certo para descobrir novos horizontes gastronômicos.

🥗 Receitas Fit, Low Carb e Sem Glúten:
Explore um cardápio diversificado, desde opções fit para o dia a dia até delícias low carb e sem glúten que agradam a todos os paladares. Cada receita é cuidadosamente elaborada para equilibrar saúde e sabor, proporcionando uma experiência gastronômica única.

✨ Destaques do Canal:

Receitas Fit para uma Vida Equilibrada
Delícias Low Carb e Sem Glúten que Encantam
Dicas Culinárias e Truques na Cozinha
🔔 Inscreva-se e Ative as Notificações:
Não perca nenhuma receita! Inscreva-se agora para embarcar nesta jornada gastronômica saudável e deliciosa. Ative as notificações para receber em primeira mão as melhores receitas e dicas do Gustavo Brazuka!

🤝 Vamos Cozinhar Juntos:
Agradeço por fazer parte desta comunidade. Vamos explorar juntos o mundo de sabores fit, low carb e sem glúten. Compartilhe suas experiências nos comentários e conecte-se nas redes sociais. Juntos, vamos transformar a cozinha em um lugar ainda mais especial!

#gustavobrazuka #receitasfaceis  #receitafit",Gustavo Brazuka,2023-01-20T08:37:56Z,2286,106,19
RAO7caFOLKg,https://www.youtube.com/watch?v=RAO7caFOLKg,"Liga 3 (10ª Jorn., Série B): Atlético CP 1-1 SC Covilhã","Liga 3
10ª Jornada, Série A
SC Vianense 0-1 AD Fafe

Canal oficial da Federação Portuguesa de Futebol
www.fpf.pt",Federação Portuguesa de Futebol,2023-12-01T18:28:00Z,1023,33,0
NwmDdh1d0Xg,https://www.youtube.com/watch?v=NwmDdh1d0Xg,"#estamosaqui na Covilhã | o que comer, o que visitar, onde trabalhar","A equipa do #estamosaqui rumou a Norte para conhecer a bonita cidade da Covilhã e para perceber porque é que os seus habitantes gostam de viver e trabalhar por lá 🙂

Recorda todos os vídeos desta viagem aqui no youtube e no nosso website 👉🏼 https://www.randstad.pt/o-que-fazemos/estamosaqui/

____

Quem somos?

A Randstad é a empresa número 1 no sector de Recursos Humanos a nível mundial e líder em Portugal onde:

- conta com 450 colaboradores internos;
- coloca cerca de 30 mil pessoas a trabalhar diariamente; 
- presença nacional através de delegações, contact centres e localizações Inhouse.

____

Se estás à procura de emprego podes encontrar várias ofertas de emprego no nosso site (https://www.randstad.pt) ou se preferires, fala connosco através do número gratuito 800 244 244 para te ajudarmos a encontrar o emprego certo para ti! 🤗 Boa sorte!

____

Encontra-nos nas redes sociais:
https://www.randstad.pt
https://www.instagram.com/randstadpt/
https://www.linkedin.com/company/randstad-portugal
https://www.facebook.com/RandstadPT
https://twitter.com/Randstad_pt

#randstad #emprego #randstadportugal #recrutamento #recursoshumanos",Randstad Portugal,2023-01-13T11:52:25Z,810,7,0
MaEC0kylqps,https://www.youtube.com/watch?v=MaEC0kylqps,"Liga 3 (10.ª Jorn., Série B): SC Covilhã 2-0 CA Pêro Pinheiro","Liga 3
10.ª Jornada
Série B
SC Covilhã 2-0 CA Pêro Pinheiro

Canal oficial da Federação Portuguesa de Futebol
www.fpf.pt",Federação Portuguesa de Futebol,2023-11-05T17:54:16Z,491,20,0
jxKanYgZ59E,https://www.youtube.com/watch?v=jxKanYgZ59E,"FC Alverca 1 - 0 SC Covilhã | Liga 3 (Ronda 5, Ap. Campeão)","FC Alverca 1 - 0 SC Covilhã | Liga 3 (Ronda 5, Ap. Campeão)",Federação Portuguesa de Futebol,2024-03-09T23:55:07Z,566,12,1
ypbt06bf-kg,https://www.youtube.com/watch?v=ypbt06bf-kg,Marchas Populares Cidade da Covilhã 2025 - Junta de Freguesia de Tortosendo,"Marchas Populares Cidade da Covilhã 2025
Junta de Freguesia de Tortosendo

Este ano de 2025, cada Marcha recebe o apoio de cinco mil euros, o que representa, segundo a autarquia, um aumento de mais quinhentos euros relativamente a 2024.

Na ordem definida por sorteio, a Marcha da Junta de Freguesia de Tortosendo desfila na oitava posição.

""Eu sou Marchante"" é o tema definido por esta Marcha, uma homenagem a todos os marchantes que levam cor e alegria ao coração da cidade da Covilhã.",Beira Baixa TV,2025-06-09T18:45:18Z,270,4,0
Y8ViRVZRvSQ,https://www.youtube.com/watch?v=Y8ViRVZRvSQ,"Liga 3 Placard | Resumo | Académica OAF 2 - 1 SC Covilhã | Jornada 3, Série 2","Liga 3 Placard | Puro Futebol
Acompanha as competições da FPF na app ou em https://canal11.pt
Vê todos os resultados em https://resultados.fpf.pt
Redes sociais:
Instagram https://www.instagram.com/liga3fpf
Facebook https://www.facebook.com/FPFLiga3
Site Oficial FPF | https://www.fpf.pt
Bilheteira Oficial | https://bilheteira.fpf.pt
Loja Oficial | https://portugalstore.fpf.pt
Clube de fãs | https://portugal.fpf.pt
Vem jogar| https://vemjogar.fpf.pt #Liga3Placard  #PuroFutebol  #AcadémicaOAF  #SCCovilhã  #HIghlights",Federação Portuguesa de Futebol,2025-03-01T19:53:37Z,1203,26,0
BWO6-_nHOIc,https://www.youtube.com/watch?v=BWO6-_nHOIc,🔴 LIGA 3 APURAMENTO CAMPEÃO: LUSITÂNIA LOUROSA FC - SC COVILHÃ,"#canal11
#FutebolEmPortuguês

Consulta a nossa programação em: canal11.pt

👇
Segue-nos nas redes:
Facebook: https://www.facebook.com/Canal11
Instagram: https://www.instagram.com/canal_11/
Twitter: https://twitter.com/Canal_11Oficial",Canal 11,2024-04-14T19:05:42Z,12695,135,1
cr9cyh_W8jk,https://www.youtube.com/watch?v=cr9cyh_W8jk,"Liga 3 Placard | Resumo | Caldas SC 1 - 1 SC Covilhã | Jornada 9, Fase de Manutenção","Liga 3 Placard | Puro Futebol

Acompanha as competições da FPF na app ou em https://canal11.pt

Vê todos os resultados em https://resultados.fpf.pt

Redes sociais:
Instagram https://www.instagram.com/liga3fpf
Facebook https://www.facebook.com/FPFLiga3

Site Oficial FPF | https://www.fpf.pt
Bilheteira Oficial | https://bilheteira.fpf.pt
Loja Oficial | https://portugalstore.fpf.pt
Clube de fãs | https://portugal.fpf.pt
Vem jogar | https://vemjogar.fpf.pt

#Liga3Placard  #PuroFutebol  #CaldasSC  #CaldasSC  #Highlights",Federação Portuguesa de Futebol,2026-04-25T23:13:37Z,180,7,0
OMgmtJZYTA0,https://www.youtube.com/watch?v=OMgmtJZYTA0,"Covilhã, cidade neve - Song about the city of Covilhã [PT-PT]","""Covilhã, snow city"" is a song (a fado) composed by Joaquim Pedro Gonçalves, and the song was immortalized by the voice of the ""Fado Queen"", Amália Rodrigues; in 1970, the centenary of Covilhã.

The translation process in this one was pretty tough, as it is usually in portuguese but specially in fado, since the use of words is positioned specifically to have a double meaning and make us intrepret it on time. 

I made my best, and I hope everyone enjoys!

__________________________________

Um obrigado especial ao senhor que comentou no vídeo anterior a sugerir este tema.

Viva Portugal e viva Covilhã!",Radiofonia Lusitana,2022-10-23T07:00:15Z,6108,183,14
cE-QzvCxteQ,https://www.youtube.com/watch?v=cE-QzvCxteQ,"Moradia T3 com vista deslumbrante em Cantar-Galo, Covilhã","Descubra esta encantadora moradia unifamiliar em Cantar-Galo, situada numa zona tranquila onde a serenidade e a paisagem da Cova da Beira são protagonistas.

Composta por 2 pisos, oferece:
• 3 quartos com ar condicionado
• Sala confortável também equipada com ar condicionado
• 2 casas de banho
• Cozinha funcional
• Espaço de arrumos no rés-do-chão

No exterior, um agradável terraço com barbecue convida a momentos únicos em família e amigos, perfeito para aproveitar os dias de sol.
Se procura conforto, tranquilidade e uma vista inspiradora, esta pode ser a sua próxima casa.

Fale connosco para mais informações ou agende já a sua visita!
Simonton Oliveira
+351 968 262 799
geral@immoleven24.pt
IMMOLEVEN 24 – Covilhã
+351 275 332 330

IMMOLEVEN 24 – A sua imobiliária premium
AMI: 23701

#IMMOLEVEN24 #Covilhã #Imobiliário #CasaNova #CovaDaBeira",Immoleven 24,2026-04-06T10:28:56Z,33,1,0
bRQASxdrFow,https://www.youtube.com/watch?v=bRQASxdrFow,Destino Portugal - Covilhã,"A Covilhã, situada na encosta da Serra da Estrela, em Portugal, possui uma história profundamente ligada à sua posição geográfica e ao desenvolvimento da indústria têxtil. A sua origem remonta a tempos antigos, com vestígios de ocupação romana, embora tenha sido durante a Idade Média que ganhou maior relevância, especialmente após a reconquista cristã, quando recebeu foral no século XII, durante o reinado de D. Sancho I. Ao longo dos séculos, a cidade desenvolveu-se como um importante centro estratégico e comercial, beneficiando da proximidade às rotas que atravessavam a região montanhosa.

Com o passar do tempo, a Covilhã destacou-se sobretudo pela produção de lã, tornando-se um dos principais polos industriais do país entre os séculos XVIII e XIX. A cidade ficou conhecida como a “Manchester portuguesa”, devido à concentração de fábricas têxteis e ao dinamismo económico que daí resultou. Este crescimento trouxe também transformações sociais e urbanas, com o surgimento de bairros operários e infraestruturas ligadas à indústria.

No século XX, com a crise e declínio da indústria têxtil tradicional, a Covilhã enfrentou desafios económicos significativos, mas conseguiu reinventar-se gradualmente. Hoje, a cidade combina o seu património industrial com uma nova identidade centrada no conhecimento e na inovação, sendo sede da Universidade da Beira Interior, que ocupa antigos edifícios industriais recuperados. Assim, a Covilhã mantém viva a sua história, conciliando tradição e modernidade num cenário marcado pela proximidade à Serra da Estrela.

Este vídeo é um recorte de um programa da primeira temporada da série.",Destino Portugal,2026-04-17T12:01:20Z,111,16,0
599B-6VFiSs,https://www.youtube.com/watch?v=599B-6VFiSs,"Penhas da Saúde, Covilhã, Portugal.",,Gama Discovery,2024-03-05T15:56:19Z,979,20,0
2fx8aWqzgDQ,https://www.youtube.com/watch?v=2fx8aWqzgDQ,Covilhã na Serra da Estrela,,Katansflydrones,2025-02-26T15:09:16Z,24,0,0
KrJ1RDwvVNs,https://www.youtube.com/watch?v=KrJ1RDwvVNs,Relato à Dragão em Covilhã #futebol #fcportoallaround #fcporto,,Rádio Portuense,2025-01-23T10:33:36Z,95,5,0
5x5nJ4G4Ug4,https://www.youtube.com/watch?v=5x5nJ4G4Ug4,VENDIDO | MORADIA T6 | Barroca Grande  - Covilhã | Oportunidade Única|  Vistas Fantásticas,"RESERVADO 🏡 Moradia T6 na Barroca Grande – São Francisco de Assis, Covilhã

Entre o verde das encostas e o legado histórico das minas da Panasqueira, esta moradia aguarda uma nova vida — talvez a sua.

Inserida num lote de 750 m², o terreno estende-se em terraços típicos de serra, murado e vedado, com árvores de fruto, vinha e plantas decorativas que dão cor e autenticidade ao espaço.
A propriedade é acessível a veículos, dispõe de garagem ampla, uma segunda garagem a apenas 20 metros e vários anexos exteriores ideais para arrumos, atelier ou zona de lazer. Existe ainda uma churrasqueira, perfeita para os dias de convívio com vista para o vale.

A casa principal, de tipologia T6, desenvolve-se em cave e dois pisos:

🔹 Cave – Acesso independente pelo exterior, ideal para adega ou zona de armazenamento de ferramentas e produtos agrícolas.
🔹 Rés do chão – Cozinha com saída direta para o exterior, sala com lareira, três quartos, despensa e casa de banho completa com janela.
🔹 1.º piso – Três quartos adicionais, sala com acesso a um amplo terraço panorâmico com vistas abertas sobre o vale. Casa de banho completa com janela.
A moradia necessita de renovação geral e de intervenção para resolver algumas infiltrações, resultado dos anos em que esteve fechada — mas a estrutura sólida e o enorme potencial tornam-na uma excelente base para reabilitar e personalizar ao teu gosto.

📍 Localização e distâncias:
Covilhã – 40 km
Fundão – 32 km
Serra da Estrela – 60 km
A23 – 34 km
Lisboa – 272 km
A aldeia conta com um grande supermercado, cafés e serviços locais. As praias fluviais e restaurantes ficam a cerca de 8 km, oferecendo o melhor equilíbrio entre o sossego rural e a conveniência do dia a dia.

🌄 Ideal para quem procura tranquilidade, contacto com a natureza e o charme de uma aldeia beirã com história, esta é uma moradia que pode tornar-se numa autêntica casa de família, refúgio de fim de semana ou investimento turístico.


NOTA: Imóvel sem possibilidade de financiamento para habitação. 


🔗 Contacto para mais informações:

📧 filipelobo@goldenlist.pt
📞 +351926989411

https://linktr.ee/filipelobo_goldenlist

@GoldenlistImobiliária
🌟 Não te esqueças de deixar o teu like 👍, partilhar este vídeo e seguir para não perder as melhores oportunidades no mercado imobiliário!

📌 Licença AMI 23552 ‪‪@GoldenlistImobiliária‬ ‬

#Barrocagrande #covilhã #moradiaemportugal #serra #filipelobo #goldenliist",Filipe Lobo | Agente Imobiliário,2025-11-10T15:08:16Z,13954,471,27
hM_47lCBEE4,https://www.youtube.com/watch?v=hM_47lCBEE4,3 meses morando no interior de Portugal | Morar na Covilhã. Ep. 17,"Completamos 3 meses morando em Portugal!!!!
Respondemos algumas perguntas sobre nossa experiência morando no interior de Portugal, morando na cidade da Covilhã.
Quanto dinheiro precisa pra morar em Portugal? Brasileiros sofrem discriminação no interior de Portugal? Descubra as respostas para estas e outras perguntas sobre morar em Portugal neste vídeo.
______________________________
Já pensou em trabalhar em Portugal ou em qualquer lugar do mundo? Acesse:
https://is.gd/NomadeDigital

https://is.gd/ProfissaoNomade
________________________________
Sabia que Portugal é muito mais que Lisboa, Porto e Braga?
Conheça e se apaixone pela Covilhã!
________________________________

Patrícia:@patricial1nhares
Hudson: @hudsonaap
________________________________",Centrados em Portugal,2021-03-13T21:30:24Z,11951,1052,140
neCT3tpT5No,https://www.youtube.com/watch?v=neCT3tpT5No,TASCA NA COVILHÃ 10€ #portugal #covilhã #comida,,Afonso Melara ,2026-04-11T17:00:55Z,888,24,0
bh7D-_QYkCU,https://www.youtube.com/watch?v=bh7D-_QYkCU,"HIGHLIGHTS · Aqui à BEYRA com Victória Aguiar | Museu dos Lanifícios, Covilhã","Relembramos o primeiro concerto do projeto Aqui à BEYRA, que contou com a brilhante prestação da harpista Victória Aguiar, no passado dia 28 de março no Museu dos Lanifícios (Covilhã).
Reliving the first concert of the Aqui à BEYRA project, featuring harpist Victória Aguiar, held this past March 28th, at Museu dos Lanifícios (Covilhã).

🇵🇹
O Aqui à BEYRA é um ciclo de concertos de música de câmara protagonizado por jovens músicos do BEYRA Laboratório Artístico – Ensemble Orquestral da Beira Interior (EOBI), que tem como missão aproximar públicos, promover a fruição musical em diferentes contextos e reforçar o compromisso do projeto BEYRA com a educação e a participação cultural, em particular junto da comunidade escolar e da comunidade sénior.

O programa, que confere à harpa o papel de protagonista, propõe uma viagem pelo lirismo e pela expressividade, reunindo obras de diversas escolas nacionais com um enfoque particular no repertório francês. No seu conjunto, o alinhamento — comentado pela própria intérprete — cria uma atmosfera intimista e profundamente musical, celebrando o instrumento através de uma seleção que atravessa as sensibilidades estéticas do século XIX ao início do século XX.

🇬🇧
Aqui à BEYRA is a chamber music concert series featuring young musicians from the BEYRA Laboratório Artístico – Ensemble Orquestral da Beira Interior (EOBI). Its mission is to bring audiences closer together, promote musical appreciation in diverse contexts, and strengthen the BEYRA project’s commitment to education and cultural engagement, particularly within school and senior communities.

The program, which highlights the harp as the central instrument, offers a journey through lyricism and expressiveness, bringing together works from various national schools with a particular focus on French repertoire. As a whole—and featuring commentary by the harpist herself—the selection creates an intimate and deeply musical atmosphere, celebrating the harp through a repertoire that spans the artistic sensibilities of the 19th and early 20th centuries.

//

Aqui à BEYRA
Victória Aguiar, harp
28 march 18h00 – Museu dos Lanifícios
Aprox. duration 50 min – M6

PROGRAM:
M. Samuel Rousseau: Les variations pastorales sur un vieux nöel
M. Glinka: Nocturne
A.Hasselmans:  Chanson de Mai, Op. 40 
M. Delmás: Prière 
F. Godefroid: La Harpe Eolienne
G. Fauré: Pie Jesu
C. Debussy: Prelude nº8 “La Fille au cheveux de lin”

NEXT DATES:
Aqui à BEYRA#3, with Tiago Anjinho (cello) and Isolda Lidegran (violin)
📆 15.05 18h30
📍 Capela da Misericórdia, Fundão
📆 16.05 18h00
📍 Museu de Lanifícios, Covilhã

“Titã”, Ensemble Orquestral da Beira Interior (EOBI)
Bruno Borralhinho, musical direction
📆 29.05 21h30
📍 Teatro Municipal da Covilhã

Aqui à BEYRA#4, with Cecilia Quartet
📆 01.10 18h30
📍 Casino Fundanense, Fundão
📆 03.10 18h00
📍 Museu de Lanifícios, Covilhã
 
Aqui à BEYRA#5, with Ana González (oboe) and António Figueiredo (piano)
📆 06.11 18h30
📍 Casino Fundanense, Fundão
📆 07.11 18h00
📍 Teatro Municipal da Covilhã, Foyer

Aqui à BEYRA#6, with KODU Percussion Group
📆 20.11 18h30
📍 Casino Fundanense, Fundão
📆 21.11 18h00
📍 Museu de Lanifícios, Covilhã 

“Ecos de Futuro”, Ensemble Orquestral da Beira Interior (EOBI)
Peter Rundel, musical direction 
Filipe Quaresma, cello
João Barradas, accordion
📆 12.12 18h00
📍 Igreja Matriz do Fundão

CREDITS:
Eunice Abranches d’Aguiar |  soprano
Victoria Aguiar |  harp
Filipe Quaresma |  artistic direction
Vanessa Pires |  executive direction
Ana Morais |  production
Tatiana Vargas |  production support
Daniela Pinto, Inês Fernandes |  communication
Abel Andrade, Joana Pereira | photo & video 

SUPPORT:
Município da Covilhã;
Município do Fundão;
República Portuguesa - Ministério da Cultura, Juventude e Desporto / Direção Geral das Artes;
Casa da Música;
ESMAE;
Conservatório de Música da Covilhã;
Academia de Música e Dança do Fundão;
EPABI;
Antena 2.

+info:
https://artway.pt/producoes_single/beyra-laboratorio-artistico/",Artway Music,2026-04-21T11:46:18Z,1,0,0
bh2XuaDJKIU,https://www.youtube.com/watch?v=bh2XuaDJKIU,Ep #03 Wool Festival Arte Urbana | CONHECENDO A COVILHÃ - Interior Portugal | Catarinas em Portugal,"Oie amiguinhos,


Hoje vamos dar continuidade a série: CONHECENDO A COVILHÃ.


Antes de nos mudarmos para Portugal, buscamos no Youtube conteúdos para decidirmos qual seria o nosso novo lar, mas não tinham muitos. Chegamos aqui e nos apaixonamos, dá vontade de fazer um vídeo por dia, então pensamos:


Vamos criar um série e mostrar para todo mundo, quem quer mudar de país, quem quer somente conhecer, para quem já passou por aqui e quer matar as saudades e para quem está por aqui e se sente tão orgulhosos quanto a gente de tanta belezura! 🎥



Hoje vamos homenagear o Wool Festival de Arte Urbana que colore a Covilhã e a projeta inclusive mundialmente. Esperamos que vocês gostem!!!


Se gostou do vídeo, se inscreve no nosso canal, deixa um like bem lindo e um comentário ~respondemos todos 😍

Segue a gente nas nossas redes sociais:

Catarinas: https://www.instagram.com/catarinasemportugal/
Carol: https://www.instagram.com/caaroldana/
Rafa: https://www.instagram.com/rafaelawilke/

🚀🌏♥️",Catarinas em Portugal,2021-04-04T21:05:00Z,1337,97,26
ZblyXu1zvBY,https://www.youtube.com/watch?v=ZblyXu1zvBY,Música Rural na Covilhã,"Teaser de abertura do Música Rural na Cidade de Covilhã em Portugal. 
Maio de 2022.

Espetáculo Música Rural - incentivo FUNCULTURA/Secult - Governo do Estado de Pernambuco, nos projetos: AMATA desbravando Portugal e AMATA na Mata.
Coordenação Geral: Joana D'Arc Ribeiro",AMATA Produção,2023-01-18T19:07:10Z,67,7,0
